order_id,customer_id,product_id,order_date,quantity,unit_price,order_status,line_revenue
1000,583,51,2025-10-04 11:48:06.320769,1,63.65,Returned,63.65
1001,206,57,2024-03-27 23:13:46.497634,1,98.49,Completed,98.49
1002,256,20,2024-11-24 14:01:26.022281,1,180.69,Returned,180.69
1003,370,36,2025-09-14 14:21:27.173261,3,33.56,Completed,100.68
1004,281,49,2024-11-19 01:35:01.255126,1,215.69,Completed,215.69
1005,476,44,2024-01-27 06:23:21.132766,1,220.71,Completed,220.71
1006,651,38,2024-05-09 02:44:52.481039,1,220.99,Completed,220.99
1007,698,9,2025-04-26 08:52:52.294133,1,139.91,Completed,139.91
1008,609,19,2025-07-22 22:46:51.118055,2,245.83,Completed,491.66
1008,609,20,2025-07-22 22:46:51.118055,4,237.72,Completed,950.88
1009,486,58,2025-10-07 19:56:52.847529,1,199.54,Completed,199.54
1010,359,4,2024-04-29 19:48:25.756403,1,100.31,Completed,100.31
1011,265,16,2024-11-10 09:31:59.466990,1,103.54,Completed,103.54
1012,706,55,2024-08-16 02:17:36.643031,1,173.05,Completed,173.05
1013,51,14,2024-10-11 00:41:24.717220,1,234.6,Completed,234.6
1014,586,23,2025-07-11 17:28:30.496090,4,18.33,Completed,73.32
1015,220,57,2025-02-19 06:20:36.664074,1,98.49,Returned,98.49
1015,220,28,2025-02-19 06:20:36.664074,1,29.06,Completed,29.06
1016,694,58,2024-12-24 02:30:03.710798,2,199.54,Completed,399.08
1017,668,9,2025-02-08 06:17:38.058279,1,169.69,Completed,169.69
1018,21,52,2025-01-28 18:09:16.580502,1,195.32,Completed,195.32
1019,786,3,2024-12-08 23:13:04.835010,1,101.78,Completed,101.78
1020,486,54,2025-02-14 10:42:53.298675,1,29.61,Completed,29.61
1020,486,35,2025-02-14 10:42:53.298675,2,241.49,Completed,482.98
1021,616,26,2024-04-24 02:34:04.678325,1,152.0,Cancelled,152.0
1022,230,7,2024-02-10 16:30:51.999049,1,144.55,Completed,144.55
1023,313,47,2024-07-11 06:36:36.164712,1,89.76,Completed,89.76
1024,727,38,2025-03-07 11:06:37.723576,1,220.99,Completed,220.99
1025,434,30,2024-10-02 19:00:56.853625,1,133.76,Completed,133.76
1025,434,5,2024-10-02 19:00:56.853625,2,18.8,Completed,37.6
1026,471,35,2025-05-08 20:03:57.495779,1,241.49,Completed,241.49
1026,471,44,2025-05-08 20:03:57.495779,1,220.71,Completed,220.71
1027,694,16,2025-07-13 12:34:04.240954,1,103.54,Completed,103.54
1028,639,59,2024-07-26 15:20:44.496458,1,179.72,Completed,179.72
1028,639,34,2024-07-26 15:20:44.496458,1,123.69,Completed,123.69
1029,679,57,2024-02-14 20:08:52.790918,1,98.49,Completed,98.49
1030,384,12,2025-03-07 00:55:08.518726,1,101.68,Completed,101.68
1030,384,11,2025-03-07 00:55:08.518726,1,63.06,Completed,63.06
1031,290,46,2024-04-03 14:01:48.270454,4,73.0,Completed,292.0
1031,290,47,2024-04-03 14:01:48.270454,1,68.47,Completed,68.47
1032,284,42,2024-09-24 11:30:17.456254,2,157.62,Completed,315.24
1033,284,6,2025-08-13 23:22:33.783225,1,71.74,Completed,71.74
1033,284,6,2025-08-13 23:22:33.783225,2,71.74,Completed,143.48
1034,668,17,2025-03-02 07:06:05.242391,1,16.4,Completed,16.4
1034,668,54,2025-03-02 07:06:05.242391,1,26.74,Completed,26.74
1035,59,34,2025-07-12 14:11:57.251882,1,145.12,Returned,145.12
1036,615,3,2025-04-01 08:40:50.029568,1,101.78,Cancelled,101.78
1036,615,18,2025-04-01 08:40:50.029568,2,133.07,Completed,266.14
1037,144,13,2024-10-04 19:38:44.080724,1,241.68,Completed,241.68
1038,672,51,2024-11-08 13:09:22.656612,2,80.72,Completed,161.44
1039,303,13,2025-12-25 02:53:08.008110,1,241.68,Completed,241.68
1040,429,12,2024-10-27 17:00:23.892534,1,101.68,Completed,101.68
1041,755,11,2024-02-11 04:59:26.898132,1,56.23,Completed,56.23
1042,586,2,2024-06-27 06:53:24.324447,1,72.13,Completed,72.13
1043,352,35,2024-06-20 06:34:44.361642,1,241.49,Completed,241.49
1044,228,43,2024-08-15 19:59:01.446228,1,105.22,Completed,105.22
1045,654,45,2024-03-03 00:10:45.216269,1,19.93,Completed,19.93
1046,688,22,2025-05-17 05:36:24.874988,3,59.28,Completed,177.84
1047,308,56,2025-09-26 07:49:41.206604,1,125.24,Completed,125.24
1047,308,11,2025-09-26 07:49:41.206604,2,63.06,Completed,126.12
1048,572,42,2024-03-24 13:32:13.612918,4,157.62,Completed,630.48
1049,100,15,2024-05-03 22:31:56.302979,1,65.03,Completed,65.03
1049,100,34,2024-05-03 22:31:56.302979,1,145.12,Cancelled,145.12
1049,100,2,2024-05-03 22:31:56.302979,2,72.13,Completed,144.26
1050,573,42,2025-01-28 01:03:45.214619,1,157.62,Completed,157.62
1051,188,14,2024-01-28 06:51:21.355060,1,234.6,Completed,234.6
1051,188,44,2024-01-28 06:51:21.355060,1,220.71,Completed,220.71
1051,188,14,2024-01-28 06:51:21.355060,2,234.6,Completed,469.2
1052,228,28,2025-04-25 04:05:29.833770,1,29.06,Completed,29.06
1053,763,46,2024-11-04 09:43:39.577938,1,73.0,Completed,73.0
1054,431,16,2025-01-10 18:35:31.552810,1,103.54,Completed,103.54
1055,340,5,2024-11-03 10:56:40.012328,1,18.8,Completed,18.8
1056,600,34,2024-01-15 21:26:52.147554,3,145.12,Completed,435.36
1057,121,46,2024-12-08 21:08:32.171823,1,73.0,Completed,73.0
1058,650,34,2024-01-17 05:34:57.462736,3,145.12,Completed,435.36
1058,650,30,2024-01-17 05:34:57.462736,1,133.76,Completed,133.76
1059,73,57,2024-08-19 01:19:51.880827,1,98.49,Returned,98.49
1060,200,52,2025-02-20 08:35:38.519402,1,195.32,Completed,195.32
1061,698,37,2024-08-23 08:49:20.569924,1,198.15,Completed,198.15
1062,306,36,2024-03-12 08:09:13.652623,4,33.56,Completed,134.24
1063,155,37,2024-12-22 12:02:34.727653,2,156.55,Completed,313.1
1063,155,34,2024-12-22 12:02:34.727653,2,145.12,Cancelled,290.24
1064,584,33,2025-05-19 07:56:11.970283,1,35.23,Completed,35.23
1065,469,59,2024-05-30 07:30:49.300240,1,165.79,Completed,165.79
1066,185,34,2024-12-28 14:44:02.658033,1,145.12,Completed,145.12
1066,185,53,2024-12-28 14:44:02.658033,1,184.37,Completed,184.37
1067,647,13,2025-08-15 08:43:47.114111,1,241.68,Completed,241.68
1068,321,55,2025-05-02 04:37:47.874582,1,229.05,Completed,229.05
1069,5,20,2024-05-01 15:18:31.889893,1,237.72,Returned,237.72
1070,215,25,2024-08-06 15:36:22.052930,2,207.06,Completed,414.12
1070,215,27,2024-08-06 15:36:22.052930,3,183.96,Completed,551.88
1071,783,13,2025-12-08 16:22:27.222266,2,241.68,Completed,483.36
1072,782,60,2024-05-27 06:48:40.111154,1,196.88,Completed,196.88
1073,133,6,2025-04-08 20:58:56.607098,2,71.74,Completed,143.48
1073,133,58,2025-04-08 20:58:56.607098,4,199.54,Completed,798.16
1074,414,50,2025-12-12 02:21:33.347853,1,243.34,Completed,243.34
1074,414,34,2025-12-12 02:21:33.347853,1,145.12,Completed,145.12
1075,5,36,2024-02-24 23:37:37.554481,1,26.51,Completed,26.51
1075,5,21,2024-02-24 23:37:37.554481,1,237.67,Completed,237.67
1076,15,13,2025-09-12 17:51:24.851820,1,241.68,Completed,241.68
1077,776,43,2024-06-05 06:41:00.375161,1,105.22,Completed,105.22
1077,776,18,2024-06-05 06:41:00.375161,1,133.07,Completed,133.07
1078,693,38,2024-07-12 13:31:02.447425,1,198.17,Cancelled,198.17
1079,232,42,2024-08-05 01:03:04.007636,1,157.62,Completed,157.62
1080,353,56,2025-02-22 16:04:57.161387,1,125.24,Completed,125.24
1081,106,11,2025-08-10 08:38:41.649032,1,63.06,Returned,63.06
1081,106,33,2025-08-10 08:38:41.649032,1,35.23,Returned,35.23
1082,172,44,2025-03-31 22:30:23.478325,1,167.55,Completed,167.55
1082,172,39,2025-03-31 22:30:23.478325,1,71.92,Completed,71.92
1083,467,38,2025-11-30 07:07:38.752882,1,220.99,Completed,220.99
1084,611,13,2025-06-07 22:13:26.004832,1,241.68,Completed,241.68
1084,611,8,2025-06-07 22:13:26.004832,1,176.55,Completed,176.55
1085,704,37,2025-02-26 01:56:44.539375,1,198.15,Completed,198.15
1085,704,34,2025-02-26 01:56:44.539375,1,145.12,Completed,145.12
1086,502,31,2025-03-08 01:28:07.547996,1,10.99,Completed,10.99
1086,502,22,2025-03-08 01:28:07.547996,2,59.28,Completed,118.56
1087,414,7,2024-07-18 13:21:12.981403,2,114.9,Completed,229.8
1088,135,33,2025-02-17 11:49:25.408787,1,35.23,Completed,35.23
1089,23,32,2025-01-22 16:14:06.978701,2,150.19,Completed,300.38
1090,174,14,2024-11-07 18:53:42.712182,2,209.32,Returned,418.64
1091,39,6,2024-09-10 12:59:05.474441,3,71.74,Completed,215.21999999999997
1092,656,10,2024-02-25 23:06:39.906392,1,108.18,Completed,108.18
1093,548,26,2025-08-24 07:54:23.039241,1,152.0,Completed,152.0
1093,548,40,2025-08-24 07:54:23.039241,2,146.43,Completed,292.86
1094,50,46,2025-01-03 09:17:04.731525,1,73.0,Completed,73.0
1095,670,36,2024-08-06 22:24:21.785475,1,33.56,Cancelled,33.56
1096,50,32,2025-04-29 07:45:40.813026,1,150.19,Completed,150.19
1096,50,28,2025-04-29 07:45:40.813026,1,29.06,Completed,29.06
1096,50,36,2025-04-29 07:45:40.813026,1,33.56,Completed,33.56
1097,561,29,2024-08-16 17:56:38.291052,1,141.6,Completed,141.6
1098,719,35,2024-10-29 10:47:08.417953,2,241.49,Completed,482.98
1099,712,32,2024-07-02 10:09:33.015691,1,150.19,Completed,150.19
1099,712,43,2024-07-02 10:09:33.015691,2,87.77,Returned,175.54
1100,104,22,2025-01-11 05:16:08.225649,4,59.28,Returned,237.12
1101,277,38,2025-05-05 05:44:07.990881,1,220.99,Completed,220.99
1102,718,4,2025-02-03 17:17:41.291638,1,91.9,Completed,91.9
1103,108,49,2025-10-05 01:18:28.364455,1,215.69,Completed,215.69
1104,633,7,2025-04-03 07:49:32.766558,1,111.71,Completed,111.71
1104,633,51,2025-04-03 07:49:32.766558,1,63.75,Completed,63.75
1105,205,58,2025-01-11 20:14:47.385321,1,199.54,Completed,199.54
1106,536,38,2024-05-16 04:09:43.960952,1,220.99,Completed,220.99
1107,367,16,2024-12-30 10:02:51.438296,1,103.54,Completed,103.54
1108,303,7,2025-04-27 09:19:29.656642,1,144.55,Completed,144.55
1108,303,13,2025-04-27 09:19:29.656642,2,241.68,Completed,483.36
1109,213,6,2025-08-24 10:52:05.329564,3,71.74,Completed,215.21999999999997
1110,493,52,2025-11-15 19:33:52.029400,2,195.32,Completed,390.64
1110,493,44,2025-11-15 19:33:52.029400,1,195.18,Completed,195.18
1110,493,59,2025-11-15 19:33:52.029400,1,179.72,Completed,179.72
1111,588,30,2024-07-14 14:14:16.463325,1,133.76,Completed,133.76
1112,153,50,2025-04-10 16:28:11.313169,1,243.34,Completed,243.34
1113,799,49,2025-08-13 12:30:52.368647,2,215.69,Completed,431.38
1114,741,12,2025-09-14 12:36:42.607378,1,101.68,Completed,101.68
1115,263,35,2025-10-23 23:45:49.310987,1,241.49,Completed,241.49
1116,468,14,2025-11-13 06:49:17.628063,1,234.6,Completed,234.6
1117,304,10,2025-06-14 10:17:45.601430,2,108.18,Completed,216.36
1118,52,48,2024-02-13 17:07:36.138561,1,65.35,Completed,65.35
1119,41,30,2024-05-26 11:21:12.383686,1,133.76,Completed,133.76
1120,369,19,2024-12-03 14:46:00.223008,3,245.83,Completed,737.49
1121,321,39,2024-06-24 11:21:05.638633,1,71.92,Completed,71.92
1122,119,24,2025-06-28 21:30:54.751572,1,156.27,Completed,156.27
1122,119,59,2025-06-28 21:30:54.751572,3,165.41,Completed,496.23
1123,680,13,2025-07-12 20:05:13.321839,1,241.68,Completed,241.68
1123,680,60,2025-07-12 20:05:13.321839,1,196.88,Completed,196.88
1124,449,6,2025-09-08 05:01:02.521112,1,71.74,Returned,71.74
1124,449,58,2025-09-08 05:01:02.521112,1,199.54,Completed,199.54
1125,751,35,2024-10-26 11:45:35.275093,1,220.48,Completed,220.48
1126,188,44,2025-09-19 22:27:28.221339,1,183.2,Completed,183.2
1127,468,50,2025-10-27 03:08:03.158776,3,243.34,Completed,730.02
1127,468,3,2025-10-27 03:08:03.158776,1,101.78,Completed,101.78
1128,490,8,2025-04-07 18:24:34.545434,1,176.55,Completed,176.55
1129,665,42,2025-09-09 13:20:29.547624,1,157.62,Completed,157.62
1130,171,15,2024-07-13 20:41:49.094509,3,57.83,Completed,173.49
1130,171,2,2024-07-13 20:41:49.094509,1,67.69,Completed,67.69
1131,164,43,2024-07-28 13:01:16.822937,1,98.09,Completed,98.09
1132,495,48,2024-04-27 05:26:13.607744,1,83.25,Completed,83.25
1133,695,25,2025-05-16 09:41:52.467820,1,207.06,Cancelled,207.06
1134,626,35,2024-06-21 08:59:40.689564,1,241.49,Completed,241.49
1135,368,52,2024-06-23 02:13:46.414495,1,195.32,Returned,195.32
1136,701,21,2024-04-19 11:20:18.896262,1,237.67,Completed,237.67
1137,745,35,2024-01-21 05:22:37.641471,1,241.49,Completed,241.49
1138,134,27,2025-08-04 20:13:27.114808,2,183.96,Completed,367.92
1138,134,29,2025-08-04 20:13:27.114808,1,141.6,Completed,141.6
1139,422,30,2024-08-14 16:40:14.693322,4,133.76,Completed,535.04
1140,65,52,2024-12-20 07:53:55.734991,1,195.32,Cancelled,195.32
1141,322,13,2025-12-24 15:27:18.766007,1,223.23,Completed,223.23
1141,322,5,2025-12-24 15:27:18.766007,1,18.8,Completed,18.8
1142,762,14,2024-11-04 01:46:30.494891,1,234.6,Completed,234.6
1143,579,44,2025-10-23 03:05:11.438592,1,220.71,Completed,220.71
1144,686,15,2024-05-27 10:52:25.366644,1,65.03,Completed,65.03
1144,686,45,2024-05-27 10:52:25.366644,2,19.93,Completed,39.86
1144,686,31,2024-05-27 10:52:25.366644,1,10.99,Completed,10.99
1145,634,31,2024-07-18 01:54:48.960482,1,9.7,Completed,9.7
1145,634,14,2024-07-18 01:54:48.960482,2,234.6,Completed,469.2
1146,355,37,2024-01-22 06:33:55.873008,1,198.15,Completed,198.15
1146,355,56,2024-01-22 06:33:55.873008,1,125.24,Completed,125.24
1147,153,33,2025-07-30 11:00:56.152528,1,35.23,Completed,35.23
1148,572,35,2024-07-21 18:33:55.074911,1,241.49,Completed,241.49
1149,628,52,2025-02-06 00:22:15.909049,1,171.62,Completed,171.62
1150,161,19,2025-04-15 08:01:39.893837,2,245.83,Completed,491.66
1151,481,54,2024-01-31 19:54:40.141359,1,29.61,Completed,29.61
1152,170,36,2025-06-11 09:44:39.971407,1,28.47,Completed,28.47
1153,247,14,2025-07-25 00:44:06.765146,1,234.6,Completed,234.6
1154,285,16,2024-02-10 09:20:01.753769,2,82.27,Completed,164.54
1154,285,24,2024-02-10 09:20:01.753769,1,173.32,Completed,173.32
1155,413,23,2025-10-16 10:46:33.361431,1,18.33,Completed,18.33
1155,413,16,2025-10-16 10:46:33.361431,3,86.85,Completed,260.54999999999995
1155,413,3,2025-10-16 10:46:33.361431,1,101.78,Cancelled,101.78
1156,91,9,2024-08-17 03:36:41.918400,1,169.69,Completed,169.69
1157,458,52,2024-08-05 12:35:42.529058,1,195.32,Completed,195.32
1158,510,37,2024-02-16 09:57:04.787005,1,198.15,Completed,198.15
1159,19,52,2025-11-28 05:09:00.414336,1,162.6,Completed,162.6
1160,571,30,2025-10-16 15:28:02.056172,1,133.76,Completed,133.76
1161,94,30,2025-05-05 07:41:41.015662,1,133.76,Completed,133.76
1161,94,22,2025-05-05 07:41:41.015662,1,59.28,Completed,59.28
1162,653,29,2025-10-08 13:48:10.978383,1,141.6,Completed,141.6
1163,521,42,2024-10-16 17:36:04.630121,2,157.62,Completed,315.24
1164,671,51,2025-09-05 01:28:46.194207,2,80.72,Completed,161.44
1165,350,6,2025-09-07 04:59:04.855462,2,71.74,Completed,143.48
1166,56,47,2024-06-21 07:26:27.527661,1,89.76,Completed,89.76
1167,466,11,2025-02-20 19:27:12.986894,1,63.06,Completed,63.06
1168,786,50,2024-12-31 04:21:15.190643,1,243.34,Completed,243.34
1169,485,6,2024-03-29 01:39:30.936532,1,71.74,Completed,71.74
1169,485,12,2024-03-29 01:39:30.936532,1,101.68,Completed,101.68
1170,464,7,2025-04-29 21:05:03.171902,1,130.36,Completed,130.36
1171,228,5,2025-02-27 16:57:13.916714,1,15.44,Completed,15.44
1171,228,46,2025-02-27 16:57:13.916714,1,73.0,Completed,73.0
1172,299,26,2025-07-19 20:01:47.646727,1,152.0,Completed,152.0
1173,383,50,2025-01-18 10:33:27.386569,1,243.34,Completed,243.34
1174,47,11,2024-12-28 09:49:23.863534,1,63.06,Completed,63.06
1175,505,51,2024-03-06 21:09:31.536982,1,72.11,Completed,72.11
1175,505,55,2024-03-06 21:09:31.536982,1,229.05,Completed,229.05
1175,505,44,2024-03-06 21:09:31.536982,3,192.5,Completed,577.5
1176,193,25,2025-03-13 20:52:09.987671,1,190.59,Completed,190.59
1177,221,14,2025-07-18 10:18:15.457216,1,234.6,Returned,234.6
1178,196,5,2024-08-16 18:56:56.289097,1,18.8,Cancelled,18.8
1179,111,39,2025-08-30 14:29:40.464865,1,71.92,Completed,71.92
1180,48,39,2025-06-22 04:22:51.299313,1,71.92,Completed,71.92
1180,48,46,2025-06-22 04:22:51.299313,1,73.0,Completed,73.0
1181,603,42,2025-08-11 06:20:41.897308,2,146.33,Returned,292.66
1182,469,22,2025-06-27 02:09:40.417737,1,59.28,Completed,59.28
1182,469,43,2025-06-27 02:09:40.417737,1,105.22,Completed,105.22
1183,138,47,2025-11-13 21:57:42.052077,1,89.76,Completed,89.76
1183,138,35,2025-11-13 21:57:42.052077,1,216.68,Completed,216.68
1183,138,56,2025-11-13 21:57:42.052077,1,125.24,Completed,125.24
1184,444,22,2024-06-08 03:30:24.870294,3,59.28,Completed,177.84
1185,495,11,2024-03-18 23:22:53.442847,1,63.06,Completed,63.06
1185,495,43,2024-03-18 23:22:53.442847,1,105.22,Completed,105.22
1186,182,4,2024-06-05 07:11:00.031156,1,100.31,Completed,100.31
1187,178,37,2024-07-19 10:04:09.469568,1,198.15,Completed,198.15
1188,132,34,2024-10-25 02:44:23.047942,1,127.92,Completed,127.92
1188,132,38,2024-10-25 02:44:23.047942,1,220.99,Completed,220.99
1189,330,13,2025-09-21 22:00:24.616877,4,241.68,Cancelled,966.72
1190,394,46,2024-02-10 19:48:47.000260,1,73.0,Completed,73.0
1190,394,12,2024-02-10 19:48:47.000260,1,101.68,Completed,101.68
1191,710,58,2025-01-24 10:23:37.969023,1,199.54,Completed,199.54
1191,710,9,2025-01-24 10:23:37.969023,1,169.69,Completed,169.69
1192,352,49,2025-05-25 17:18:09.353587,1,215.69,Completed,215.69
1192,352,39,2025-05-25 17:18:09.353587,1,71.92,Returned,71.92
1193,137,38,2024-03-23 11:04:58.064042,1,192.37,Completed,192.37
1194,767,17,2025-02-02 09:27:10.734175,1,16.4,Completed,16.4
1195,719,2,2024-12-12 15:26:39.322099,1,72.13,Completed,72.13
1196,322,3,2024-06-28 19:59:38.399347,1,101.78,Completed,101.78
1196,322,7,2024-06-28 19:59:38.399347,2,144.55,Completed,289.1
1197,648,34,2024-07-21 17:53:44.003640,4,145.12,Completed,580.48
1197,648,33,2024-07-21 17:53:44.003640,1,35.23,Completed,35.23
1197,648,30,2024-07-21 17:53:44.003640,1,133.76,Completed,133.76
1198,704,22,2025-07-26 12:28:02.513659,1,59.28,Completed,59.28
1199,689,54,2024-04-15 18:51:00.041492,1,26.41,Completed,26.41
1200,183,9,2024-12-12 21:53:08.158891,1,169.69,Completed,169.69
1201,711,48,2024-09-25 10:47:32.414873,1,83.25,Completed,83.25
1201,711,7,2024-09-25 10:47:32.414873,2,144.55,Completed,289.1
1202,780,47,2024-08-12 23:09:46.483702,1,89.76,Completed,89.76
1203,492,23,2025-04-16 03:21:56.693252,1,18.33,Completed,18.33
1204,684,35,2025-10-22 19:37:10.699411,1,241.49,Completed,241.49
1205,691,51,2024-01-26 09:51:40.478874,1,80.72,Completed,80.72
1205,691,59,2024-01-26 09:51:40.478874,1,179.72,Completed,179.72
1206,293,20,2025-06-23 19:09:32.398482,1,237.72,Completed,237.72
1207,433,54,2025-08-06 05:27:07.012637,1,29.61,Completed,29.61
1208,536,18,2024-02-09 21:51:34.031223,1,109.94,Completed,109.94
1209,55,40,2025-10-31 17:51:06.095240,1,146.43,Returned,146.43
1210,205,53,2025-05-05 06:24:26.438532,1,184.37,Completed,184.37
1210,205,13,2025-05-05 06:24:26.438532,1,241.68,Completed,241.68
1211,294,11,2024-07-03 16:15:37.230021,1,63.06,Completed,63.06
1212,150,11,2024-10-07 19:46:21.084530,1,63.06,Completed,63.06
1212,150,30,2024-10-07 19:46:21.084530,1,133.76,Completed,133.76
1213,303,29,2025-04-11 10:23:15.026582,1,141.6,Completed,141.6
1213,303,48,2025-04-11 10:23:15.026582,1,83.25,Completed,83.25
1213,303,30,2025-04-11 10:23:15.026582,1,133.76,Completed,133.76
1214,464,49,2025-05-26 10:48:22.935645,1,199.21,Completed,199.21
1214,464,17,2025-05-26 10:48:22.935645,1,16.4,Completed,16.4
1214,464,17,2025-05-26 10:48:22.935645,1,16.4,Completed,16.4
1215,761,47,2025-10-21 07:18:44.528109,1,89.76,Completed,89.76
1216,399,27,2025-05-15 05:33:03.211891,3,183.96,Completed,551.88
1217,713,40,2025-01-25 11:38:07.214604,1,146.43,Completed,146.43
1218,681,30,2024-06-21 13:24:38.867536,1,110.53,Completed,110.53
1219,427,45,2024-11-18 22:53:49.266089,2,19.93,Completed,39.86
1220,702,41,2024-01-06 17:48:51.053732,1,49.67,Returned,49.67
1220,702,60,2024-01-06 17:48:51.053732,3,196.88,Completed,590.64
1221,14,38,2025-12-02 08:18:15.812978,1,220.99,Completed,220.99
1222,208,48,2025-11-08 01:55:46.754795,1,83.25,Completed,83.25
1223,800,52,2025-11-01 02:04:32.404637,2,195.32,Completed,390.64
1224,454,36,2024-08-07 15:33:37.497893,2,33.56,Completed,67.12
1224,454,28,2024-08-07 15:33:37.497893,2,29.06,Cancelled,58.12
1224,454,25,2024-08-07 15:33:37.497893,1,207.06,Completed,207.06
1225,664,22,2025-11-14 12:22:06.703777,3,59.28,Completed,177.84
1226,603,48,2025-07-06 08:49:19.596561,1,83.25,Completed,83.25
1226,603,21,2025-07-06 08:49:19.596561,1,237.67,Completed,237.67
1227,795,37,2024-08-05 02:50:57.297867,1,198.15,Completed,198.15
1228,199,19,2025-09-19 08:58:52.457179,3,245.83,Completed,737.49
1228,199,43,2025-09-19 08:58:52.457179,1,105.22,Completed,105.22
1229,700,26,2024-04-26 23:10:51.917081,3,143.26,Completed,429.78
1230,753,42,2024-11-16 08:34:45.311221,1,157.62,Completed,157.62
1230,753,22,2024-11-16 08:34:45.311221,1,59.28,Completed,59.28
1231,439,35,2024-08-19 13:04:11.823814,1,241.49,Completed,241.49
1232,271,46,2025-08-15 22:34:50.646564,1,63.28,Cancelled,63.28
1232,271,33,2025-08-15 22:34:50.646564,2,35.23,Cancelled,70.46
1233,339,33,2025-04-15 10:24:17.452248,1,35.23,Completed,35.23
1234,159,52,2025-07-30 04:50:27.022262,2,182.77,Completed,365.54
1235,612,41,2024-07-19 01:07:11.748000,1,46.51,Completed,46.51
1236,631,47,2024-02-28 11:15:24.067097,2,89.76,Completed,179.52
1237,309,53,2025-07-23 00:04:51.850881,1,184.37,Completed,184.37
1237,309,39,2025-07-23 00:04:51.850881,1,71.92,Completed,71.92
1238,367,12,2024-12-24 22:26:29.062433,1,90.65,Completed,90.65
1239,539,54,2025-06-21 23:13:23.711783,1,29.61,Completed,29.61
1240,189,58,2025-11-07 08:13:52.647832,1,199.54,Completed,199.54
1240,189,36,2025-11-07 08:13:52.647832,2,33.56,Completed,67.12
1241,164,16,2024-08-30 21:17:35.528013,1,103.54,Completed,103.54
1242,550,18,2024-11-04 07:51:08.338989,1,133.07,Completed,133.07
1243,358,8,2025-11-01 12:55:45.829224,2,176.55,Cancelled,353.1
1244,219,5,2024-03-14 06:55:49.164413,1,18.8,Completed,18.8
1245,340,45,2024-04-27 01:12:55.565173,1,19.93,Completed,19.93
1246,224,44,2024-07-09 12:11:44.553410,1,220.71,Completed,220.71
1246,224,56,2024-07-09 12:11:44.553410,1,125.24,Completed,125.24
1247,487,33,2024-02-18 10:45:14.178493,1,35.23,Returned,35.23
1248,771,58,2024-11-03 05:39:06.201317,1,199.54,Completed,199.54
1249,10,58,2025-06-16 08:08:15.134799,1,163.46,Completed,163.46
1250,247,23,2025-02-03 20:11:23.506197,1,18.33,Completed,18.33
1251,629,50,2024-08-26 12:58:52.870240,2,243.34,Completed,486.68
1251,629,44,2024-08-26 12:58:52.870240,1,220.71,Completed,220.71
1252,41,18,2025-05-22 12:04:51.390874,4,133.07,Completed,532.28
1253,329,49,2025-07-10 05:48:35.282270,1,215.69,Completed,215.69
1254,117,49,2025-04-13 04:51:05.065188,1,215.69,Cancelled,215.69
1255,554,50,2024-05-14 03:07:05.448999,1,243.34,Completed,243.34
1256,26,48,2024-11-19 16:27:18.330674,1,83.25,Completed,83.25
1256,26,4,2024-11-19 16:27:18.330674,3,100.31,Completed,300.93
1257,384,11,2025-04-13 00:03:03.878526,1,63.06,Completed,63.06
1258,521,55,2024-01-03 05:53:17.098614,1,229.05,Completed,229.05
1258,521,25,2024-01-03 05:53:17.098614,1,192.49,Completed,192.49
1259,198,58,2024-05-26 01:19:10.465100,3,199.54,Completed,598.62
1260,85,14,2024-08-11 01:11:34.301402,1,234.6,Completed,234.6
1261,172,43,2025-02-24 08:10:47.024364,1,105.22,Completed,105.22
1262,792,4,2024-03-21 21:42:36.209485,1,100.31,Completed,100.31
1263,8,58,2024-07-01 05:03:16.108712,1,199.54,Returned,199.54
1264,216,39,2025-06-04 21:38:24.898932,1,71.92,Completed,71.92
1265,793,57,2025-07-14 08:28:51.398333,1,98.49,Completed,98.49
1266,702,30,2025-04-18 21:38:36.721200,1,133.76,Completed,133.76
1266,702,11,2025-04-18 21:38:36.721200,2,54.08,Completed,108.16
1267,720,45,2024-04-04 23:13:42.856846,1,19.93,Completed,19.93
1268,760,18,2025-03-09 15:09:45.032659,4,133.07,Completed,532.28
1269,663,24,2024-10-26 12:44:23.679862,1,173.32,Completed,173.32
1270,74,45,2025-11-16 18:36:26.060747,2,19.93,Completed,39.86
1271,158,16,2024-11-25 14:06:10.918955,1,92.5,Completed,92.5
1272,39,1,2025-09-29 15:49:20.573393,1,92.8,Completed,92.8
1273,258,46,2024-04-07 11:05:30.217886,1,73.0,Completed,73.0
1274,589,33,2024-05-06 15:21:09.110059,1,35.23,Completed,35.23
1274,589,59,2024-05-06 15:21:09.110059,1,179.72,Completed,179.72
1275,418,45,2025-03-08 21:43:03.646765,1,19.93,Cancelled,19.93
1275,418,40,2025-03-08 21:43:03.646765,2,146.43,Completed,292.86
1276,444,48,2024-08-27 03:12:33.232305,1,83.25,Completed,83.25
1277,399,12,2024-07-24 17:05:21.108285,1,101.68,Completed,101.68
1277,399,60,2024-07-24 17:05:21.108285,1,196.88,Completed,196.88
1278,657,29,2024-03-02 14:40:10.621350,2,141.6,Completed,283.2
1278,657,26,2024-03-02 14:40:10.621350,1,136.68,Completed,136.68
1279,47,24,2024-09-25 08:20:39.647985,2,173.32,Completed,346.64
1280,75,54,2024-10-14 06:01:04.947072,1,29.61,Completed,29.61
1281,515,30,2024-10-02 10:38:48.833131,4,121.37,Completed,485.48
1282,309,54,2025-09-01 07:34:37.128133,3,29.61,Completed,88.83
1282,309,46,2025-09-01 07:34:37.128133,1,73.0,Completed,73.0
1283,449,15,2025-02-20 09:14:33.488966,1,65.03,Returned,65.03
1284,677,25,2024-01-16 03:16:15.062018,1,161.77,Completed,161.77
1285,226,16,2024-01-17 18:26:09.813169,4,85.75,Completed,343.0
1285,226,19,2024-01-17 18:26:09.813169,1,245.83,Completed,245.83
1286,559,1,2025-02-11 17:26:43.232967,3,121.97,Completed,365.90999999999997
1287,650,34,2025-03-22 18:17:43.289948,1,128.5,Completed,128.5
1288,747,50,2024-06-15 22:57:03.406360,1,243.34,Completed,243.34
1289,12,5,2024-03-05 22:52:10.177690,1,18.8,Completed,18.8
1290,569,45,2024-12-03 13:41:02.235304,4,15.11,Completed,60.44
1291,587,23,2024-07-10 02:26:27.814042,1,18.33,Completed,18.33
1292,551,52,2025-09-13 20:04:36.706461,1,195.32,Completed,195.32
1293,88,5,2024-02-06 08:11:51.142931,3,18.8,Completed,56.400000000000006
1294,767,59,2025-03-27 03:25:51.414864,2,179.72,Cancelled,359.44
1295,744,9,2025-03-14 06:52:50.328515,1,169.69,Completed,169.69
1296,423,1,2024-04-18 22:52:51.744571,1,121.97,Returned,121.97
1297,525,8,2025-11-30 08:44:08.804085,1,138.91,Completed,138.91
1298,632,45,2024-05-04 04:33:10.528349,1,19.93,Completed,19.93
1298,632,51,2024-05-04 04:33:10.528349,1,80.72,Returned,80.72
1298,632,6,2024-05-04 04:33:10.528349,2,71.74,Completed,143.48
1299,581,9,2025-02-18 02:05:44.120764,1,169.69,Cancelled,169.69
1300,770,25,2024-01-11 07:17:35.400259,1,207.06,Completed,207.06
1300,770,42,2024-01-11 07:17:35.400259,1,157.62,Completed,157.62
1301,473,30,2025-01-18 20:40:35.435271,3,133.76,Completed,401.28
1302,75,21,2025-07-18 13:15:19.060158,2,237.67,Completed,475.34
1303,69,45,2025-11-08 15:33:03.445420,1,19.93,Completed,19.93
1304,203,15,2025-08-26 21:33:02.010242,1,65.03,Returned,65.03
1305,499,41,2024-12-26 17:29:27.628858,1,49.67,Completed,49.67
1306,366,43,2024-06-12 20:57:31.681288,2,92.71,Completed,185.42
1307,103,48,2024-05-28 07:06:24.389153,1,83.25,Completed,83.25
1308,72,45,2025-11-21 14:50:12.351102,3,19.93,Returned,59.79
1309,326,50,2025-08-16 18:59:08.550263,1,243.34,Completed,243.34
1309,326,11,2025-08-16 18:59:08.550263,1,63.06,Completed,63.06
1310,676,50,2024-07-13 07:52:25.954936,1,243.34,Completed,243.34
1311,599,4,2025-06-28 21:40:54.753448,2,100.31,Completed,200.62
1312,581,2,2024-10-05 21:55:40.746504,3,72.13,Completed,216.39
1312,581,21,2024-10-05 21:55:40.746504,3,237.67,Completed,713.01
1313,439,34,2024-11-10 20:31:35.313130,1,145.12,Completed,145.12
1313,439,2,2024-11-10 20:31:35.313130,1,72.13,Completed,72.13
1313,439,40,2024-11-10 20:31:35.313130,1,146.43,Completed,146.43
1314,730,59,2024-05-30 19:44:10.666276,1,179.72,Completed,179.72
1315,447,15,2024-06-06 08:43:36.459168,1,65.03,Completed,65.03
1316,369,48,2025-08-24 14:02:14.374744,1,74.64,Completed,74.64
1317,492,13,2025-06-14 11:55:31.204257,1,241.68,Completed,241.68
1318,368,35,2024-05-18 05:38:33.846047,3,241.49,Completed,724.47
1319,499,2,2024-05-11 16:04:48.561630,1,72.13,Completed,72.13
1320,180,14,2025-08-01 11:57:40.058559,1,234.6,Completed,234.6
1321,84,50,2024-01-22 00:06:17.987950,1,243.34,Completed,243.34
1322,144,59,2025-12-13 13:45:55.490686,1,179.72,Completed,179.72
1323,202,34,2024-06-20 21:42:29.365150,3,145.12,Completed,435.36
1324,642,3,2024-11-25 05:06:41.883112,1,77.87,Completed,77.87
1325,20,17,2024-06-30 06:31:50.352839,1,16.4,Completed,16.4
1326,647,2,2025-03-01 12:27:42.893746,2,62.49,Completed,124.98
1327,415,41,2025-04-17 11:34:01.763888,2,49.67,Completed,99.34
1327,415,26,2025-04-17 11:34:01.763888,3,152.0,Completed,456.0
1328,38,21,2024-03-03 14:08:29.639154,1,237.67,Completed,237.67
1328,38,26,2024-03-03 14:08:29.639154,1,152.0,Completed,152.0
1329,553,32,2024-12-08 06:48:20.782811,3,150.19,Completed,450.57
1330,794,47,2025-09-28 03:41:22.868509,2,74.37,Completed,148.74
1331,791,40,2025-12-12 07:28:24.887521,1,146.43,Completed,146.43
1332,298,41,2024-10-17 05:09:31.023890,1,42.23,Completed,42.23
1333,93,21,2024-06-03 22:03:12.508408,1,237.67,Cancelled,237.67
1334,515,1,2024-10-06 22:50:25.356570,3,97.3,Completed,291.9
1335,629,28,2024-11-05 00:03:26.866136,1,29.06,Completed,29.06
1335,629,50,2024-11-05 00:03:26.866136,3,243.34,Completed,730.02
1336,144,59,2025-03-11 22:52:22.336421,1,179.72,Returned,179.72
1337,184,9,2024-02-23 07:56:03.952445,1,169.69,Completed,169.69
1338,580,5,2025-02-10 14:38:22.384758,1,18.8,Completed,18.8
1338,580,51,2025-02-10 14:38:22.384758,2,80.72,Completed,161.44
1339,754,8,2024-02-08 01:00:46.640604,1,176.55,Completed,176.55
1340,368,28,2025-11-10 16:15:06.921881,1,26.22,Completed,26.22
1340,368,28,2025-11-10 16:15:06.921881,1,29.06,Completed,29.06
1340,368,6,2025-11-10 16:15:06.921881,1,71.74,Returned,71.74
1341,240,54,2024-12-09 18:44:09.807719,1,23.43,Completed,23.43
1342,370,27,2024-09-15 15:21:55.786784,1,183.96,Completed,183.96
1343,466,19,2025-03-18 15:40:50.223495,1,245.83,Completed,245.83
1344,41,19,2025-05-04 16:16:04.249032,3,245.83,Completed,737.49
1345,332,17,2025-08-08 15:23:37.691258,3,15.48,Completed,46.44
1346,649,28,2025-06-01 23:35:44.572588,1,29.06,Completed,29.06
1347,760,21,2025-08-14 04:37:25.301128,2,237.67,Completed,475.34
1348,558,11,2024-01-04 21:55:28.058662,1,63.06,Completed,63.06
1348,558,37,2024-01-04 21:55:28.058662,1,198.15,Completed,198.15
1349,388,55,2025-01-03 07:34:32.882592,1,229.05,Completed,229.05
1350,670,34,2024-10-05 02:01:41.063166,2,145.12,Completed,290.24
1351,80,34,2025-12-14 14:13:05.762440,3,145.12,Completed,435.36
1352,386,6,2025-05-05 00:30:38.197719,1,71.74,Completed,71.74
1352,386,28,2025-05-05 00:30:38.197719,1,29.06,Completed,29.06
1353,416,30,2024-04-06 12:48:51.138192,1,133.76,Completed,133.76
1354,354,46,2025-10-13 07:47:54.971746,2,73.0,Completed,146.0
1355,494,31,2024-01-31 00:30:35.302863,1,10.99,Completed,10.99
1355,494,59,2024-01-31 00:30:35.302863,1,166.49,Completed,166.49
1356,451,58,2024-05-10 22:36:04.859828,1,199.54,Completed,199.54
1356,451,60,2024-05-10 22:36:04.859828,1,173.0,Completed,173.0
1357,217,55,2024-05-04 00:03:39.798919,1,229.05,Completed,229.05
1358,162,40,2024-12-25 18:33:13.607300,4,146.43,Completed,585.72
1359,735,56,2024-09-04 14:22:35.084308,1,125.24,Completed,125.24
1359,735,8,2024-09-04 14:22:35.084308,2,176.55,Completed,353.1
1360,425,45,2024-12-07 16:50:48.624280,1,19.93,Completed,19.93
1361,738,34,2024-03-06 10:37:57.451857,1,128.44,Completed,128.44
1362,491,30,2025-06-02 11:40:39.605061,4,133.76,Completed,535.04
1362,491,37,2025-06-02 11:40:39.605061,1,198.15,Completed,198.15
1363,421,8,2024-11-12 00:55:39.418144,1,133.94,Cancelled,133.94
1364,588,7,2024-07-09 02:18:47.908348,1,144.55,Completed,144.55
1364,588,49,2024-07-09 02:18:47.908348,1,183.88,Completed,183.88
1364,588,27,2024-07-09 02:18:47.908348,1,183.96,Completed,183.96
1365,151,16,2024-08-16 16:29:00.719043,1,83.0,Completed,83.0
1366,185,21,2025-12-15 07:36:39.120005,1,237.67,Completed,237.67
1366,185,52,2025-12-15 07:36:39.120005,1,195.32,Completed,195.32
1366,185,3,2025-12-15 07:36:39.120005,3,101.78,Completed,305.34000000000003
1367,653,17,2024-12-30 10:10:12.065716,2,14.66,Completed,29.32
1367,653,17,2024-12-30 10:10:12.065716,1,16.4,Completed,16.4
1368,291,26,2025-12-11 13:28:06.592388,3,152.0,Completed,456.0
1369,222,50,2024-07-24 03:07:52.967806,1,243.34,Completed,243.34
1370,483,58,2024-09-20 05:34:31.758941,1,199.54,Completed,199.54
1370,483,25,2024-09-20 05:34:31.758941,1,207.06,Completed,207.06
1371,421,22,2024-11-09 23:06:25.375415,1,59.28,Completed,59.28
1371,421,49,2024-11-09 23:06:25.375415,1,215.69,Completed,215.69
1372,786,55,2025-10-21 00:55:39.683781,1,229.05,Completed,229.05
1373,676,28,2024-07-11 03:33:04.044239,4,29.06,Completed,116.24
1373,676,17,2024-07-11 03:33:04.044239,1,16.4,Completed,16.4
1374,703,8,2025-08-28 14:24:08.689805,4,176.55,Completed,706.2
1375,465,8,2025-11-07 12:04:47.116877,3,176.55,Completed,529.6500000000001
1375,465,55,2025-11-07 12:04:47.116877,1,189.11,Completed,189.11
1375,465,52,2025-11-07 12:04:47.116877,3,147.14,Completed,441.41999999999996
1376,536,11,2025-01-12 09:21:41.232610,1,63.06,Completed,63.06
1376,536,37,2025-01-12 09:21:41.232610,1,198.15,Completed,198.15
1377,430,23,2024-11-14 02:47:04.048723,1,18.33,Completed,18.33
1377,430,34,2024-11-14 02:47:04.048723,1,145.12,Completed,145.12
1378,182,48,2024-04-30 10:30:59.419092,1,83.25,Completed,83.25
1378,182,42,2024-04-30 10:30:59.419092,2,157.62,Returned,315.24
1378,182,44,2024-04-30 10:30:59.419092,1,200.13,Completed,200.13
1379,516,58,2025-06-21 21:56:56.596577,1,199.54,Completed,199.54
1380,96,19,2024-12-24 15:08:02.909299,3,245.83,Completed,737.49
1381,134,54,2025-11-24 12:53:17.615276,1,29.61,Completed,29.61
1381,134,50,2025-11-24 12:53:17.615276,1,243.34,Completed,243.34
1382,2,40,2025-02-09 15:25:15.200932,1,146.43,Completed,146.43
1383,794,33,2025-11-04 16:22:52.066158,2,35.23,Completed,70.46
1384,442,10,2025-04-09 18:08:47.082847,1,108.18,Completed,108.18
1385,380,16,2024-11-17 04:37:03.862100,1,103.54,Completed,103.54
1386,715,49,2024-05-17 21:52:39.408648,1,215.69,Completed,215.69
1386,715,56,2024-05-17 21:52:39.408648,1,125.24,Cancelled,125.24
1387,494,34,2024-02-09 20:01:00.381330,1,145.12,Completed,145.12
1387,494,17,2024-02-09 20:01:00.381330,1,16.4,Completed,16.4
1387,494,26,2024-02-09 20:01:00.381330,1,152.0,Completed,152.0
1388,760,50,2024-05-13 16:38:09.411422,1,243.34,Completed,243.34
1388,760,13,2024-05-13 16:38:09.411422,1,241.68,Completed,241.68
1389,590,40,2024-12-09 06:44:12.299571,1,113.74,Completed,113.74
1390,489,25,2024-04-29 09:28:58.235820,1,207.06,Completed,207.06
1391,86,39,2024-12-07 00:10:02.473880,2,71.92,Completed,143.84
1392,557,28,2024-03-25 16:44:28.698726,3,29.06,Completed,87.17999999999999
1393,194,18,2025-10-15 11:28:11.352206,1,119.59,Completed,119.59
1394,8,20,2024-12-27 06:50:12.521839,1,237.72,Completed,237.72
1395,121,19,2024-11-18 07:25:29.745507,1,245.83,Cancelled,245.83
1396,385,2,2025-12-22 20:06:05.711426,1,72.13,Completed,72.13
1396,385,43,2025-12-22 20:06:05.711426,2,105.22,Completed,210.44
1397,324,4,2025-02-13 10:10:16.319401,4,100.31,Completed,401.24
1398,110,19,2024-11-30 03:57:00.075197,1,245.83,Completed,245.83
1399,668,17,2024-03-23 02:50:25.023734,2,16.4,Completed,32.8
1399,668,3,2024-03-23 02:50:25.023734,2,101.78,Completed,203.56
1400,549,56,2025-06-09 10:15:52.701001,2,125.24,Completed,250.48
1401,375,35,2024-04-18 01:54:03.383532,1,241.49,Completed,241.49
1402,697,46,2024-09-12 05:04:02.526398,3,73.0,Completed,219.0
1403,209,59,2024-05-28 17:24:52.648737,4,179.72,Completed,718.88
1404,571,37,2024-07-26 09:43:12.628305,1,198.15,Completed,198.15
1404,571,20,2024-07-26 09:43:12.628305,1,237.72,Completed,237.72
1405,569,22,2025-09-01 12:23:17.214296,2,59.28,Completed,118.56
1405,569,40,2025-09-01 12:23:17.214296,1,146.43,Completed,146.43
1405,569,8,2025-09-01 12:23:17.214296,3,176.55,Completed,529.6500000000001
1406,793,36,2025-07-01 10:53:24.483634,3,33.56,Completed,100.68
1407,754,24,2025-08-23 11:27:25.825212,1,159.93,Completed,159.93
1408,122,24,2025-02-15 04:05:39.336575,1,173.32,Completed,173.32
1409,458,48,2025-04-29 02:10:19.670670,1,83.25,Completed,83.25
1410,166,8,2024-06-04 01:10:50.393193,1,150.36,Completed,150.36
1410,166,43,2024-06-04 01:10:50.393193,1,105.22,Completed,105.22
1411,564,57,2025-12-29 13:02:23.323917,1,98.49,Completed,98.49
1411,564,26,2025-12-29 13:02:23.323917,1,152.0,Completed,152.0
1411,564,33,2025-12-29 13:02:23.323917,2,29.16,Completed,58.32
1412,652,14,2024-01-04 00:16:57.769569,1,180.22,Completed,180.22
1413,149,58,2025-07-13 19:10:13.695865,1,199.54,Completed,199.54
1414,615,36,2024-05-11 19:33:58.329497,2,33.56,Cancelled,67.12
1415,66,31,2025-11-02 21:38:21.139699,1,10.99,Completed,10.99
1416,380,49,2024-06-28 16:40:41.793067,1,163.4,Completed,163.4
1417,394,18,2024-12-29 14:54:02.877909,1,133.07,Completed,133.07
1418,411,8,2024-03-09 20:13:39.080401,1,176.55,Completed,176.55
1418,411,34,2024-03-09 20:13:39.080401,3,145.12,Completed,435.36
1419,729,55,2024-08-27 22:05:03.267472,1,229.05,Cancelled,229.05
1419,729,1,2024-08-27 22:05:03.267472,1,110.35,Completed,110.35
1419,729,19,2024-08-27 22:05:03.267472,3,245.83,Completed,737.49
1420,507,8,2024-07-26 12:36:27.090842,1,176.55,Completed,176.55
1421,207,56,2025-12-17 08:58:48.025088,1,125.24,Completed,125.24
1422,531,33,2024-03-30 01:16:52.845304,3,35.23,Completed,105.69
1423,35,45,2024-09-29 16:44:29.703235,1,19.93,Completed,19.93
1423,35,33,2024-09-29 16:44:29.703235,2,35.23,Completed,70.46
1424,716,35,2025-11-09 06:40:50.576700,3,241.49,Completed,724.47
1425,174,1,2024-03-18 10:20:42.071982,1,121.97,Completed,121.97
1426,369,39,2024-08-24 04:23:29.822438,2,71.92,Completed,143.84
1426,369,24,2024-08-24 04:23:29.822438,4,135.45,Completed,541.8
1427,283,14,2024-01-22 01:52:52.602123,1,234.6,Completed,234.6
1428,362,25,2024-12-01 23:17:07.157571,1,207.06,Completed,207.06
1428,362,24,2024-12-01 23:17:07.157571,1,173.32,Completed,173.32
1429,16,14,2025-05-31 15:01:13.831642,1,234.6,Completed,234.6
1430,71,27,2024-12-16 07:03:40.473800,3,183.96,Completed,551.88
1430,71,15,2024-12-16 07:03:40.473800,1,65.03,Returned,65.03
1431,744,51,2025-04-03 16:48:36.276575,1,80.72,Completed,80.72
1431,744,11,2025-04-03 16:48:36.276575,1,63.06,Completed,63.06
1432,357,47,2024-07-15 14:27:32.398104,1,89.76,Completed,89.76
1433,284,22,2025-04-25 08:16:13.546324,4,59.28,Completed,237.12
1434,200,49,2024-08-28 11:33:34.804129,1,215.69,Completed,215.69
1435,414,54,2024-02-02 00:11:57.954186,1,29.61,Completed,29.61
1435,414,14,2024-02-02 00:11:57.954186,2,234.6,Completed,469.2
1436,417,38,2025-03-30 07:49:56.193651,1,220.99,Completed,220.99
1437,573,36,2024-11-26 18:20:49.030401,1,27.15,Completed,27.15
1438,120,24,2025-11-22 14:46:13.145360,1,173.32,Completed,173.32
1439,264,40,2025-12-30 20:51:57.023455,3,146.43,Completed,439.29
1440,589,21,2025-10-24 00:30:32.347594,1,237.67,Completed,237.67
1441,454,37,2025-08-04 20:01:34.590237,2,198.15,Cancelled,396.3
1442,577,60,2024-04-04 09:41:23.552361,2,196.88,Completed,393.76
1443,250,24,2025-09-22 04:38:43.237742,1,173.32,Completed,173.32
1444,795,4,2025-08-08 03:17:43.837390,1,100.31,Completed,100.31
1445,472,60,2024-07-25 13:21:15.305789,2,196.88,Completed,393.76
1446,29,28,2025-08-05 15:32:05.753894,1,29.06,Completed,29.06
1447,265,51,2025-06-26 23:22:33.122710,1,70.77,Completed,70.77
1448,226,8,2025-02-03 10:10:37.221764,2,176.55,Completed,353.1
1449,236,49,2025-03-15 16:08:51.206828,1,215.69,Completed,215.69
1450,423,35,2024-03-08 13:29:37.355611,1,241.49,Completed,241.49
1451,529,29,2024-07-05 06:28:17.619405,1,141.6,Completed,141.6
1451,529,39,2024-07-05 06:28:17.619405,1,71.92,Completed,71.92
1452,270,46,2024-06-24 06:12:14.137228,2,73.0,Completed,146.0
1453,96,41,2025-07-16 17:46:24.857257,1,49.67,Completed,49.67
1453,96,16,2025-07-16 17:46:24.857257,1,103.54,Completed,103.54
1453,96,9,2025-07-16 17:46:24.857257,1,169.69,Completed,169.69
1454,568,50,2024-10-18 05:01:49.324977,1,243.34,Completed,243.34
1455,488,38,2024-01-15 23:22:15.126966,1,220.99,Completed,220.99
1456,224,16,2024-06-01 00:03:44.695910,1,103.54,Completed,103.54
1456,224,36,2024-06-01 00:03:44.695910,1,33.56,Completed,33.56
1456,224,25,2024-06-01 00:03:44.695910,2,207.06,Completed,414.12
1457,700,59,2024-10-10 14:34:15.012221,1,179.72,Completed,179.72
1458,195,39,2024-10-20 17:58:55.271647,1,71.92,Completed,71.92
1459,205,25,2025-04-17 10:23:00.170367,3,207.06,Completed,621.1800000000001
1460,248,8,2025-11-27 17:39:23.808575,1,176.55,Completed,176.55
1460,248,48,2025-11-27 17:39:23.808575,1,83.25,Cancelled,83.25
1461,208,16,2024-04-22 12:26:21.392695,1,103.54,Completed,103.54
1461,208,25,2024-04-22 12:26:21.392695,1,207.06,Completed,207.06
1462,365,22,2024-08-05 22:32:14.978832,1,59.28,Completed,59.28
1463,110,47,2025-08-07 19:16:45.765481,1,68.73,Cancelled,68.73
1464,680,22,2025-06-21 04:46:48.943158,1,59.28,Completed,59.28
1465,7,39,2025-11-03 20:10:50.375845,1,71.92,Completed,71.92
1465,7,13,2025-11-03 20:10:50.375845,1,241.68,Completed,241.68
1466,44,15,2025-10-21 17:25:27.994838,1,65.03,Completed,65.03
1466,44,40,2025-10-21 17:25:27.994838,1,146.43,Returned,146.43
1467,323,58,2025-03-16 13:33:30.212556,1,199.54,Completed,199.54
1468,589,45,2024-09-19 02:27:19.490066,1,19.93,Completed,19.93
1469,503,27,2024-03-11 03:52:24.371695,1,183.96,Completed,183.96
1470,783,49,2024-09-25 05:50:37.018213,1,215.69,Returned,215.69
1471,287,36,2024-05-25 21:44:40.148279,1,33.56,Completed,33.56
1472,769,37,2024-11-21 04:09:03.993842,1,198.15,Completed,198.15
1473,56,49,2024-10-10 07:19:42.600847,1,215.69,Completed,215.69
1474,434,17,2024-07-14 23:45:32.942482,1,16.4,Completed,16.4
1475,554,59,2025-03-14 05:58:11.752165,3,147.27,Completed,441.81000000000006
1475,554,33,2025-03-14 05:58:11.752165,1,35.23,Completed,35.23
1476,795,58,2024-03-06 20:41:44.023801,1,199.54,Completed,199.54
1477,124,50,2024-11-04 10:50:12.628000,3,243.34,Completed,730.02
1478,472,22,2024-09-25 19:29:43.024915,1,59.28,Completed,59.28
1478,472,37,2024-09-25 19:29:43.024915,1,175.33,Completed,175.33
1479,389,13,2024-05-16 00:57:15.065752,3,241.68,Completed,725.04
1480,334,49,2025-04-05 09:37:23.568916,1,215.69,Completed,215.69
1481,266,33,2024-03-08 20:26:22.260967,1,35.23,Completed,35.23
1482,270,16,2025-01-09 17:44:32.514529,1,103.54,Completed,103.54
1483,483,9,2025-12-11 11:43:18.377993,1,169.69,Completed,169.69
1484,352,30,2025-05-08 19:13:45.698747,1,133.76,Completed,133.76
1485,511,56,2025-04-17 18:08:16.856015,1,125.24,Completed,125.24
1486,430,57,2025-06-04 22:53:37.186890,3,98.49,Completed,295.46999999999997
1487,382,26,2025-11-10 09:17:47.666121,2,152.0,Completed,304.0
1488,411,25,2025-01-19 21:55:22.867885,1,207.06,Completed,207.06
1488,411,35,2025-01-19 21:55:22.867885,1,241.49,Completed,241.49
1489,135,22,2025-04-17 11:23:19.880300,3,59.28,Cancelled,177.84
1489,135,6,2025-04-17 11:23:19.880300,1,71.74,Completed,71.74
1490,103,54,2024-03-02 07:09:22.264103,1,29.61,Completed,29.61
1490,103,24,2024-03-02 07:09:22.264103,1,173.32,Completed,173.32
1491,569,25,2024-12-07 19:11:59.600160,1,207.06,Completed,207.06
1492,391,24,2024-02-27 19:17:18.423611,2,173.32,Completed,346.64
1493,757,54,2025-08-08 03:03:46.826470,1,26.98,Completed,26.98
1494,181,6,2024-08-07 06:53:23.358675,1,71.74,Completed,71.74
1494,181,53,2024-08-07 06:53:23.358675,1,171.22,Completed,171.22
1495,646,38,2025-12-19 10:56:34.090432,2,220.99,Returned,441.98
1495,646,25,2025-12-19 10:56:34.090432,1,207.06,Completed,207.06
1496,499,10,2025-05-14 13:10:48.653274,1,108.18,Completed,108.18
1496,499,40,2025-05-14 13:10:48.653274,1,146.43,Returned,146.43
1497,582,1,2024-08-07 07:09:34.545257,3,93.89,Completed,281.67
1497,582,41,2024-08-07 07:09:34.545257,1,49.67,Completed,49.67
1498,221,54,2024-06-30 12:24:33.878053,1,29.61,Returned,29.61
1499,488,20,2024-11-08 05:51:40.515412,1,237.72,Returned,237.72
1500,99,17,2025-02-19 00:44:42.780760,1,16.4,Completed,16.4
1501,343,14,2025-02-06 05:25:14.364397,2,234.6,Completed,469.2
1502,369,54,2025-10-31 15:07:52.550030,2,29.61,Completed,59.22
1503,264,42,2025-01-09 19:01:20.469642,3,157.62,Completed,472.86
1504,422,52,2025-01-07 18:36:56.715838,3,180.37,Completed,541.11
1504,422,36,2025-01-07 18:36:56.715838,1,33.56,Completed,33.56
1504,422,56,2025-01-07 18:36:56.715838,1,125.24,Returned,125.24
1505,590,36,2024-10-28 12:05:59.881837,2,33.56,Completed,67.12
1506,552,45,2024-12-05 04:46:54.265381,1,19.93,Completed,19.93
1507,800,48,2025-06-09 19:49:52.279022,1,83.25,Completed,83.25
1508,333,2,2025-08-16 08:41:23.123639,2,72.13,Completed,144.26
1508,333,8,2025-08-16 08:41:23.123639,2,176.55,Completed,353.1
1509,755,15,2024-09-16 11:37:03.994620,2,65.03,Cancelled,130.06
1509,755,9,2024-09-16 11:37:03.994620,1,148.09,Returned,148.09
1510,475,25,2025-03-03 11:08:57.627356,1,207.06,Completed,207.06
1511,149,2,2025-07-15 02:41:29.265177,2,72.13,Completed,144.26
1512,656,43,2024-01-12 21:01:39.052803,1,105.22,Completed,105.22
1513,346,49,2025-06-24 13:50:35.769408,1,215.69,Completed,215.69
1513,346,26,2025-06-24 13:50:35.769408,1,152.0,Returned,152.0
1513,346,34,2025-06-24 13:50:35.769408,1,145.12,Completed,145.12
1514,74,51,2024-12-03 21:38:20.745081,1,66.09,Returned,66.09
1514,74,11,2024-12-03 21:38:20.745081,3,63.06,Completed,189.18
1514,74,52,2024-12-03 21:38:20.745081,3,195.32,Completed,585.96
1515,728,12,2025-07-27 21:49:21.588128,4,101.68,Completed,406.72
1516,661,50,2025-09-07 07:46:48.375530,1,243.34,Completed,243.34
1516,661,2,2025-09-07 07:46:48.375530,1,72.13,Completed,72.13
1517,800,10,2024-02-03 00:55:57.758848,2,108.18,Completed,216.36
1517,800,13,2024-02-03 00:55:57.758848,1,241.68,Completed,241.68
1518,602,59,2024-10-30 20:43:38.494340,3,179.72,Completed,539.16
1519,462,22,2025-05-29 04:42:44.217964,1,59.28,Completed,59.28
1519,462,47,2025-05-29 04:42:44.217964,1,89.76,Completed,89.76
1520,24,47,2024-08-17 04:20:24.552009,1,71.53,Completed,71.53
1521,258,55,2025-06-12 14:08:19.961710,1,229.05,Completed,229.05
1522,718,19,2025-07-06 20:50:48.169585,1,245.83,Completed,245.83
1522,718,40,2025-07-06 20:50:48.169585,1,146.43,Completed,146.43
1523,407,32,2024-11-24 11:05:14.309437,3,114.56,Completed,343.68
1523,407,32,2024-11-24 11:05:14.309437,2,150.19,Completed,300.38
1524,562,50,2025-08-12 17:15:10.363737,1,220.02,Completed,220.02
1525,537,57,2024-09-06 04:10:42.012931,1,98.49,Returned,98.49
1525,537,43,2024-09-06 04:10:42.012931,1,84.44,Completed,84.44
1525,537,6,2024-09-06 04:10:42.012931,2,71.74,Completed,143.48
1526,671,57,2025-11-01 05:19:15.450206,1,98.49,Completed,98.49
1527,400,58,2025-08-14 07:18:18.996295,1,199.54,Completed,199.54
1527,400,5,2025-08-14 07:18:18.996295,1,18.8,Completed,18.8
1528,291,38,2024-06-03 01:55:04.284813,3,220.99,Completed,662.97
1529,130,12,2024-02-27 02:25:25.234078,1,93.31,Completed,93.31
1530,30,33,2025-12-17 23:54:07.239062,1,28.94,Completed,28.94
1530,30,60,2025-12-17 23:54:07.239062,1,196.88,Completed,196.88
1531,488,12,2024-07-08 07:14:44.257973,3,101.68,Completed,305.04
1532,554,37,2025-05-06 14:07:17.462897,1,198.15,Completed,198.15
1533,562,2,2024-11-12 16:09:25.521301,3,72.13,Completed,216.39
1533,562,32,2024-11-12 16:09:25.521301,4,150.19,Completed,600.76
1533,562,6,2024-11-12 16:09:25.521301,1,71.74,Completed,71.74
1534,182,49,2024-01-14 01:52:28.699838,3,215.69,Completed,647.0699999999999
1535,468,51,2024-10-15 07:14:27.345184,1,80.72,Completed,80.72
1535,468,8,2024-10-15 07:14:27.345184,1,176.55,Completed,176.55
1536,578,19,2024-01-10 17:05:47.725461,1,245.83,Completed,245.83
1537,656,1,2025-04-23 17:37:58.903676,1,121.97,Completed,121.97
1537,656,35,2025-04-23 17:37:58.903676,1,241.49,Completed,241.49
1538,356,32,2024-12-01 22:03:21.827228,1,150.19,Completed,150.19
1539,233,17,2024-10-22 17:12:17.247125,1,16.4,Completed,16.4
1540,453,47,2025-04-25 03:12:12.525682,1,89.76,Completed,89.76
1541,423,31,2025-06-27 07:12:16.065559,4,10.99,Completed,43.96
1542,311,42,2025-06-13 21:58:04.125979,1,134.71,Completed,134.71
1543,777,35,2024-08-09 01:03:20.462833,4,241.49,Completed,965.96
1544,353,3,2025-08-16 14:04:51.752863,1,101.78,Completed,101.78
1544,353,53,2025-08-16 14:04:51.752863,1,184.37,Completed,184.37
1544,353,16,2025-08-16 14:04:51.752863,1,103.54,Completed,103.54
1545,504,8,2025-03-26 05:22:09.693316,1,176.55,Returned,176.55
1545,504,21,2025-03-26 05:22:09.693316,1,237.67,Completed,237.67
1546,10,28,2025-05-19 04:24:12.093379,1,29.06,Completed,29.06
1546,10,21,2025-05-19 04:24:12.093379,1,237.67,Completed,237.67
1547,612,5,2025-12-04 02:14:27.651217,3,18.8,Completed,56.400000000000006
1548,8,22,2025-05-07 19:47:31.570783,1,59.28,Completed,59.28
1549,194,45,2025-08-10 09:18:20.435432,3,19.93,Completed,59.79
1550,575,55,2024-03-04 23:22:02.958601,1,229.05,Completed,229.05
1551,256,52,2024-04-08 15:11:46.877601,1,195.32,Returned,195.32
1551,256,40,2024-04-08 15:11:46.877601,3,146.43,Completed,439.29
1552,400,2,2024-05-19 06:51:08.994946,1,72.13,Completed,72.13
1553,226,16,2025-08-18 15:45:47.763231,1,103.54,Completed,103.54
1553,226,47,2025-08-18 15:45:47.763231,1,89.76,Completed,89.76
1554,246,21,2025-05-23 02:29:18.177589,1,237.67,Completed,237.67
1555,628,22,2024-05-17 09:38:01.433180,1,59.28,Completed,59.28
1555,628,3,2024-05-17 09:38:01.433180,1,101.78,Completed,101.78
1556,292,16,2024-01-20 13:48:14.398401,2,103.54,Completed,207.08
1556,292,39,2024-01-20 13:48:14.398401,1,71.92,Completed,71.92
1556,292,9,2024-01-20 13:48:14.398401,1,169.69,Completed,169.69
1557,193,48,2024-12-17 05:10:23.645028,3,83.25,Completed,249.75
1558,187,43,2024-04-15 23:06:05.099057,2,81.24,Completed,162.48
1559,467,47,2024-06-25 11:59:21.862931,3,89.76,Completed,269.28000000000003
1560,279,48,2025-09-06 17:24:42.178632,1,83.25,Completed,83.25
1561,504,44,2025-09-18 11:28:39.171551,1,220.71,Completed,220.71
1562,20,18,2025-01-28 03:57:57.648805,1,133.07,Completed,133.07
1563,548,16,2024-03-03 20:21:32.209127,1,97.79,Completed,97.79
1563,548,45,2024-03-03 20:21:32.209127,4,19.93,Completed,79.72
1564,129,14,2025-07-15 21:30:52.145770,2,234.6,Completed,469.2
1565,745,50,2024-04-18 03:51:43.671606,1,186.89,Returned,186.89
1565,745,54,2024-04-18 03:51:43.671606,1,23.49,Returned,23.49
1566,431,26,2024-11-03 23:19:26.456604,1,152.0,Completed,152.0
1566,431,34,2024-11-03 23:19:26.456604,1,145.12,Completed,145.12
1566,431,17,2024-11-03 23:19:26.456604,1,16.4,Completed,16.4
1567,475,44,2024-03-26 00:21:30.666913,1,220.71,Completed,220.71
1568,33,18,2025-10-20 18:19:00.091997,1,133.07,Completed,133.07
1569,769,19,2025-06-23 07:26:46.694846,1,245.83,Completed,245.83
1570,58,52,2024-11-21 01:03:33.903995,2,195.32,Completed,390.64
1571,402,41,2024-12-20 02:01:14.120070,3,41.92,Completed,125.76
1572,197,41,2024-01-15 07:52:43.256755,1,49.67,Completed,49.67
1573,257,12,2024-11-24 03:31:30.710945,1,101.68,Completed,101.68
1574,13,46,2024-06-26 02:52:17.206277,1,65.96,Completed,65.96
1574,13,3,2024-06-26 02:52:17.206277,1,101.78,Completed,101.78
1575,790,18,2024-08-03 05:26:46.492364,1,133.07,Completed,133.07
1575,790,1,2024-08-03 05:26:46.492364,1,121.97,Completed,121.97
1575,790,25,2024-08-03 05:26:46.492364,3,207.06,Completed,621.1800000000001
1576,204,17,2025-08-28 11:58:38.493914,1,16.4,Completed,16.4
1577,790,32,2024-10-12 23:10:08.591835,1,132.65,Completed,132.65
1578,214,4,2024-08-31 17:03:10.731506,1,100.31,Completed,100.31
1579,698,1,2024-03-15 22:39:53.640360,4,121.97,Completed,487.88
1579,698,33,2024-03-15 22:39:53.640360,1,35.23,Completed,35.23
1580,163,27,2025-09-10 18:28:09.721228,2,183.96,Returned,367.92
1580,163,45,2025-09-10 18:28:09.721228,1,18.68,Completed,18.68
1581,534,51,2024-11-11 04:55:29.748146,1,68.31,Completed,68.31
1581,534,38,2024-11-11 04:55:29.748146,3,220.99,Completed,662.97
1581,534,17,2024-11-11 04:55:29.748146,1,16.4,Completed,16.4
1582,54,45,2024-10-30 10:49:01.455560,1,19.93,Completed,19.93
1583,224,34,2024-12-27 20:43:12.921539,1,145.12,Completed,145.12
1584,242,33,2025-02-26 10:08:43.459244,2,35.23,Completed,70.46
1585,333,37,2025-06-17 16:29:46.110004,1,180.09,Completed,180.09
1586,599,29,2025-12-30 06:56:31.066388,1,128.55,Completed,128.55
1586,599,41,2025-12-30 06:56:31.066388,1,37.67,Completed,37.67
1587,708,59,2024-01-28 00:32:29.781336,1,179.72,Completed,179.72
1588,611,42,2024-10-18 18:24:00.436913,1,157.62,Completed,157.62
1589,790,53,2025-01-09 17:59:32.064337,1,144.09,Completed,144.09
1590,94,26,2025-06-12 23:14:25.887703,1,152.0,Completed,152.0
1591,347,19,2025-11-13 18:07:20.326513,1,245.83,Completed,245.83
1592,778,36,2025-10-22 16:52:53.223327,1,33.56,Completed,33.56
1593,62,16,2025-09-25 08:57:03.993982,2,103.54,Completed,207.08
1594,158,28,2024-06-18 06:59:21.738030,1,29.06,Completed,29.06
1595,110,55,2024-02-14 07:32:45.717816,1,182.45,Completed,182.45
1596,572,16,2024-01-14 21:13:27.934182,1,103.54,Completed,103.54
1597,775,26,2025-02-24 18:35:12.216792,1,152.0,Returned,152.0
1598,450,14,2025-02-07 21:02:22.573590,4,234.6,Completed,938.4
1599,22,54,2024-07-14 12:42:43.982263,1,29.61,Completed,29.61
1600,367,40,2025-04-18 06:13:15.623774,1,146.43,Completed,146.43
1600,367,27,2025-04-18 06:13:15.623774,1,183.96,Completed,183.96
1601,41,5,2025-10-11 01:44:35.579583,1,18.8,Completed,18.8
1601,41,45,2025-10-11 01:44:35.579583,2,19.93,Completed,39.86
1602,302,53,2024-03-26 08:48:06.382110,1,184.37,Completed,184.37
1602,302,4,2024-03-26 08:48:06.382110,1,100.31,Completed,100.31
1602,302,30,2024-03-26 08:48:06.382110,2,133.76,Completed,267.52
1603,557,3,2025-03-30 13:38:45.619483,1,101.78,Completed,101.78
1604,750,53,2025-04-16 17:04:13.149765,1,184.37,Completed,184.37
1604,750,52,2025-04-16 17:04:13.149765,1,195.32,Completed,195.32
1605,614,35,2024-11-23 06:39:39.208136,1,241.49,Completed,241.49
1606,568,30,2024-11-14 10:44:58.811581,1,133.76,Returned,133.76
1606,568,53,2024-11-14 10:44:58.811581,3,184.37,Completed,553.11
1607,461,30,2024-04-27 18:33:42.502486,1,133.76,Completed,133.76
1608,270,21,2025-06-14 03:11:02.581355,1,237.67,Completed,237.67
1608,270,15,2025-06-14 03:11:02.581355,1,65.03,Completed,65.03
1609,795,54,2024-12-08 13:05:32.844334,3,29.61,Completed,88.83
1609,795,11,2024-12-08 13:05:32.844334,1,63.06,Completed,63.06
1610,190,46,2024-11-15 19:41:57.349356,1,73.0,Completed,73.0
1611,635,47,2025-01-05 13:46:54.337452,1,89.76,Completed,89.76
1612,795,55,2025-03-04 23:46:50.163445,4,229.05,Completed,916.2
1613,329,42,2025-05-15 00:44:45.447567,1,157.62,Completed,157.62
1614,675,22,2025-11-03 20:48:27.553324,1,59.28,Completed,59.28
1615,397,18,2025-09-15 00:30:37.534834,4,133.07,Completed,532.28
1616,700,35,2025-06-06 02:17:21.576591,1,241.49,Completed,241.49
1616,700,20,2025-06-06 02:17:21.576591,1,237.72,Returned,237.72
1617,628,9,2024-12-07 23:32:48.362740,1,169.69,Completed,169.69
1617,628,11,2024-12-07 23:32:48.362740,1,63.06,Completed,63.06
1618,330,11,2025-10-06 17:11:52.269087,1,53.89,Cancelled,53.89
1619,69,48,2025-06-11 18:52:20.854297,1,78.05,Completed,78.05
1619,69,10,2025-06-11 18:52:20.854297,1,108.18,Completed,108.18
1620,33,32,2024-10-11 23:18:14.403069,1,150.19,Completed,150.19
1621,498,27,2024-10-31 07:24:21.936188,1,183.96,Completed,183.96
1622,33,17,2025-11-18 01:46:16.588462,1,16.4,Completed,16.4
1622,33,27,2025-11-18 01:46:16.588462,2,183.96,Completed,367.92
1623,674,13,2025-04-21 07:48:11.848914,3,241.68,Completed,725.04
1623,674,42,2025-04-21 07:48:11.848914,4,157.62,Completed,630.48
1624,605,52,2024-09-19 23:40:39.165941,3,195.32,Completed,585.96
1625,376,3,2024-12-10 19:07:52.729997,2,101.78,Completed,203.56
1625,376,22,2024-12-10 19:07:52.729997,1,59.28,Completed,59.28
1626,14,54,2025-12-09 18:53:51.072562,1,29.61,Cancelled,29.61
1626,14,23,2025-12-09 18:53:51.072562,3,18.33,Completed,54.989999999999995
1626,14,41,2025-12-09 18:53:51.072562,1,49.67,Completed,49.67
1627,82,12,2024-04-28 06:41:28.376248,3,101.68,Completed,305.04
1628,655,37,2024-05-31 06:17:40.240441,1,170.73,Completed,170.73
1629,426,31,2025-05-19 05:01:15.804563,1,10.99,Completed,10.99
1630,726,23,2024-03-03 22:04:55.365040,3,16.01,Completed,48.03
1631,542,13,2024-12-18 12:13:43.256361,1,184.66,Completed,184.66
1631,542,44,2024-12-18 12:13:43.256361,1,220.71,Completed,220.71
1632,222,33,2024-05-06 12:03:36.482349,1,35.23,Completed,35.23
1633,100,1,2024-04-24 02:37:22.562468,1,97.11,Completed,97.11
1634,395,41,2024-12-25 07:05:38.675661,1,49.67,Completed,49.67
1635,539,44,2025-08-02 05:48:45.447823,1,220.71,Completed,220.71
1635,539,47,2025-08-02 05:48:45.447823,1,89.76,Completed,89.76
1635,539,4,2025-08-02 05:48:45.447823,2,100.31,Completed,200.62
1636,572,44,2025-11-19 10:19:05.935038,1,220.71,Completed,220.71
1637,426,26,2024-12-26 10:03:48.156209,1,152.0,Completed,152.0
1638,785,9,2024-06-20 08:16:30.805147,1,169.69,Completed,169.69
1639,367,16,2025-02-10 11:40:13.980182,1,103.54,Completed,103.54
1640,720,40,2025-12-30 11:03:23.851684,2,146.43,Completed,292.86
1640,720,35,2025-12-30 11:03:23.851684,1,241.49,Completed,241.49
1641,171,22,2024-09-18 21:56:38.111884,1,59.28,Completed,59.28
1642,564,9,2024-07-09 09:21:22.717736,1,169.69,Completed,169.69
1643,346,22,2025-05-09 03:46:33.877604,4,59.28,Returned,237.12
1643,346,3,2025-05-09 03:46:33.877604,4,101.78,Completed,407.12
1644,615,28,2024-05-07 13:00:11.547920,2,29.06,Completed,58.12
1644,615,15,2024-05-07 13:00:11.547920,1,65.03,Completed,65.03
1645,323,16,2025-09-19 09:46:06.564888,1,103.54,Completed,103.54
1645,323,2,2025-09-19 09:46:06.564888,1,72.13,Completed,72.13
1646,381,33,2025-01-02 12:57:01.170476,1,35.23,Completed,35.23
1647,649,57,2025-08-11 23:24:29.912645,1,98.49,Completed,98.49
1648,744,39,2024-09-03 13:06:46.442869,1,71.92,Completed,71.92
1649,247,39,2024-03-24 04:44:31.271281,1,71.92,Completed,71.92
1650,220,28,2024-06-14 11:36:47.826728,1,29.06,Completed,29.06
1650,220,11,2024-06-14 11:36:47.826728,1,63.06,Completed,63.06
1651,763,24,2025-02-14 05:54:53.933080,1,173.32,Completed,173.32
1652,464,50,2024-12-21 01:07:12.067100,3,243.34,Completed,730.02
1652,464,4,2024-12-21 01:07:12.067100,2,100.31,Completed,200.62
1652,464,1,2024-12-21 01:07:12.067100,2,121.97,Completed,243.94
1653,292,22,2025-12-26 08:58:21.496691,1,59.28,Completed,59.28
1653,292,45,2025-12-26 08:58:21.496691,1,19.93,Returned,19.93
1653,292,7,2025-12-26 08:58:21.496691,1,144.55,Cancelled,144.55
1654,310,54,2025-07-26 23:11:57.431254,3,28.04,Completed,84.12
1655,220,38,2025-07-15 15:25:50.717687,1,220.99,Completed,220.99
1656,23,59,2025-07-16 04:03:45.088876,3,179.72,Completed,539.16
1657,707,45,2025-02-10 15:01:53.661677,1,19.93,Completed,19.93
1657,707,35,2025-02-10 15:01:53.661677,4,241.49,Completed,965.96
1658,524,47,2025-10-16 07:29:09.923175,1,89.76,Completed,89.76
1658,524,20,2025-10-16 07:29:09.923175,1,237.72,Completed,237.72
1659,159,48,2025-09-14 23:42:38.714833,1,70.1,Completed,70.1
1659,159,15,2025-09-14 23:42:38.714833,1,65.03,Completed,65.03
1660,272,13,2025-09-29 19:08:53.638723,1,241.68,Completed,241.68
1660,272,27,2025-09-29 19:08:53.638723,3,183.96,Completed,551.88
1660,272,33,2025-09-29 19:08:53.638723,1,35.23,Returned,35.23
1661,308,4,2025-03-17 03:09:06.369018,1,83.25,Completed,83.25
1662,223,3,2024-03-17 00:34:05.669967,1,101.78,Completed,101.78
1663,741,41,2024-02-06 19:23:39.036911,3,49.67,Completed,149.01
1663,741,30,2024-02-06 19:23:39.036911,1,133.76,Completed,133.76
1664,500,27,2025-11-21 18:36:38.096217,1,183.96,Completed,183.96
1665,707,27,2025-08-06 06:15:00.834516,2,183.96,Completed,367.92
1666,98,10,2025-12-03 17:34:38.461596,1,108.18,Completed,108.18
1667,308,45,2025-07-05 16:59:28.214093,1,18.17,Completed,18.17
1668,391,59,2025-12-12 12:02:20.169218,1,136.8,Completed,136.8
1669,790,45,2025-07-24 14:32:59.889354,1,19.93,Completed,19.93
1670,445,60,2025-03-21 01:10:13.645847,1,196.88,Completed,196.88
1671,124,1,2025-09-18 14:56:50.739206,2,121.97,Completed,243.94
1672,233,27,2024-03-15 08:43:40.990213,1,183.96,Completed,183.96
1673,617,56,2025-02-14 14:31:28.560086,1,125.24,Completed,125.24
1674,650,39,2025-01-05 07:59:46.825601,1,71.92,Completed,71.92
1675,392,23,2024-05-01 22:39:04.126984,1,15.67,Completed,15.67
1675,392,59,2024-05-01 22:39:04.126984,1,179.72,Completed,179.72
1676,579,21,2024-03-27 04:23:59.391204,1,202.13,Completed,202.13
1677,227,43,2024-05-29 22:22:00.184792,1,105.22,Returned,105.22
1678,690,45,2024-09-20 23:54:19.397629,1,19.93,Completed,19.93
1679,403,4,2025-06-15 16:40:45.666021,1,100.31,Completed,100.31
1680,771,33,2025-05-31 23:01:19.540356,1,35.23,Completed,35.23
1681,517,42,2025-07-10 05:37:16.926680,1,131.83,Completed,131.83
1682,404,11,2024-12-29 19:48:37.178741,2,51.53,Returned,103.06
1683,488,38,2025-09-27 11:01:56.356685,1,220.99,Completed,220.99
1684,51,54,2024-04-22 15:15:40.435939,1,29.61,Returned,29.61
1685,269,29,2024-09-22 12:40:14.239338,1,120.41,Completed,120.41
1686,793,23,2025-08-20 23:41:48.894479,1,18.33,Completed,18.33
1687,781,11,2024-03-30 18:40:13.383956,3,54.35,Completed,163.05
1687,781,10,2024-03-30 18:40:13.383956,1,108.18,Completed,108.18
1688,668,57,2024-05-27 09:07:06.913186,1,98.49,Completed,98.49
1688,668,50,2024-05-27 09:07:06.913186,2,243.34,Cancelled,486.68
1688,668,4,2024-05-27 09:07:06.913186,1,100.31,Completed,100.31
1689,537,19,2025-12-08 20:02:03.854218,2,245.83,Completed,491.66
1689,537,38,2025-12-08 20:02:03.854218,1,200.07,Completed,200.07
1690,332,13,2025-07-15 12:43:19.684564,1,241.68,Completed,241.68
1690,332,44,2025-07-15 12:43:19.684564,2,220.71,Completed,441.42
1691,116,26,2024-01-05 19:24:51.481428,1,152.0,Completed,152.0
1692,434,58,2025-09-01 09:55:48.864990,1,199.54,Completed,199.54
1693,196,53,2024-12-11 18:34:53.715082,1,184.37,Returned,184.37
1693,196,57,2024-12-11 18:34:53.715082,1,98.49,Completed,98.49
1693,196,46,2024-12-11 18:34:53.715082,1,59.2,Returned,59.2
1694,359,59,2024-07-28 08:00:19.494724,1,179.72,Completed,179.72
1695,453,25,2024-05-05 00:30:23.965787,2,207.06,Completed,414.12
1696,452,37,2024-07-13 04:35:37.769001,4,181.04,Completed,724.16
1696,452,25,2024-07-13 04:35:37.769001,4,207.06,Completed,828.24
1697,383,7,2025-06-06 02:17:58.276587,4,144.55,Cancelled,578.2
1698,746,39,2024-10-29 22:57:02.874171,1,71.92,Completed,71.92
1699,116,2,2025-04-04 11:47:45.033604,1,72.13,Completed,72.13
1700,249,29,2024-06-28 04:18:23.139359,4,141.6,Completed,566.4
1701,152,41,2025-07-03 20:10:25.146571,1,49.67,Completed,49.67
1701,152,31,2025-07-03 20:10:25.146571,1,10.99,Completed,10.99
1702,15,3,2025-01-21 15:28:22.086833,1,101.78,Completed,101.78
1703,114,57,2025-07-28 16:01:11.228253,1,98.49,Completed,98.49
1703,114,31,2025-07-28 16:01:11.228253,4,10.99,Completed,43.96
1704,340,19,2024-04-10 17:39:38.547307,4,245.83,Returned,983.32
1704,340,30,2024-04-10 17:39:38.547307,1,133.76,Completed,133.76
1705,209,58,2024-11-09 00:58:34.688022,1,199.54,Completed,199.54
1706,769,5,2025-11-01 03:42:41.082256,1,18.8,Completed,18.8
1706,769,3,2025-11-01 03:42:41.082256,1,101.78,Completed,101.78
1707,748,34,2025-10-17 14:06:11.921683,1,145.12,Completed,145.12
1707,748,55,2025-10-17 14:06:11.921683,2,229.05,Completed,458.1
1708,685,3,2025-11-25 20:14:46.611858,1,88.2,Completed,88.2
1709,680,22,2025-01-11 19:02:26.674388,1,59.28,Returned,59.28
1710,262,28,2025-05-13 00:07:12.554545,1,29.06,Completed,29.06
1710,262,27,2025-05-13 00:07:12.554545,1,183.96,Completed,183.96
1711,714,3,2025-11-19 22:19:45.448662,1,101.78,Completed,101.78
1712,55,15,2024-11-19 01:58:43.094594,1,65.03,Completed,65.03
1712,55,52,2024-11-19 01:58:43.094594,1,195.32,Completed,195.32
1713,69,31,2025-07-16 05:03:38.182423,1,10.99,Completed,10.99
1714,278,14,2025-06-07 20:48:10.405014,3,234.6,Completed,703.8
1715,676,34,2025-01-12 15:56:57.133980,4,145.12,Returned,580.48
1715,676,23,2025-01-12 15:56:57.133980,1,14.82,Completed,14.82
1715,676,7,2025-01-12 15:56:57.133980,1,144.55,Completed,144.55
1716,396,28,2024-02-20 19:03:44.745869,3,29.06,Completed,87.17999999999999
1717,390,56,2024-09-03 23:04:46.420746,1,125.24,Completed,125.24
1718,727,7,2024-10-20 04:55:23.560479,1,117.53,Completed,117.53
1718,727,20,2024-10-20 04:55:23.560479,1,237.72,Completed,237.72
1719,545,13,2025-07-17 19:58:07.269517,1,190.87,Returned,190.87
1720,469,1,2024-11-12 20:56:46.774653,1,121.97,Completed,121.97
1721,730,42,2024-10-14 02:01:29.946835,4,126.01,Returned,504.04
1722,543,18,2024-01-28 01:52:55.971891,1,133.07,Completed,133.07
1723,502,16,2025-11-04 10:31:49.639008,1,103.54,Completed,103.54
1724,161,39,2024-04-20 04:40:50.852930,2,63.78,Completed,127.56
1725,364,29,2025-02-23 10:14:35.509630,1,141.6,Completed,141.6
1726,242,18,2025-12-14 17:52:54.263310,1,133.07,Completed,133.07
1726,242,31,2025-12-14 17:52:54.263310,1,10.99,Completed,10.99
1727,283,49,2025-12-16 10:25:29.102099,2,215.69,Completed,431.38
1727,283,49,2025-12-16 10:25:29.102099,1,215.69,Completed,215.69
1727,283,12,2025-12-16 10:25:29.102099,1,101.68,Completed,101.68
1728,31,22,2025-08-06 07:43:11.323369,1,59.28,Completed,59.28
1729,287,22,2025-10-01 08:14:58.450824,1,59.28,Cancelled,59.28
1730,350,4,2025-12-11 01:01:23.878392,4,100.31,Cancelled,401.24
1731,673,14,2024-11-02 02:13:43.739516,2,210.2,Completed,420.4
1732,534,18,2025-10-08 14:54:55.939874,3,133.07,Completed,399.21
1733,628,37,2025-05-26 13:50:51.761714,3,198.15,Completed,594.45
1734,703,21,2025-09-29 16:31:56.282230,1,237.67,Completed,237.67
1735,247,32,2025-06-10 17:34:27.438235,1,150.19,Completed,150.19
1735,247,47,2025-06-10 17:34:27.438235,3,89.76,Completed,269.28000000000003
1736,320,45,2024-08-16 23:56:25.947965,1,19.93,Completed,19.93
1737,338,7,2024-09-08 05:38:13.044800,1,144.55,Completed,144.55
1738,135,36,2025-08-26 17:06:08.258440,4,33.56,Completed,134.24
1739,142,10,2025-10-19 03:39:11.889581,1,108.18,Completed,108.18
1739,142,52,2025-10-19 03:39:11.889581,1,195.32,Completed,195.32
1740,208,19,2025-03-21 14:13:35.881159,1,245.83,Completed,245.83
1741,317,32,2024-04-17 05:01:08.189402,3,150.19,Completed,450.57
1742,537,15,2024-10-21 20:59:42.156906,1,65.03,Completed,65.03
1743,441,19,2025-04-15 00:45:58.241968,1,245.83,Completed,245.83
1744,789,10,2025-10-09 22:23:50.499807,4,101.32,Completed,405.28
1745,162,20,2025-03-31 18:46:53.776403,3,237.72,Completed,713.16
1745,162,17,2025-03-31 18:46:53.776403,1,16.4,Completed,16.4
1745,162,24,2025-03-31 18:46:53.776403,1,173.32,Completed,173.32
1746,122,31,2025-03-27 06:38:39.614688,2,10.99,Completed,21.98
1747,150,16,2024-11-18 18:21:34.887141,1,103.54,Completed,103.54
1748,784,25,2024-09-09 00:47:26.672632,1,207.06,Completed,207.06
1749,424,16,2025-08-15 15:16:49.738746,1,103.54,Returned,103.54
1750,311,26,2025-04-18 14:13:21.898928,1,152.0,Completed,152.0
1751,653,22,2025-07-20 01:00:49.902408,3,59.28,Cancelled,177.84
1752,281,27,2025-10-05 02:40:35.170345,1,183.96,Returned,183.96
1753,193,38,2024-03-02 12:36:06.393392,1,173.91,Completed,173.91
1754,781,25,2025-01-27 07:50:05.248376,1,207.06,Completed,207.06
1754,781,60,2025-01-27 07:50:05.248376,2,196.88,Completed,393.76
1755,621,52,2024-10-11 16:41:12.485153,1,195.32,Completed,195.32
1755,621,38,2024-10-11 16:41:12.485153,2,220.99,Cancelled,441.98
1756,238,38,2025-06-08 18:47:13.399068,3,220.99,Cancelled,662.97
1757,27,25,2025-10-04 07:25:14.863576,1,207.06,Completed,207.06
1757,27,49,2025-10-04 07:25:14.863576,1,215.69,Returned,215.69
1758,489,19,2025-01-14 22:37:45.089961,2,225.97,Completed,451.94
1759,481,41,2025-01-29 18:38:41.052318,1,49.67,Completed,49.67
1760,383,9,2024-06-05 00:37:43.374411,3,169.69,Returned,509.07
1761,397,55,2025-01-08 12:29:11.586430,1,229.05,Completed,229.05
1761,397,8,2025-01-08 12:29:11.586430,1,139.24,Completed,139.24
1762,34,24,2024-08-15 22:39:44.233130,2,173.32,Completed,346.64
1762,34,45,2024-08-15 22:39:44.233130,1,19.93,Cancelled,19.93
1763,277,31,2024-09-05 17:13:10.467152,1,10.99,Completed,10.99
1764,228,58,2025-04-09 01:12:36.150869,2,199.54,Completed,399.08
1765,208,21,2024-01-18 02:20:56.125921,1,237.67,Completed,237.67
1766,68,26,2025-10-11 22:23:41.312546,4,152.0,Completed,608.0
1767,450,15,2025-01-29 03:37:11.648022,3,65.03,Returned,195.09
1768,502,24,2024-07-07 20:15:07.045098,3,173.32,Completed,519.96
1769,469,48,2025-08-30 12:39:06.650807,4,83.25,Returned,333.0
1770,438,23,2024-08-09 21:03:55.483158,1,18.33,Cancelled,18.33
1771,43,26,2024-11-04 14:30:28.355762,1,152.0,Completed,152.0
1771,43,2,2024-11-04 14:30:28.355762,2,72.13,Completed,144.26
1772,738,21,2025-01-03 20:24:38.764029,1,237.67,Completed,237.67
1772,738,38,2025-01-03 20:24:38.764029,1,220.99,Completed,220.99
1773,761,41,2025-06-18 08:23:51.429995,2,49.67,Completed,99.34
1773,761,3,2025-06-18 08:23:51.429995,1,101.78,Completed,101.78
1773,761,39,2025-06-18 08:23:51.429995,1,71.92,Returned,71.92
1774,722,1,2025-09-06 08:32:30.790534,1,121.97,Completed,121.97
1775,534,50,2024-07-08 14:55:59.319400,1,204.74,Completed,204.74
1776,44,59,2025-01-05 11:23:20.711838,2,179.72,Completed,359.44
1777,252,42,2024-03-31 09:12:14.706517,1,157.62,Cancelled,157.62
1778,406,5,2025-07-06 06:55:48.727571,3,18.8,Completed,56.400000000000006
1779,41,31,2025-11-18 04:19:47.761803,1,10.99,Completed,10.99
1779,41,55,2025-11-18 04:19:47.761803,1,229.05,Completed,229.05
1780,646,14,2024-11-23 13:52:12.868738,1,234.6,Completed,234.6
1781,195,31,2025-02-21 21:03:57.993419,1,10.99,Completed,10.99
1781,195,54,2025-02-21 21:03:57.993419,1,29.61,Completed,29.61
1782,312,32,2024-01-04 19:20:19.447315,1,150.19,Completed,150.19
1782,312,36,2024-01-04 19:20:19.447315,1,33.56,Completed,33.56
1783,171,52,2024-09-04 10:56:05.143346,1,195.32,Completed,195.32
1784,628,24,2024-06-21 08:25:30.603175,1,173.32,Completed,173.32
1785,707,41,2025-06-28 09:40:53.083114,1,49.67,Completed,49.67
1786,146,57,2025-02-28 13:31:25.615395,2,98.49,Completed,196.98
1787,662,51,2025-06-05 16:37:03.211942,1,80.72,Completed,80.72
1787,662,18,2025-06-05 16:37:03.211942,1,133.07,Completed,133.07
1788,116,10,2025-11-15 09:41:26.657687,1,108.18,Completed,108.18
1788,116,24,2025-11-15 09:41:26.657687,1,173.32,Completed,173.32
1788,116,49,2025-11-15 09:41:26.657687,2,215.69,Completed,431.38
1789,560,25,2025-04-30 19:55:11.835888,1,172.42,Completed,172.42
1789,560,20,2025-04-30 19:55:11.835888,2,237.72,Completed,475.44
1790,184,24,2025-09-08 11:33:57.224490,2,173.32,Completed,346.64
1791,730,6,2024-06-19 16:50:23.884085,1,71.74,Completed,71.74
1792,466,45,2024-08-06 10:00:43.934827,1,16.24,Cancelled,16.24
1792,466,27,2024-08-06 10:00:43.934827,3,183.96,Completed,551.88
1793,729,40,2025-05-01 20:28:47.970176,1,146.43,Completed,146.43
1793,729,49,2025-05-01 20:28:47.970176,4,215.69,Completed,862.76
1794,127,28,2025-08-18 00:11:17.346940,1,25.9,Completed,25.9
1795,650,16,2025-02-22 02:51:20.458824,1,103.54,Completed,103.54
1795,650,44,2025-02-22 02:51:20.458824,1,220.71,Completed,220.71
1796,394,48,2024-04-12 04:18:01.977889,4,83.25,Completed,333.0
1797,524,18,2024-10-02 16:42:12.591549,1,133.07,Completed,133.07
1798,164,52,2025-06-22 09:12:57.181073,2,195.32,Completed,390.64
1799,390,23,2024-03-17 19:34:32.392699,2,14.37,Completed,28.74
1799,390,17,2024-03-17 19:34:32.392699,3,16.4,Completed,49.199999999999996
1799,390,16,2024-03-17 19:34:32.392699,2,103.54,Completed,207.08
1800,154,12,2025-01-12 00:14:09.510824,1,101.68,Completed,101.68
1801,149,48,2024-05-20 13:34:05.504957,1,83.25,Completed,83.25
1801,149,17,2024-05-20 13:34:05.504957,1,16.4,Completed,16.4
1802,430,3,2025-07-22 08:11:14.691691,2,101.78,Completed,203.56
1803,748,42,2024-11-27 15:30:14.516672,1,157.62,Completed,157.62
1804,457,46,2024-04-16 23:36:46.802808,4,73.0,Completed,292.0
1804,457,52,2024-04-16 23:36:46.802808,1,195.32,Completed,195.32
1805,135,28,2024-11-06 18:07:34.170144,1,29.06,Completed,29.06
1806,4,21,2024-10-27 19:10:03.811483,1,237.67,Completed,237.67
1806,4,9,2024-10-27 19:10:03.811483,1,169.69,Completed,169.69
1807,470,34,2024-03-08 08:11:44.431816,2,145.12,Completed,290.24
1808,511,48,2024-11-06 04:00:55.989898,1,83.25,Completed,83.25
1809,6,42,2024-04-04 22:42:33.798794,3,157.62,Completed,472.86
1810,506,10,2024-06-05 19:01:21.802890,4,108.18,Completed,432.72
1811,603,34,2024-02-26 23:50:00.844021,1,145.12,Completed,145.12
1812,465,53,2025-05-09 01:55:45.109570,1,184.37,Completed,184.37
1812,465,28,2025-05-09 01:55:45.109570,1,25.28,Completed,25.28
1813,251,48,2024-10-21 00:14:41.850724,2,83.25,Completed,166.5
1813,251,8,2024-10-21 00:14:41.850724,1,176.55,Completed,176.55
1814,644,5,2025-02-12 01:07:38.142433,1,18.8,Completed,18.8
1814,644,3,2025-02-12 01:07:38.142433,4,101.78,Completed,407.12
1815,51,20,2025-07-22 13:00:32.723931,1,237.72,Completed,237.72
1816,57,7,2025-09-28 13:41:57.007575,1,144.55,Returned,144.55
1817,38,60,2025-03-02 13:00:07.864330,1,148.94,Completed,148.94
1818,592,48,2025-04-09 14:47:57.610580,4,83.25,Returned,333.0
1818,592,16,2025-04-09 14:47:57.610580,1,103.54,Completed,103.54
1819,90,48,2025-12-28 10:53:10.707731,4,69.38,Completed,277.52
1819,90,24,2025-12-28 10:53:10.707731,1,173.32,Completed,173.32
1820,689,26,2025-05-17 23:35:34.564798,2,152.0,Completed,304.0
1821,677,5,2025-11-22 21:48:25.171844,1,18.8,Completed,18.8
1822,610,17,2025-06-18 03:40:52.130728,1,16.4,Completed,16.4
1823,576,18,2024-10-31 08:28:46.578744,2,133.07,Completed,266.14
1823,576,29,2024-10-31 08:28:46.578744,1,141.6,Completed,141.6
1824,593,48,2024-04-28 21:00:19.440247,1,83.25,Completed,83.25
1825,37,6,2025-01-04 05:22:07.708998,4,58.1,Cancelled,232.4
1826,378,8,2024-12-19 21:04:20.390872,3,176.55,Completed,529.6500000000001
1827,70,12,2024-11-30 03:07:41.738925,1,101.68,Completed,101.68
1827,70,58,2024-11-30 03:07:41.738925,1,199.54,Returned,199.54
1827,70,31,2024-11-30 03:07:41.738925,1,9.28,Completed,9.28
1828,125,49,2025-12-07 15:55:02.101616,1,215.69,Completed,215.69
1829,282,43,2025-01-09 15:00:34.921195,1,105.22,Completed,105.22
1830,424,44,2025-01-21 06:33:07.874912,1,220.71,Completed,220.71
1831,713,40,2025-05-21 23:07:36.317501,1,146.43,Completed,146.43
1832,60,16,2024-11-28 11:10:30.682322,2,92.77,Completed,185.54
1833,645,60,2024-01-24 19:16:53.276087,1,196.88,Completed,196.88
1833,645,35,2024-01-24 19:16:53.276087,1,216.09,Completed,216.09
1834,620,30,2024-04-24 11:49:53.440857,1,133.76,Completed,133.76
1834,620,3,2024-04-24 11:49:53.440857,2,101.78,Completed,203.56
1834,620,44,2024-04-24 11:49:53.440857,1,220.71,Completed,220.71
1835,624,56,2025-02-12 02:08:51.460369,3,125.24,Completed,375.71999999999997
1836,266,3,2025-11-03 20:08:15.602808,1,101.78,Cancelled,101.78
1837,639,21,2024-03-27 16:46:52.872828,1,237.67,Completed,237.67
1837,639,49,2024-03-27 16:46:52.872828,1,186.04,Cancelled,186.04
1838,533,33,2025-09-14 04:36:28.168190,1,35.23,Completed,35.23
1839,510,50,2024-03-21 13:05:22.475917,4,243.34,Completed,973.36
1840,185,4,2024-09-26 19:08:46.007401,2,100.31,Completed,200.62
1841,239,10,2024-07-30 09:37:36.752776,1,108.18,Completed,108.18
1842,199,54,2025-01-16 15:03:42.411290,1,22.35,Returned,22.35
1842,199,8,2025-01-16 15:03:42.411290,1,176.55,Completed,176.55
1843,121,5,2024-03-26 22:50:36.883202,1,18.8,Completed,18.8
1843,121,20,2024-03-26 22:50:36.883202,1,237.72,Completed,237.72
1844,631,15,2024-08-10 14:16:43.886104,1,65.03,Completed,65.03
1845,424,9,2024-09-30 08:32:06.024372,4,139.13,Completed,556.52
1845,424,13,2024-09-30 08:32:06.024372,1,241.68,Completed,241.68
1846,218,60,2024-08-02 14:33:08.236608,1,155.58,Completed,155.58
1847,289,43,2024-01-21 10:10:14.880910,1,105.22,Completed,105.22
1848,70,15,2024-04-14 07:04:18.267393,1,65.03,Completed,65.03
1849,519,11,2025-07-26 04:02:40.567605,1,63.06,Completed,63.06
1849,519,35,2025-07-26 04:02:40.567605,1,241.49,Completed,241.49
1850,117,58,2024-11-03 21:10:55.502389,1,199.54,Completed,199.54
1851,350,27,2025-11-14 21:05:52.369397,1,183.96,Completed,183.96
1851,350,56,2025-11-14 21:05:52.369397,2,125.24,Completed,250.48
1851,350,53,2025-11-14 21:05:52.369397,1,184.37,Completed,184.37
1852,180,38,2024-08-10 18:28:21.524957,1,220.99,Completed,220.99
1853,347,31,2024-07-25 22:36:35.616844,1,10.99,Completed,10.99
1854,491,25,2024-05-13 15:30:40.922760,1,207.06,Completed,207.06
1854,491,56,2024-05-13 15:30:40.922760,2,125.24,Completed,250.48
1855,662,17,2025-06-23 22:50:56.100896,1,12.81,Completed,12.81
1856,472,22,2024-01-02 12:32:32.657153,1,59.28,Completed,59.28
1857,550,55,2025-02-03 16:51:12.560879,1,229.05,Completed,229.05
1857,550,11,2025-02-03 16:51:12.560879,1,63.06,Returned,63.06
1858,424,9,2024-02-19 07:43:50.581477,1,169.69,Completed,169.69
1859,58,51,2024-02-02 14:50:13.129769,2,80.72,Completed,161.44
1860,307,25,2024-12-17 06:12:39.967446,3,207.06,Completed,621.1800000000001
1860,307,10,2024-12-17 06:12:39.967446,1,108.18,Completed,108.18
1860,307,47,2024-12-17 06:12:39.967446,2,89.76,Completed,179.52
1861,20,6,2024-08-14 01:58:36.916542,4,71.74,Completed,286.96
1862,702,3,2024-11-26 05:35:59.908167,1,101.78,Completed,101.78
1862,702,53,2024-11-26 05:35:59.908167,1,184.37,Completed,184.37
1863,363,8,2024-09-03 14:39:47.883387,2,137.68,Completed,275.36
1863,363,23,2024-09-03 14:39:47.883387,1,18.33,Completed,18.33
1864,348,15,2024-10-02 10:23:40.721215,1,65.03,Completed,65.03
1865,642,12,2025-09-01 03:44:20.374304,3,101.68,Completed,305.04
1866,170,59,2025-08-31 14:08:03.533729,1,179.72,Completed,179.72
1867,399,19,2024-04-06 22:49:27.558004,1,245.83,Completed,245.83
1868,120,42,2024-04-11 02:54:37.622817,1,157.62,Completed,157.62
1868,120,8,2024-04-11 02:54:37.622817,1,176.55,Completed,176.55
1869,723,49,2025-04-09 14:47:01.707369,2,215.69,Completed,431.38
1870,727,58,2025-07-10 00:36:44.074433,1,166.17,Completed,166.17
1870,727,40,2025-07-10 00:36:44.074433,1,146.43,Completed,146.43
1871,244,20,2025-05-02 01:42:26.819574,1,237.72,Completed,237.72
1872,310,27,2024-04-18 18:10:29.975216,1,183.96,Completed,183.96
1872,310,7,2024-04-18 18:10:29.975216,2,144.55,Completed,289.1
1873,115,54,2025-06-15 08:10:48.053932,1,29.61,Completed,29.61
1873,115,9,2025-06-15 08:10:48.053932,1,134.13,Completed,134.13
1873,115,19,2025-06-15 08:10:48.053932,1,209.25,Completed,209.25
1874,495,2,2024-03-06 04:47:54.469239,1,72.13,Completed,72.13
1875,158,56,2025-04-01 01:58:40.574268,1,125.24,Completed,125.24
1875,158,10,2025-04-01 01:58:40.574268,1,108.18,Completed,108.18
1876,751,43,2025-03-31 05:17:15.306305,1,105.22,Completed,105.22
1877,318,45,2024-10-09 16:21:33.594192,4,19.93,Completed,79.72
1878,147,8,2025-10-19 04:16:55.916473,1,176.55,Completed,176.55
1878,147,32,2025-10-19 04:16:55.916473,3,142.15,Completed,426.45000000000005
1879,529,28,2024-09-04 11:14:34.423909,4,29.06,Completed,116.24
1880,136,50,2024-02-03 10:45:41.023678,1,243.34,Completed,243.34
1880,136,38,2024-02-03 10:45:41.023678,1,182.87,Completed,182.87
1881,535,2,2025-05-04 10:10:33.845299,2,58.58,Completed,117.16
1881,535,51,2025-05-04 10:10:33.845299,1,74.23,Completed,74.23
1882,90,5,2024-11-19 11:02:43.755008,2,18.8,Completed,37.6
1883,48,10,2024-07-21 11:36:42.269674,1,97.71,Completed,97.71
1884,764,37,2024-03-05 15:02:37.301997,2,198.15,Completed,396.3
1885,592,29,2024-04-30 21:34:15.503966,1,141.6,Completed,141.6
1886,655,27,2024-01-19 02:34:03.549014,1,183.96,Completed,183.96
1887,329,39,2025-04-04 23:30:48.205001,1,71.92,Completed,71.92
1887,329,34,2025-04-04 23:30:48.205001,1,145.12,Completed,145.12
1888,546,50,2025-07-17 06:20:48.708030,1,243.34,Completed,243.34
1889,452,47,2024-08-13 11:01:06.085915,2,89.76,Completed,179.52
1890,280,41,2025-04-15 23:11:51.185163,4,39.97,Completed,159.88
1891,16,29,2025-04-15 01:22:35.768462,1,141.6,Completed,141.6
1892,574,30,2024-03-03 03:51:48.926028,1,133.76,Completed,133.76
1893,212,3,2025-11-28 06:32:56.678816,1,101.78,Returned,101.78
1894,563,41,2025-01-30 12:56:14.792142,1,49.67,Completed,49.67
1895,145,19,2025-07-07 01:25:03.643755,1,245.83,Completed,245.83
1896,291,46,2025-11-29 19:46:11.915567,1,73.0,Completed,73.0
1897,176,54,2025-01-15 21:07:35.005383,1,25.84,Completed,25.84
1898,347,46,2025-07-01 21:47:10.352371,1,73.0,Completed,73.0
1899,52,28,2025-01-01 22:13:54.467010,3,24.53,Completed,73.59
1900,692,48,2024-01-14 14:59:40.246372,3,68.82,Completed,206.45999999999998
1900,692,15,2024-01-14 14:59:40.246372,1,53.87,Cancelled,53.87
1901,722,1,2025-04-25 12:37:02.420076,3,121.97,Completed,365.90999999999997
1902,607,23,2025-01-23 06:10:38.377684,3,18.33,Completed,54.989999999999995
1903,707,27,2025-12-03 12:50:27.388191,1,183.96,Completed,183.96
1904,632,10,2024-07-19 17:20:36.562943,1,108.18,Completed,108.18
1904,632,37,2024-07-19 17:20:36.562943,3,198.15,Cancelled,594.45
1905,203,37,2024-05-30 05:42:12.835116,1,198.15,Completed,198.15
1906,687,7,2025-08-28 16:10:42.436116,1,144.55,Completed,144.55
1906,687,30,2025-08-28 16:10:42.436116,1,125.01,Completed,125.01
1907,783,32,2025-09-04 09:50:00.827973,1,150.19,Completed,150.19
1908,135,46,2025-02-27 01:45:51.087040,1,66.46,Completed,66.46
1909,716,15,2024-03-02 19:01:55.163145,1,65.03,Returned,65.03
1910,467,51,2025-01-24 11:41:18.774622,2,80.72,Completed,161.44
1911,660,30,2024-08-21 21:57:14.182821,2,133.76,Completed,267.52
1912,477,16,2025-03-05 21:24:20.964170,1,103.54,Completed,103.54
1913,230,60,2024-12-24 18:36:27.607038,1,182.93,Completed,182.93
1914,265,40,2025-11-12 17:01:50.475886,1,146.43,Returned,146.43
1915,402,52,2024-09-05 04:02:19.839878,3,195.32,Completed,585.96
1916,682,21,2024-05-11 18:30:00.937424,1,237.67,Completed,237.67
1916,682,21,2024-05-11 18:30:00.937424,1,237.67,Cancelled,237.67
1917,333,49,2024-01-18 13:28:39.333879,1,215.69,Cancelled,215.69
1918,31,32,2025-01-20 08:50:19.563761,1,116.03,Completed,116.03
1919,491,58,2024-10-05 20:49:56.742272,1,199.54,Completed,199.54
1919,491,39,2024-10-05 20:49:56.742272,1,71.92,Cancelled,71.92
1920,787,41,2024-03-07 10:45:34.168140,1,49.67,Completed,49.67
1921,589,19,2025-12-16 05:51:09.759795,4,189.43,Completed,757.72
1922,732,1,2025-01-30 11:58:22.338895,2,121.97,Completed,243.94
1922,732,40,2025-01-30 11:58:22.338895,1,146.43,Completed,146.43
1923,666,55,2024-07-27 07:21:43.968022,1,185.63,Completed,185.63
1924,473,46,2024-05-13 08:21:34.515538,1,73.0,Completed,73.0
1925,424,11,2025-07-14 20:41:53.495125,1,63.06,Completed,63.06
1926,250,36,2024-04-22 14:03:48.732322,1,33.56,Completed,33.56
1927,494,16,2025-11-26 01:55:33.693109,1,103.54,Completed,103.54
1927,494,24,2025-11-26 01:55:33.693109,1,173.32,Returned,173.32
1928,711,60,2025-05-10 09:13:19.587220,1,196.88,Completed,196.88
1929,446,15,2024-02-13 00:10:07.072671,1,65.03,Completed,65.03
1930,351,38,2025-12-02 14:52:50.972812,3,220.99,Completed,662.97
1930,351,17,2025-12-02 14:52:50.972812,2,16.4,Completed,32.8
1931,679,27,2024-05-12 11:08:28.891333,1,183.96,Completed,183.96
1932,758,28,2025-06-04 17:01:36.921326,1,29.06,Completed,29.06
1933,588,11,2024-08-05 13:23:10.978139,1,63.06,Completed,63.06
1934,118,28,2024-03-13 01:59:55.189381,1,29.06,Returned,29.06
1935,475,23,2024-04-13 23:54:31.838826,1,18.33,Completed,18.33
1936,100,39,2025-10-13 21:33:11.119631,1,71.92,Completed,71.92
1937,181,47,2024-07-07 07:00:31.538137,1,89.76,Completed,89.76
1937,181,24,2024-07-07 07:00:31.538137,1,173.32,Completed,173.32
1937,181,47,2024-07-07 07:00:31.538137,3,89.76,Completed,269.28000000000003
1938,702,15,2025-11-18 08:26:17.039499,2,65.03,Completed,130.06
1939,790,2,2025-10-18 15:15:58.823400,1,72.13,Completed,72.13
1940,336,59,2024-02-07 20:54:16.692182,1,179.72,Completed,179.72
1941,677,48,2024-06-23 22:11:39.560703,1,66.06,Returned,66.06
1942,143,50,2025-03-11 19:31:15.338188,1,243.34,Returned,243.34
1942,143,4,2025-03-11 19:31:15.338188,1,100.31,Completed,100.31
1942,143,58,2025-03-11 19:31:15.338188,1,199.54,Completed,199.54
1943,1,11,2024-06-21 15:19:27.767635,1,63.06,Cancelled,63.06
1943,1,59,2024-06-21 15:19:27.767635,1,179.72,Returned,179.72
1944,464,49,2025-01-06 07:02:40.967245,1,215.69,Completed,215.69
1944,464,38,2025-01-06 07:02:40.967245,1,220.99,Completed,220.99
1945,592,56,2025-01-03 05:27:37.199891,4,125.24,Completed,500.96
1946,211,48,2025-11-24 00:44:08.235089,1,83.25,Completed,83.25
1946,211,41,2025-11-24 00:44:08.235089,1,49.67,Completed,49.67
1947,584,12,2024-07-15 13:55:02.906682,2,101.68,Completed,203.36
1948,696,32,2024-08-20 09:15:16.295377,1,150.19,Completed,150.19
1949,446,57,2025-02-07 18:40:53.105771,3,98.49,Completed,295.46999999999997
1950,353,35,2024-02-17 18:49:40.342842,1,241.49,Completed,241.49
1951,597,37,2024-01-22 02:26:26.845582,2,187.7,Completed,375.4
1952,414,44,2025-04-07 11:38:36.569829,2,220.71,Completed,441.42
1953,302,20,2025-10-29 00:38:20.119260,1,221.13,Completed,221.13
1954,55,20,2024-01-14 14:16:19.292420,1,204.92,Completed,204.92
1955,368,28,2025-02-08 11:23:54.998562,1,23.44,Completed,23.44
1955,368,26,2025-02-08 11:23:54.998562,1,127.12,Cancelled,127.12
1956,605,26,2025-03-03 21:44:44.377198,1,152.0,Completed,152.0
1957,326,46,2024-03-15 02:26:41.914236,1,73.0,Completed,73.0
1958,416,59,2025-07-10 23:22:47.156870,2,179.72,Completed,359.44
1958,416,33,2025-07-10 23:22:47.156870,1,35.23,Completed,35.23
1959,679,4,2025-04-20 15:10:18.980803,2,100.31,Completed,200.62
1960,143,59,2024-04-01 16:00:35.719965,1,179.72,Completed,179.72
1961,394,20,2025-02-18 19:39:48.846325,4,237.72,Completed,950.88
1962,369,20,2024-11-21 13:36:32.829414,1,237.72,Completed,237.72
1962,369,13,2024-11-21 13:36:32.829414,1,241.68,Completed,241.68
1963,687,16,2025-09-09 18:47:16.720648,1,77.9,Completed,77.9
1963,687,39,2025-09-09 18:47:16.720648,1,71.92,Completed,71.92
1964,148,14,2024-12-31 07:34:30.668272,3,234.6,Completed,703.8
1965,499,20,2025-07-25 12:05:07.487095,3,237.72,Cancelled,713.16
1965,499,7,2025-07-25 12:05:07.487095,2,144.55,Returned,289.1
1966,140,4,2024-04-13 22:16:13.346516,1,88.12,Completed,88.12
1967,426,54,2025-01-29 12:30:16.203080,4,29.61,Completed,118.44
1968,713,14,2024-05-02 18:39:34.468796,1,234.6,Completed,234.6
1969,436,1,2024-06-27 23:13:45.194951,1,121.97,Completed,121.97
1970,466,33,2025-11-26 09:46:23.593086,1,35.23,Completed,35.23
1971,566,21,2025-12-02 18:53:20.234592,1,237.67,Returned,237.67
1972,394,26,2025-02-09 06:16:02.600466,1,152.0,Completed,152.0
1973,191,24,2024-01-31 12:11:50.058015,3,173.32,Completed,519.96
1973,191,14,2024-01-31 12:11:50.058015,1,199.32,Completed,199.32
1974,749,8,2025-08-16 05:31:04.563472,1,176.55,Cancelled,176.55
1974,749,3,2025-08-16 05:31:04.563472,2,101.78,Completed,203.56
1974,749,19,2025-08-16 05:31:04.563472,3,245.83,Completed,737.49
1975,560,6,2025-12-02 14:43:30.121606,3,71.74,Completed,215.21999999999997
1975,560,20,2025-12-02 14:43:30.121606,1,180.09,Completed,180.09
1975,560,31,2025-12-02 14:43:30.121606,1,10.99,Completed,10.99
1976,378,58,2025-03-29 03:11:17.385118,1,168.87,Completed,168.87
1977,708,9,2025-04-21 17:35:27.728360,3,152.05,Completed,456.15000000000003
1977,708,33,2025-04-21 17:35:27.728360,2,35.23,Returned,70.46
1978,769,41,2024-05-02 04:31:36.946018,1,49.67,Completed,49.67
1978,769,23,2024-05-02 04:31:36.946018,1,18.33,Completed,18.33
1979,81,9,2024-02-13 22:15:59.550701,2,169.69,Returned,339.38
1979,81,18,2024-02-13 22:15:59.550701,1,133.07,Completed,133.07
1980,252,12,2025-11-03 22:07:25.260856,3,101.68,Completed,305.04
1981,760,29,2024-07-18 12:16:03.001298,1,141.6,Completed,141.6
1982,685,55,2024-07-02 03:34:28.319709,4,200.82,Completed,803.28
1983,594,52,2025-05-11 09:33:41.062632,1,195.32,Completed,195.32
1984,55,56,2025-12-30 10:43:03.148299,2,125.24,Completed,250.48
1985,548,4,2025-09-06 23:31:31.965981,1,100.31,Completed,100.31
1985,548,33,2025-09-06 23:31:31.965981,4,35.23,Completed,140.92
1986,525,17,2024-06-04 07:27:08.785264,1,16.4,Completed,16.4
1987,588,4,2025-09-05 16:47:13.496250,1,100.31,Completed,100.31
1988,432,27,2024-07-24 08:34:25.608132,1,183.96,Completed,183.96
1989,302,14,2024-04-27 20:00:49.198325,1,234.6,Completed,234.6
1989,302,14,2024-04-27 20:00:49.198325,2,219.25,Completed,438.5
1989,302,19,2024-04-27 20:00:49.198325,2,245.83,Completed,491.66
1990,745,58,2025-01-24 21:14:39.468688,2,199.54,Completed,399.08
1990,745,42,2025-01-24 21:14:39.468688,1,157.62,Completed,157.62
1991,645,16,2024-02-21 01:15:54.179420,1,103.54,Returned,103.54
1992,174,16,2024-03-06 11:48:31.024987,1,103.54,Completed,103.54
1992,174,43,2024-03-06 11:48:31.024987,1,105.22,Completed,105.22
1993,299,24,2025-05-24 20:28:53.424422,1,173.32,Completed,173.32
1994,640,53,2025-08-29 06:19:36.656306,1,156.15,Completed,156.15
1995,130,4,2025-06-13 07:17:33.533225,1,100.31,Completed,100.31
1995,130,18,2025-06-13 07:17:33.533225,1,133.07,Completed,133.07
1996,285,22,2025-12-30 03:20:54.080346,4,59.28,Completed,237.12
1997,631,25,2025-10-03 03:27:11.650829,1,207.06,Completed,207.06
1998,264,21,2024-06-02 22:05:42.319152,1,183.55,Completed,183.55
1999,179,36,2025-01-03 12:27:02.786395,1,33.56,Completed,33.56
1999,179,31,2025-01-03 12:27:02.786395,1,10.99,Completed,10.99
2000,675,50,2025-08-08 12:01:50.932965,1,243.34,Completed,243.34
2000,675,14,2025-08-08 12:01:50.932965,3,234.6,Completed,703.8
2001,268,10,2025-10-07 06:28:54.637742,1,108.18,Completed,108.18
2002,242,38,2025-11-21 03:33:22.769502,1,220.99,Completed,220.99
2003,541,53,2025-04-08 16:10:34.706007,1,184.37,Completed,184.37
2004,352,23,2025-12-16 03:17:56.022949,1,18.33,Completed,18.33
2005,149,45,2025-05-31 15:51:06.204240,1,19.93,Completed,19.93
2006,158,13,2024-07-18 07:11:24.710151,2,241.68,Completed,483.36
2007,771,55,2025-04-28 11:05:36.699804,4,229.05,Completed,916.2
2008,789,1,2024-08-22 19:06:07.792690,1,121.97,Completed,121.97
2009,677,22,2024-06-02 18:07:50.216337,2,59.28,Completed,118.56
2010,653,42,2025-12-01 01:33:06.275969,1,157.62,Completed,157.62
2010,653,25,2025-12-01 01:33:06.275969,1,207.06,Completed,207.06
2011,354,39,2024-08-27 18:34:15.284664,1,57.74,Completed,57.74
2012,119,41,2025-10-29 05:35:58.512456,1,41.86,Completed,41.86
2013,488,55,2024-04-07 14:52:30.178037,1,229.05,Cancelled,229.05
2014,765,3,2025-11-04 05:57:22.766007,1,101.78,Completed,101.78
2015,546,18,2025-03-20 09:56:37.921858,1,133.07,Completed,133.07
2016,700,30,2024-01-04 02:58:20.709807,1,133.76,Completed,133.76
2017,486,34,2024-01-07 23:49:02.278410,4,145.12,Completed,580.48
2018,544,37,2024-05-06 16:21:03.892256,1,198.15,Returned,198.15
2019,13,59,2025-02-09 17:27:08.162807,3,179.72,Completed,539.16
2020,460,32,2025-05-23 10:30:13.675023,1,150.19,Completed,150.19
2021,324,43,2024-12-22 22:52:19.382701,1,105.22,Completed,105.22
2022,700,46,2024-10-13 17:41:59.092621,1,73.0,Completed,73.0
2023,100,27,2024-02-29 05:43:36.277785,1,183.96,Completed,183.96
2023,100,44,2024-02-29 05:43:36.277785,1,220.71,Completed,220.71
2024,443,17,2025-10-02 00:08:22.240746,4,16.4,Completed,65.6
2024,443,59,2025-10-02 00:08:22.240746,2,179.72,Completed,359.44
2025,280,19,2025-04-20 10:11:18.867054,1,245.83,Completed,245.83
2026,274,26,2025-01-28 05:08:10.433502,1,152.0,Completed,152.0
2027,262,28,2025-10-13 13:51:53.362369,3,29.06,Completed,87.17999999999999
2028,401,57,2025-08-18 17:18:41.828305,1,98.49,Completed,98.49
2029,692,2,2024-11-20 23:29:49.258336,1,72.13,Completed,72.13
2029,692,15,2024-11-20 23:29:49.258336,1,65.03,Completed,65.03
2030,603,53,2024-03-31 02:14:28.216265,3,184.37,Completed,553.11
2031,533,47,2025-12-10 14:07:25.549248,2,89.76,Completed,179.52
2032,707,55,2024-10-01 18:06:55.377220,3,229.05,Completed,687.1500000000001
2033,321,3,2025-03-14 22:57:59.458082,1,101.78,Completed,101.78
2033,321,50,2025-03-14 22:57:59.458082,2,243.34,Completed,486.68
2034,70,54,2024-10-09 07:52:41.259707,1,22.79,Cancelled,22.79
2035,107,11,2025-09-04 13:50:03.442350,3,63.06,Completed,189.18
2036,360,10,2025-08-15 15:57:26.249877,1,108.18,Completed,108.18
2037,291,31,2025-12-19 04:05:49.861435,4,10.99,Cancelled,43.96
2038,35,47,2024-04-01 01:51:46.477253,1,68.97,Completed,68.97
2039,609,36,2024-09-27 10:49:15.004774,1,33.56,Completed,33.56
2040,223,1,2024-05-20 21:11:59.376531,1,121.97,Completed,121.97
2041,654,37,2024-01-07 20:02:42.230973,1,186.57,Returned,186.57
2042,89,37,2025-06-26 11:53:26.451986,1,198.15,Returned,198.15
2043,134,8,2025-07-07 15:32:09.215030,3,176.55,Completed,529.6500000000001
2044,783,27,2025-05-11 19:18:44.096603,1,183.96,Completed,183.96
2045,580,29,2025-06-01 17:08:42.203270,1,141.6,Completed,141.6
2046,190,50,2024-05-19 19:17:04.453002,1,243.34,Completed,243.34
2046,190,49,2024-05-19 19:17:04.453002,2,215.69,Completed,431.38
2047,260,57,2025-08-18 21:14:24.134239,4,98.49,Completed,393.96
2047,260,1,2025-08-18 21:14:24.134239,1,121.97,Completed,121.97
2048,78,60,2025-04-01 10:08:40.198337,1,196.88,Completed,196.88
2049,284,6,2025-08-13 03:25:18.989468,1,71.74,Completed,71.74
2049,284,46,2025-08-13 03:25:18.989468,1,73.0,Completed,73.0
2049,284,26,2025-08-13 03:25:18.989468,1,152.0,Completed,152.0
2050,789,11,2024-06-10 10:30:26.506882,1,63.06,Completed,63.06
2051,166,4,2025-12-16 11:41:13.154520,1,100.31,Completed,100.31
2051,166,49,2025-12-16 11:41:13.154520,1,215.69,Completed,215.69
2052,64,28,2025-12-07 03:02:05.238340,2,29.06,Completed,58.12
2053,341,46,2024-01-27 20:40:00.019353,1,73.0,Completed,73.0
2054,265,18,2024-12-25 18:31:10.475336,1,133.07,Completed,133.07
2054,265,57,2024-12-25 18:31:10.475336,3,98.49,Completed,295.46999999999997
2054,265,35,2024-12-25 18:31:10.475336,1,241.49,Completed,241.49
2055,504,34,2025-05-28 22:54:56.538790,1,145.12,Returned,145.12
2056,206,30,2025-03-18 09:35:32.670715,1,133.76,Completed,133.76
2056,206,7,2025-03-18 09:35:32.670715,1,144.55,Completed,144.55
2057,504,59,2024-01-06 05:00:43.958065,1,154.22,Cancelled,154.22
2057,504,4,2024-01-06 05:00:43.958065,2,100.31,Completed,200.62
2058,629,53,2025-12-19 12:17:49.867571,1,184.37,Returned,184.37
2058,629,43,2025-12-19 12:17:49.867571,1,105.22,Completed,105.22
2059,733,14,2025-04-11 01:24:01.972181,1,234.6,Completed,234.6
2060,36,59,2024-03-21 23:46:59.391586,1,155.33,Completed,155.33
2060,36,42,2024-03-21 23:46:59.391586,1,157.62,Returned,157.62
2060,36,25,2024-03-21 23:46:59.391586,3,207.06,Returned,621.1800000000001
2061,510,25,2024-07-21 11:07:44.928174,2,181.81,Completed,363.62
2062,39,34,2024-12-31 05:42:18.687634,1,145.12,Returned,145.12
2063,273,51,2024-05-04 10:45:31.422703,2,80.72,Completed,161.44
2064,338,6,2024-05-21 10:51:17.654825,1,71.74,Completed,71.74
2064,338,50,2024-05-21 10:51:17.654825,1,243.34,Completed,243.34
2065,528,20,2025-06-23 08:02:08.802874,2,237.72,Completed,475.44
2066,790,25,2025-05-05 16:30:56.075425,1,207.06,Completed,207.06
2067,447,24,2025-03-16 04:04:44.606765,4,173.32,Completed,693.28
2068,746,28,2024-05-08 03:15:54.978663,2,29.06,Completed,58.12
2069,72,51,2025-03-05 08:38:36.629690,2,80.72,Completed,161.44
2070,4,18,2025-06-28 13:27:16.713651,3,133.07,Completed,399.21
2070,4,44,2025-06-28 13:27:16.713651,1,220.71,Completed,220.71
2071,799,4,2024-04-03 00:35:22.375469,1,100.31,Completed,100.31
2071,799,11,2024-04-03 00:35:22.375469,1,63.06,Completed,63.06
2072,368,42,2025-11-12 12:01:50.801430,1,157.62,Completed,157.62
2072,368,51,2025-11-12 12:01:50.801430,3,80.72,Returned,242.16
2073,57,32,2025-09-16 11:59:28.901663,1,150.19,Completed,150.19
2074,663,38,2025-10-05 03:10:27.090929,1,189.37,Completed,189.37
2075,349,10,2025-06-16 02:18:29.297948,1,91.08,Completed,91.08
2075,349,5,2025-06-16 02:18:29.297948,1,18.8,Returned,18.8
2075,349,58,2025-06-16 02:18:29.297948,2,199.54,Completed,399.08
2076,181,12,2024-07-19 06:13:33.879666,1,101.68,Completed,101.68
2076,181,27,2024-07-19 06:13:33.879666,2,183.96,Completed,367.92
2077,677,36,2025-09-10 19:07:44.225744,1,33.56,Completed,33.56
2078,713,13,2024-01-17 21:01:07.272457,3,241.68,Completed,725.04
2078,713,4,2024-01-17 21:01:07.272457,4,89.05,Completed,356.2
2079,499,3,2025-12-08 23:05:03.735846,1,89.22,Completed,89.22
2079,499,46,2025-12-08 23:05:03.735846,1,73.0,Completed,73.0
2080,144,23,2025-05-09 17:54:27.919595,1,13.84,Completed,13.84
2081,608,33,2025-03-24 13:16:43.595473,2,35.23,Completed,70.46
2081,608,34,2025-03-24 13:16:43.595473,2,145.12,Completed,290.24
2082,554,51,2025-05-11 21:31:11.264932,1,80.72,Completed,80.72
2082,554,21,2025-05-11 21:31:11.264932,4,237.67,Completed,950.68
2083,461,57,2025-10-06 15:56:45.312845,1,98.49,Completed,98.49
2084,17,33,2024-01-02 10:15:03.541799,1,26.82,Completed,26.82
2085,739,7,2024-11-07 19:02:44.266144,1,111.83,Completed,111.83
2086,670,16,2025-05-06 08:42:29.678564,1,103.54,Returned,103.54
2087,470,23,2025-04-19 12:31:35.129924,1,18.33,Completed,18.33
2088,550,40,2025-09-15 07:37:26.035026,1,126.79,Completed,126.79
2088,550,41,2025-09-15 07:37:26.035026,1,49.67,Completed,49.67
2089,38,46,2024-08-23 18:56:49.613216,1,73.0,Completed,73.0
2089,38,2,2024-08-23 18:56:49.613216,1,72.13,Completed,72.13
2090,20,38,2025-09-08 08:51:50.475672,3,220.99,Completed,662.97
2091,634,21,2024-10-24 00:27:56.481944,4,211.59,Completed,846.36
2092,134,7,2024-03-29 20:29:38.552967,1,126.7,Completed,126.7
2093,315,10,2025-01-13 08:31:59.219647,2,108.18,Completed,216.36
2093,315,29,2025-01-13 08:31:59.219647,1,123.51,Returned,123.51
2094,606,29,2024-12-27 18:28:08.452640,1,129.35,Completed,129.35
2094,606,57,2024-12-27 18:28:08.452640,4,85.59,Completed,342.36
2095,631,42,2025-01-12 14:20:28.065546,1,157.62,Completed,157.62
2096,208,51,2024-02-01 17:30:03.961414,1,80.72,Completed,80.72
2097,756,25,2025-06-10 11:46:45.432220,1,207.06,Completed,207.06
2097,756,25,2025-06-10 11:46:45.432220,1,207.06,Completed,207.06
2098,701,38,2024-02-04 06:49:14.244377,1,220.99,Completed,220.99
2099,141,25,2025-11-01 10:13:08.159595,1,207.06,Completed,207.06
2099,141,54,2025-11-01 10:13:08.159595,1,29.61,Completed,29.61
2100,219,58,2025-01-23 15:49:41.322743,1,199.54,Completed,199.54
2101,608,4,2024-08-18 20:33:33.199847,1,100.31,Completed,100.31
2102,65,26,2024-10-13 01:22:03.572772,1,118.29,Cancelled,118.29
2102,65,30,2024-10-13 01:22:03.572772,1,133.76,Completed,133.76
2102,65,57,2024-10-13 01:22:03.572772,2,98.49,Completed,196.98
2103,567,6,2024-09-01 08:02:45.184413,1,71.74,Completed,71.74
2104,250,44,2025-10-04 11:19:30.000662,1,220.71,Completed,220.71
2104,250,25,2025-10-04 11:19:30.000662,1,159.43,Completed,159.43
2105,648,4,2025-08-12 14:25:45.816185,3,100.31,Completed,300.93
2106,797,52,2025-12-23 21:26:11.673847,1,195.32,Completed,195.32
2106,797,33,2025-12-23 21:26:11.673847,1,35.23,Completed,35.23
2107,83,46,2024-06-13 17:00:09.425074,3,57.37,Completed,172.10999999999999
2108,92,25,2025-05-18 08:53:52.318962,1,207.06,Cancelled,207.06
2109,608,27,2025-11-30 04:13:47.863389,2,183.96,Completed,367.92
2109,608,38,2025-11-30 04:13:47.863389,1,220.99,Completed,220.99
2110,792,30,2025-10-31 09:45:22.626142,1,133.76,Completed,133.76
2111,130,36,2024-05-23 17:16:54.644526,3,33.56,Completed,100.68
2111,130,34,2024-05-23 17:16:54.644526,1,145.12,Completed,145.12
2112,536,26,2024-08-28 08:00:56.084489,2,152.0,Completed,304.0
2112,536,12,2024-08-28 08:00:56.084489,4,101.68,Completed,406.72
2113,179,45,2024-02-15 21:01:44.628667,1,19.93,Cancelled,19.93
2114,39,38,2025-04-01 11:09:47.380563,4,220.99,Completed,883.96
2114,39,60,2025-04-01 11:09:47.380563,1,196.88,Completed,196.88
2114,39,43,2025-04-01 11:09:47.380563,1,105.22,Completed,105.22
2115,91,44,2024-01-21 08:19:50.229848,2,220.71,Completed,441.42
2116,309,39,2024-11-11 07:44:43.764192,1,71.92,Completed,71.92
2116,309,4,2024-11-11 07:44:43.764192,1,79.96,Returned,79.96
2117,121,19,2024-01-18 12:53:32.073535,1,245.83,Completed,245.83
2117,121,30,2024-01-18 12:53:32.073535,1,133.76,Completed,133.76
2118,634,39,2025-08-04 23:18:36.940411,1,71.92,Completed,71.92
2119,780,45,2025-11-13 14:15:54.879310,1,19.93,Completed,19.93
2119,780,49,2025-11-13 14:15:54.879310,3,215.69,Completed,647.0699999999999
2120,476,2,2025-09-05 13:41:34.318856,2,72.13,Completed,144.26
2121,676,42,2024-06-29 10:07:49.720496,2,157.62,Completed,315.24
2122,55,22,2024-12-11 17:03:38.593599,2,59.28,Completed,118.56
2123,153,11,2025-11-30 22:13:21.237707,3,63.06,Completed,189.18
2124,486,50,2025-08-30 17:42:24.551441,3,243.34,Completed,730.02
2125,164,12,2025-08-22 19:01:26.774946,1,101.68,Completed,101.68
2126,45,55,2025-01-14 08:42:24.417523,4,188.47,Completed,753.88
2127,215,1,2024-06-21 19:44:56.490033,1,121.97,Completed,121.97
2127,215,11,2024-06-21 19:44:56.490033,1,63.06,Completed,63.06
2128,777,42,2024-02-23 05:23:52.258177,1,157.62,Completed,157.62
2128,777,49,2024-02-23 05:23:52.258177,1,164.03,Completed,164.03
2129,551,26,2025-03-13 23:22:53.889867,1,152.0,Completed,152.0
2129,551,42,2025-03-13 23:22:53.889867,2,157.62,Completed,315.24
2130,497,52,2024-11-16 03:02:11.502351,1,195.32,Completed,195.32
2131,73,30,2024-03-10 20:09:05.508423,1,133.76,Completed,133.76
2132,739,39,2024-11-21 21:54:44.865303,2,71.92,Completed,143.84
2133,594,43,2024-04-01 02:57:28.954150,4,105.22,Completed,420.88
2134,204,29,2025-12-12 09:41:17.304319,1,141.6,Completed,141.6
2135,334,45,2025-10-31 04:50:09.246044,4,19.93,Returned,79.72
2135,334,20,2025-10-31 04:50:09.246044,1,189.12,Completed,189.12
2135,334,41,2025-10-31 04:50:09.246044,1,49.67,Completed,49.67
2136,423,23,2024-10-02 11:57:45.830344,3,18.33,Completed,54.989999999999995
2137,385,13,2025-10-11 18:16:01.430836,1,241.68,Completed,241.68
2138,76,40,2025-05-21 03:43:53.206218,1,146.43,Completed,146.43
2138,76,38,2025-05-21 03:43:53.206218,3,220.99,Completed,662.97
2139,447,50,2025-07-25 07:57:43.633769,1,227.66,Completed,227.66
2140,466,22,2024-02-15 06:16:44.874987,1,59.28,Completed,59.28
2141,383,38,2025-08-08 17:49:19.125810,1,197.56,Completed,197.56
2142,648,9,2024-02-09 23:54:01.094732,1,169.69,Completed,169.69
2143,277,4,2025-03-21 20:08:27.484963,1,100.31,Completed,100.31
2144,131,43,2024-11-11 05:49:08.761385,1,90.88,Completed,90.88
2145,288,24,2024-03-15 08:01:09.239588,4,159.51,Returned,638.04
2146,470,18,2024-02-10 17:26:24.302067,1,133.07,Completed,133.07
2147,779,54,2024-02-08 02:35:56.657381,2,29.61,Completed,59.22
2147,779,47,2024-02-08 02:35:56.657381,1,89.76,Returned,89.76
2148,619,23,2025-09-12 10:45:41.643631,4,18.33,Completed,73.32
2149,654,35,2024-10-20 05:29:14.151364,2,241.49,Completed,482.98
2150,175,28,2025-03-26 15:07:50.250635,2,29.06,Completed,58.12
2150,175,26,2025-03-26 15:07:50.250635,1,152.0,Completed,152.0
2151,236,24,2024-10-27 02:36:44.015890,1,159.7,Completed,159.7
2152,501,37,2025-09-23 03:29:22.844554,1,198.15,Completed,198.15
2153,222,13,2025-07-28 20:33:31.124352,1,241.68,Completed,241.68
2154,474,12,2025-03-31 12:37:22.442872,1,101.68,Completed,101.68
2155,748,18,2024-11-26 23:45:54.152895,1,133.07,Returned,133.07
2155,748,5,2024-11-26 23:45:54.152895,1,18.8,Completed,18.8
2156,254,45,2024-12-04 20:56:35.921104,1,19.93,Completed,19.93
2157,594,45,2024-11-08 12:24:45.286560,4,19.93,Completed,79.72
2157,594,46,2024-11-08 12:24:45.286560,1,73.0,Completed,73.0
2158,153,44,2025-03-28 18:05:29.544807,1,220.71,Completed,220.71
2158,153,2,2025-03-28 18:05:29.544807,1,72.13,Completed,72.13
2158,153,18,2025-03-28 18:05:29.544807,1,133.07,Completed,133.07
2159,46,31,2024-03-14 22:23:21.449867,1,9.28,Completed,9.28
2160,788,10,2025-04-20 04:08:36.196342,1,108.18,Completed,108.18
2160,788,14,2025-04-20 04:08:36.196342,1,234.6,Completed,234.6
2161,404,11,2025-05-08 07:35:50.181187,1,63.06,Completed,63.06
2162,714,24,2024-01-19 23:01:50.975739,1,173.32,Completed,173.32
2162,714,14,2024-01-19 23:01:50.975739,2,234.6,Completed,469.2
2162,714,42,2024-01-19 23:01:50.975739,1,157.62,Completed,157.62
2163,572,3,2025-01-12 13:34:11.557891,1,101.78,Completed,101.78
2164,710,30,2025-03-05 02:29:24.018817,1,133.76,Completed,133.76
2165,224,32,2024-03-19 20:16:31.636896,1,121.53,Completed,121.53
2165,224,53,2024-03-19 20:16:31.636896,3,184.37,Completed,553.11
2166,93,36,2024-01-09 23:17:45.462134,1,29.66,Completed,29.66
2166,93,57,2024-01-09 23:17:45.462134,3,98.49,Cancelled,295.46999999999997
2167,471,35,2025-06-04 17:00:19.388278,1,241.49,Completed,241.49
2168,766,35,2025-03-08 19:22:17.232862,2,241.49,Completed,482.98
2169,466,29,2025-09-05 18:27:22.253068,1,141.6,Completed,141.6
2170,142,54,2025-10-22 04:33:44.123955,3,29.61,Completed,88.83
2170,142,8,2025-10-22 04:33:44.123955,1,176.55,Completed,176.55
2170,142,32,2025-10-22 04:33:44.123955,3,150.19,Returned,450.57
2171,380,28,2024-04-01 23:11:53.127242,1,29.06,Completed,29.06
2172,721,8,2025-01-06 11:53:35.084825,1,176.55,Completed,176.55
2173,643,44,2024-09-16 10:27:14.708978,1,204.97,Completed,204.97
2174,341,11,2024-12-17 10:06:56.845949,1,63.06,Completed,63.06
2175,304,30,2025-03-29 05:18:27.128275,1,133.76,Completed,133.76
2176,277,22,2024-05-15 17:22:41.113895,1,59.28,Cancelled,59.28
2177,628,31,2024-04-10 12:01:32.908177,1,10.99,Completed,10.99
2178,213,7,2024-02-02 04:07:12.751996,1,144.55,Completed,144.55
2179,83,25,2024-04-03 04:58:00.328535,3,207.06,Completed,621.1800000000001
2180,344,55,2025-03-02 16:49:50.206970,1,229.05,Completed,229.05
2181,57,28,2025-01-09 13:57:46.653836,4,29.06,Completed,116.24
2181,57,5,2025-01-09 13:57:46.653836,1,18.8,Completed,18.8
2182,373,4,2025-04-20 17:52:16.504428,2,100.31,Completed,200.62
2183,114,47,2024-09-18 03:40:06.741751,2,89.76,Completed,179.52
2183,114,40,2024-09-18 03:40:06.741751,1,146.43,Completed,146.43
2184,42,13,2025-03-02 01:49:36.996367,1,241.68,Completed,241.68
2184,42,22,2025-03-02 01:49:36.996367,2,59.28,Completed,118.56
2184,42,52,2025-03-02 01:49:36.996367,1,195.32,Completed,195.32
2185,69,46,2025-01-30 00:50:15.841127,1,73.0,Returned,73.0
2185,69,45,2025-01-30 00:50:15.841127,1,19.93,Returned,19.93
2186,142,18,2024-04-16 07:20:40.031753,2,133.07,Completed,266.14
2186,142,27,2024-04-16 07:20:40.031753,1,183.96,Completed,183.96
2187,117,24,2024-12-08 18:03:22.590465,3,173.32,Completed,519.96
2188,756,34,2025-03-16 10:19:57.574343,2,145.12,Completed,290.24
2188,756,33,2025-03-16 10:19:57.574343,1,35.23,Completed,35.23
2188,756,58,2025-03-16 10:19:57.574343,1,199.54,Completed,199.54
2189,215,10,2024-07-31 11:26:25.124103,1,108.18,Completed,108.18
2190,780,53,2025-12-09 07:08:56.197979,2,184.37,Completed,368.74
2191,362,26,2025-01-12 21:45:50.156945,3,152.0,Returned,456.0
2192,516,18,2025-04-25 02:29:51.516812,1,133.07,Completed,133.07
2193,284,27,2024-04-15 13:23:55.442632,1,151.69,Completed,151.69
2194,464,11,2024-06-22 07:01:35.284202,1,63.06,Completed,63.06
2195,540,30,2025-08-21 00:05:59.874566,2,133.76,Completed,267.52
2196,482,5,2025-02-12 09:33:45.197530,1,18.8,Completed,18.8
2197,695,16,2024-02-09 20:43:11.007109,3,103.54,Cancelled,310.62
2197,695,51,2024-02-09 20:43:11.007109,1,80.72,Completed,80.72
2198,463,12,2024-09-07 23:39:29.248854,1,101.68,Completed,101.68
2199,690,1,2025-12-13 20:28:07.418636,1,121.97,Completed,121.97
2200,68,49,2025-04-12 14:31:11.872390,2,215.69,Completed,431.38
2201,469,22,2024-05-26 22:05:48.655785,3,49.09,Completed,147.27
2202,184,38,2024-02-19 22:26:02.931776,2,220.99,Completed,441.98
2203,79,49,2024-05-18 05:30:34.641827,1,173.67,Completed,173.67
2204,714,14,2024-12-13 06:42:10.979112,1,183.01,Completed,183.01
2204,714,37,2024-12-13 06:42:10.979112,1,198.15,Completed,198.15
2205,643,13,2025-05-20 01:03:15.939534,1,201.39,Completed,201.39
2206,699,30,2024-12-07 04:53:23.425629,1,133.76,Completed,133.76
2207,136,44,2025-05-20 11:05:25.665066,1,220.71,Cancelled,220.71
2207,136,6,2025-05-20 11:05:25.665066,3,71.74,Completed,215.21999999999997
2208,756,29,2025-09-13 23:11:31.611826,1,141.6,Completed,141.6
2208,756,34,2025-09-13 23:11:31.611826,3,145.12,Completed,435.36
2208,756,24,2025-09-13 23:11:31.611826,1,160.21,Completed,160.21
2209,238,37,2025-02-17 06:01:04.248801,3,198.15,Completed,594.45
2210,533,8,2024-09-02 00:46:18.081736,1,176.55,Completed,176.55
2211,422,7,2024-08-06 17:32:43.725245,3,144.55,Cancelled,433.65000000000003
2212,672,35,2024-08-27 21:24:20.671676,1,241.49,Completed,241.49
2213,335,16,2024-03-17 12:56:06.528280,1,103.54,Completed,103.54
2213,335,29,2024-03-17 12:56:06.528280,1,141.6,Completed,141.6
2214,543,10,2025-10-01 13:22:04.728941,1,108.18,Completed,108.18
2215,456,13,2025-10-26 16:42:49.663611,1,241.68,Returned,241.68
2216,581,17,2024-12-28 00:42:19.428055,1,14.89,Completed,14.89
2217,176,22,2025-11-02 13:35:12.964031,2,59.28,Completed,118.56
2218,233,29,2025-04-11 07:11:55.401454,1,141.6,Completed,141.6
2219,296,39,2025-05-21 01:13:27.002513,3,71.92,Completed,215.76
2220,49,32,2024-12-06 13:43:26.370818,1,121.18,Completed,121.18
2221,171,19,2024-06-04 14:11:11.951176,1,245.83,Completed,245.83
2222,165,10,2024-12-16 22:40:24.808519,1,108.18,Completed,108.18
2223,293,58,2025-07-14 21:27:50.939005,4,199.54,Completed,798.16
2224,180,47,2025-08-17 16:42:53.134092,1,89.76,Completed,89.76
2224,180,29,2025-08-17 16:42:53.134092,1,141.6,Completed,141.6
2224,180,56,2025-08-17 16:42:53.134092,1,125.24,Completed,125.24
2225,158,44,2025-08-12 07:23:35.891528,4,220.71,Completed,882.84
2226,120,39,2024-10-01 09:58:29.275598,4,58.49,Completed,233.96
2226,120,30,2024-10-01 09:58:29.275598,1,107.29,Completed,107.29
2226,120,41,2024-10-01 09:58:29.275598,1,49.67,Completed,49.67
2227,576,50,2024-10-19 05:28:34.203106,1,243.34,Completed,243.34
2227,576,57,2024-10-19 05:28:34.203106,1,98.49,Completed,98.49
2227,576,49,2024-10-19 05:28:34.203106,1,215.69,Completed,215.69
2228,152,11,2025-08-26 00:59:50.429842,2,63.06,Completed,126.12
2229,553,19,2024-01-05 21:49:43.702734,1,245.83,Completed,245.83
2230,547,30,2024-01-08 05:18:34.007979,1,133.76,Completed,133.76
2231,26,54,2024-09-18 06:10:27.721826,1,29.61,Completed,29.61
2232,512,41,2025-02-08 22:11:48.981714,3,49.67,Completed,149.01
2233,328,27,2024-04-13 22:52:57.246601,1,183.96,Completed,183.96
2234,757,29,2024-11-17 11:57:00.914213,3,141.6,Completed,424.79999999999995
2234,757,55,2024-11-17 11:57:00.914213,1,229.05,Completed,229.05
2235,663,43,2025-04-05 20:58:54.465405,1,105.22,Cancelled,105.22
2236,486,46,2025-10-28 06:39:27.226807,2,73.0,Completed,146.0
2237,773,44,2024-09-19 17:36:35.380816,1,220.71,Completed,220.71
2237,773,8,2024-09-19 17:36:35.380816,1,176.55,Completed,176.55
2238,151,53,2025-12-12 23:25:06.612470,4,184.37,Completed,737.48
2239,747,7,2024-05-25 08:37:57.653626,1,144.55,Returned,144.55
2240,453,21,2024-07-26 09:26:50.956059,2,237.67,Returned,475.34
2241,116,21,2024-06-08 19:55:01.590940,1,237.67,Completed,237.67
2241,116,7,2024-06-08 19:55:01.590940,1,144.55,Completed,144.55
2242,143,55,2024-07-10 06:13:11.623790,3,229.05,Completed,687.1500000000001
2243,120,60,2024-05-07 05:27:53.264165,3,196.88,Completed,590.64
2244,412,51,2025-09-10 16:47:56.041825,1,80.72,Cancelled,80.72
2244,412,25,2025-09-10 16:47:56.041825,1,207.06,Completed,207.06
2245,366,39,2024-06-28 13:17:37.821823,3,54.73,Completed,164.19
2246,657,41,2024-05-23 01:42:07.385273,2,49.67,Returned,99.34
2246,657,37,2024-05-23 01:42:07.385273,1,198.15,Completed,198.15
2247,786,60,2024-05-08 12:52:35.306034,1,196.88,Completed,196.88
2248,24,5,2024-07-10 02:32:10.956242,2,17.29,Completed,34.58
2249,694,38,2024-03-14 20:51:09.366355,2,220.99,Returned,441.98
2249,694,29,2024-03-14 20:51:09.366355,1,120.69,Completed,120.69
2249,694,16,2024-03-14 20:51:09.366355,1,103.54,Completed,103.54
2250,326,28,2025-08-29 22:55:45.478024,1,29.06,Completed,29.06
2251,524,7,2024-04-10 04:30:24.205937,2,144.55,Completed,289.1
2252,683,8,2025-04-23 01:18:30.006760,1,176.55,Completed,176.55
2253,152,17,2025-10-08 01:24:06.891479,1,16.4,Completed,16.4
2254,438,60,2024-09-04 00:28:30.189791,1,196.88,Cancelled,196.88
2255,382,60,2024-06-02 11:21:31.947150,2,161.24,Completed,322.48
2255,382,8,2024-06-02 11:21:31.947150,2,176.55,Completed,353.1
2256,457,4,2024-11-29 00:41:18.413471,1,100.31,Completed,100.31
2257,90,30,2024-09-26 20:06:15.354075,1,133.76,Completed,133.76
2258,455,35,2024-09-28 19:34:35.478184,1,241.49,Completed,241.49
2259,426,23,2024-05-05 02:13:25.735404,1,18.33,Completed,18.33
2260,296,42,2025-01-19 15:45:23.397843,4,157.62,Completed,630.48
2261,746,52,2025-08-06 06:52:47.997183,1,195.32,Completed,195.32
2262,435,33,2025-03-30 22:31:49.023180,1,35.23,Completed,35.23
2263,425,35,2024-11-12 14:44:25.608430,1,209.48,Completed,209.48
2264,89,16,2025-06-02 23:42:22.792763,1,83.93,Completed,83.93
2264,89,37,2025-06-02 23:42:22.792763,1,198.15,Completed,198.15
2265,538,45,2024-03-27 12:00:10.655946,3,19.93,Completed,59.79
2266,68,28,2025-10-06 09:18:32.767818,1,29.06,Completed,29.06
2267,605,50,2024-04-05 11:31:22.062040,1,243.34,Completed,243.34
2267,605,28,2024-04-05 11:31:22.062040,2,24.17,Completed,48.34
2268,280,47,2024-05-18 10:30:45.157624,1,89.76,Completed,89.76
2269,570,26,2025-01-23 18:21:30.747267,1,152.0,Completed,152.0
2269,570,15,2025-01-23 18:21:30.747267,1,65.03,Completed,65.03
2270,141,5,2025-05-21 21:04:48.940348,1,18.8,Returned,18.8
2271,391,18,2024-08-20 02:30:43.894890,1,133.07,Completed,133.07
2272,503,45,2024-11-09 13:32:37.261474,1,18.24,Completed,18.24
2273,600,11,2025-04-09 09:13:28.054210,1,63.06,Completed,63.06
2273,600,7,2025-04-09 09:13:28.054210,1,144.55,Completed,144.55
2274,475,9,2025-11-03 08:09:29.401896,1,169.69,Completed,169.69
2275,3,28,2025-07-11 01:12:11.540344,1,29.06,Completed,29.06
2275,3,15,2025-07-11 01:12:11.540344,2,65.03,Completed,130.06
2276,656,56,2025-03-04 17:56:57.423992,3,125.24,Completed,375.71999999999997
2277,484,49,2025-09-15 17:42:31.628067,1,190.49,Completed,190.49
2278,295,50,2024-08-02 18:04:54.157905,1,243.34,Completed,243.34
2279,504,47,2024-04-18 10:53:32.716832,1,89.76,Completed,89.76
2279,504,24,2024-04-18 10:53:32.716832,1,173.32,Completed,173.32
2279,504,37,2024-04-18 10:53:32.716832,4,178.92,Completed,715.68
2280,505,3,2024-06-29 10:26:50.198014,4,101.78,Completed,407.12
2281,69,6,2025-04-04 12:07:26.951378,1,71.74,Completed,71.74
2282,371,18,2024-07-23 10:53:03.588026,1,133.07,Completed,133.07
2283,580,5,2024-04-02 07:33:12.530420,2,18.8,Cancelled,37.6
2283,580,38,2024-04-02 07:33:12.530420,1,220.99,Completed,220.99
2284,703,41,2025-01-06 00:52:52.713538,1,49.67,Completed,49.67
2284,703,55,2025-01-06 00:52:52.713538,2,229.05,Completed,458.1
2285,123,55,2025-03-02 09:07:13.945365,1,229.05,Completed,229.05
2286,751,39,2024-12-22 23:06:57.408849,1,71.92,Completed,71.92
2287,266,38,2025-06-14 22:16:13.733343,1,220.99,Completed,220.99
2288,60,42,2025-07-26 19:20:04.944583,2,132.75,Completed,265.5
2289,710,29,2025-07-31 10:16:16.632014,1,110.82,Completed,110.82
2290,280,35,2025-03-24 20:48:38.065325,4,241.49,Cancelled,965.96
2290,280,60,2025-03-24 20:48:38.065325,1,196.88,Cancelled,196.88
2291,365,8,2024-05-02 05:26:08.318910,1,142.71,Completed,142.71
2291,365,13,2024-05-02 05:26:08.318910,2,241.68,Cancelled,483.36
2292,79,20,2024-10-10 07:47:22.498118,1,237.72,Completed,237.72
2293,785,26,2025-10-06 04:02:05.866994,1,152.0,Completed,152.0
2293,785,38,2025-10-06 04:02:05.866994,1,220.99,Completed,220.99
2294,614,39,2025-07-02 07:54:26.789186,2,71.92,Completed,143.84
2294,614,37,2025-07-02 07:54:26.789186,1,198.15,Completed,198.15
2295,324,49,2024-09-30 05:08:30.937194,1,215.69,Completed,215.69
2295,324,36,2024-09-30 05:08:30.937194,1,33.56,Completed,33.56
2296,309,27,2025-01-13 18:59:39.319256,4,183.96,Completed,735.84
2297,715,29,2024-05-10 16:03:14.489935,1,141.6,Completed,141.6
2298,99,55,2025-06-04 02:46:12.077349,1,229.05,Completed,229.05
2298,99,20,2025-06-04 02:46:12.077349,3,237.72,Completed,713.16
2298,99,60,2025-06-04 02:46:12.077349,1,153.05,Completed,153.05
2299,289,21,2025-01-18 14:20:01.527710,1,237.67,Completed,237.67
2299,289,35,2025-01-18 14:20:01.527710,1,241.49,Completed,241.49
2300,349,47,2024-12-18 19:21:51.873852,1,89.76,Completed,89.76
2300,349,31,2024-12-18 19:21:51.873852,1,10.99,Completed,10.99
2301,224,19,2025-11-28 16:46:23.341082,1,245.83,Completed,245.83
2302,227,44,2024-12-11 20:14:34.391052,1,220.71,Completed,220.71
2302,227,58,2024-12-11 20:14:34.391052,4,199.54,Completed,798.16
2302,227,32,2024-12-11 20:14:34.391052,1,150.19,Completed,150.19
2303,707,10,2025-02-28 06:23:26.594626,1,108.18,Completed,108.18
2304,539,6,2025-04-10 19:36:36.433796,1,71.74,Completed,71.74
2305,730,56,2025-07-31 03:44:27.285831,3,125.24,Completed,375.71999999999997
2306,775,12,2025-04-19 07:23:48.557860,1,101.68,Completed,101.68
2307,428,36,2024-05-31 06:08:13.013784,1,33.56,Completed,33.56
2307,428,10,2024-05-31 06:08:13.013784,1,98.85,Completed,98.85
2308,18,57,2025-10-15 06:22:43.074282,1,98.49,Completed,98.49
2308,18,1,2025-10-15 06:22:43.074282,1,121.97,Completed,121.97
2309,372,1,2024-11-26 00:26:34.172074,2,102.26,Completed,204.52
2309,372,25,2024-11-26 00:26:34.172074,1,207.06,Completed,207.06
2310,536,14,2024-06-20 02:25:04.976969,1,234.6,Completed,234.6
2311,351,34,2024-06-08 13:45:43.508464,1,145.12,Completed,145.12
2311,351,31,2024-06-08 13:45:43.508464,1,10.99,Completed,10.99
2312,763,60,2024-11-06 06:24:01.483556,1,196.88,Completed,196.88
2313,228,38,2024-10-02 06:29:36.647036,1,196.43,Completed,196.43
2314,705,24,2024-04-24 18:18:27.257668,2,173.32,Completed,346.64
2315,129,10,2025-09-06 23:24:05.887748,4,108.18,Completed,432.72
2315,129,30,2025-09-06 23:24:05.887748,1,133.76,Completed,133.76
2315,129,28,2025-09-06 23:24:05.887748,1,29.06,Completed,29.06
2316,782,60,2024-07-04 19:21:08.341908,4,196.88,Returned,787.52
2317,80,44,2024-03-02 20:58:34.350454,1,186.91,Completed,186.91
2318,442,14,2025-07-02 16:25:50.212960,2,181.01,Completed,362.02
2318,442,45,2025-07-02 16:25:50.212960,1,19.93,Completed,19.93
2319,526,41,2024-08-03 09:14:28.505602,1,49.67,Completed,49.67
2319,526,36,2024-08-03 09:14:28.505602,1,33.56,Completed,33.56
2320,260,34,2025-01-13 17:44:20.486544,1,117.59,Completed,117.59
2321,11,29,2024-06-17 00:42:40.212896,1,141.6,Completed,141.6
2321,11,18,2024-06-17 00:42:40.212896,2,133.07,Completed,266.14
2322,617,31,2024-01-31 00:49:26.353420,1,10.99,Completed,10.99
2323,205,38,2025-01-08 22:49:54.428072,2,220.99,Completed,441.98
2323,205,29,2025-01-08 22:49:54.428072,1,141.6,Returned,141.6
2324,93,28,2024-09-02 13:16:19.700481,1,26.13,Completed,26.13
2325,285,47,2024-11-25 08:10:08.683334,3,89.76,Completed,269.28000000000003
2326,357,7,2024-11-11 17:29:57.164499,4,144.55,Completed,578.2
2327,513,19,2024-09-25 06:48:33.175935,1,245.83,Completed,245.83
2328,628,14,2024-12-29 04:57:15.984480,1,234.6,Completed,234.6
2328,628,37,2024-12-29 04:57:15.984480,3,198.15,Completed,594.45
2329,102,55,2024-07-18 07:18:03.738912,1,229.05,Completed,229.05
2330,782,27,2024-01-19 01:03:46.092034,1,145.95,Completed,145.95
2331,197,26,2024-11-18 10:22:56.733685,1,152.0,Completed,152.0
2331,197,33,2024-11-18 10:22:56.733685,1,35.23,Completed,35.23
2332,773,45,2024-07-12 21:44:52.314576,4,19.93,Completed,79.72
2333,743,48,2024-02-25 09:33:55.857242,1,66.0,Completed,66.0
2334,517,19,2025-10-20 01:51:24.646045,1,245.83,Completed,245.83
2335,487,20,2024-08-02 23:57:08.030770,1,237.72,Completed,237.72
2336,604,43,2025-01-01 06:55:17.015579,1,105.22,Completed,105.22
2337,690,12,2025-02-03 01:20:27.987729,1,101.68,Completed,101.68
2338,186,54,2024-02-27 01:20:45.097960,1,29.61,Returned,29.61
2339,389,57,2024-07-20 18:57:54.528680,1,98.49,Completed,98.49
2340,527,18,2024-06-15 06:01:57.713681,3,133.07,Completed,399.21
2341,116,30,2024-03-27 13:39:34.884564,1,133.76,Completed,133.76
2342,322,47,2024-09-19 23:21:01.182798,1,69.3,Returned,69.3
2342,322,45,2024-09-19 23:21:01.182798,1,17.99,Completed,17.99
2343,722,46,2025-02-02 14:22:35.655528,1,73.0,Completed,73.0
2344,740,50,2024-08-31 15:26:14.583004,1,198.47,Completed,198.47
2344,740,9,2024-08-31 15:26:14.583004,1,136.89,Completed,136.89
2345,615,24,2025-05-07 19:52:49.207844,1,173.32,Completed,173.32
2346,704,24,2024-07-01 12:24:51.207994,1,173.32,Completed,173.32
2347,455,4,2025-06-28 00:06:10.050449,1,100.31,Completed,100.31
2348,418,21,2025-07-14 23:49:10.573458,1,237.67,Completed,237.67
2349,439,49,2025-09-09 04:15:11.092560,1,215.69,Completed,215.69
2350,72,27,2024-05-19 04:03:19.763494,4,183.96,Completed,735.84
2351,488,54,2025-03-16 22:40:35.212672,1,29.61,Returned,29.61
2352,377,39,2024-04-10 15:23:49.234709,1,71.92,Completed,71.92
2353,691,44,2025-09-16 03:35:10.334956,1,220.71,Completed,220.71
2353,691,15,2025-09-16 03:35:10.334956,1,54.47,Completed,54.47
2354,675,44,2025-06-06 19:34:02.975995,1,220.71,Returned,220.71
2355,123,36,2025-01-31 11:33:40.127846,2,27.86,Completed,55.72
2355,123,28,2025-01-31 11:33:40.127846,3,29.06,Completed,87.17999999999999
2355,123,59,2025-01-31 11:33:40.127846,1,168.05,Cancelled,168.05
2356,173,48,2024-07-09 15:05:34.730821,2,78.67,Completed,157.34
2356,173,50,2024-07-09 15:05:34.730821,1,243.34,Returned,243.34
2357,610,23,2025-07-16 03:43:59.201370,3,18.33,Completed,54.989999999999995
2358,414,21,2024-07-24 17:55:44.886058,2,218.09,Completed,436.18
2359,743,7,2024-09-10 00:59:56.197068,2,144.55,Completed,289.1
2360,784,1,2025-12-28 16:40:39.765289,1,121.97,Completed,121.97
2361,596,32,2025-11-21 10:40:44.148719,4,150.19,Completed,600.76
2362,775,31,2025-08-22 23:00:36.929962,1,10.99,Completed,10.99
2363,660,35,2025-07-07 04:45:44.764379,1,241.49,Completed,241.49
2363,660,30,2025-07-07 04:45:44.764379,1,133.76,Returned,133.76
2364,683,14,2024-01-09 16:19:31.515017,4,234.6,Completed,938.4
2365,415,58,2025-04-22 11:40:29.707724,1,199.54,Completed,199.54
2365,415,17,2025-04-22 11:40:29.707724,1,16.4,Completed,16.4
2366,151,8,2025-12-23 04:05:29.254019,1,176.55,Completed,176.55
2367,111,40,2025-11-25 14:05:04.975088,1,124.15,Completed,124.15
2368,237,58,2025-09-23 18:57:59.172393,1,199.54,Completed,199.54
2369,138,3,2024-06-15 03:10:30.689257,1,91.35,Completed,91.35
2370,70,13,2025-06-12 00:50:41.259944,2,241.68,Completed,483.36
2371,28,53,2024-06-02 05:00:37.320690,1,184.37,Completed,184.37
2372,392,43,2024-06-19 14:49:49.027045,1,105.22,Completed,105.22
2373,335,20,2025-03-04 12:18:13.533887,2,237.72,Completed,475.44
2373,335,27,2025-03-04 12:18:13.533887,4,183.96,Completed,735.84
2374,99,29,2025-02-07 09:49:09.256866,1,141.6,Completed,141.6
2375,677,60,2024-12-08 04:17:43.970153,3,196.88,Completed,590.64
2376,786,9,2025-08-17 12:14:52.429405,3,169.69,Completed,509.07
2376,786,24,2025-08-17 12:14:52.429405,1,173.32,Completed,173.32
2377,301,25,2024-09-05 16:21:20.532995,1,207.06,Completed,207.06
2378,503,36,2024-03-03 16:32:42.004058,1,33.56,Returned,33.56
2379,556,20,2025-09-09 10:26:42.790128,1,237.72,Completed,237.72
2380,554,4,2024-11-09 00:27:10.464346,3,100.31,Completed,300.93
2381,783,55,2025-11-18 14:36:34.938860,1,191.5,Cancelled,191.5
2382,122,17,2024-10-31 21:53:29.000657,2,16.4,Completed,32.8
2383,323,17,2024-11-16 05:41:15.491260,1,16.4,Completed,16.4
2383,323,8,2024-11-16 05:41:15.491260,2,176.55,Completed,353.1
2384,37,27,2025-09-14 15:34:51.847300,1,158.45,Completed,158.45
2385,799,42,2024-01-22 23:25:24.136003,3,157.62,Completed,472.86
2386,724,32,2024-04-11 10:24:28.625467,4,150.19,Completed,600.76
2386,724,37,2024-04-11 10:24:28.625467,1,198.15,Completed,198.15
2387,320,40,2025-09-29 20:06:13.293345,1,146.43,Completed,146.43
2388,500,43,2024-08-11 01:37:13.125246,1,105.22,Returned,105.22
2389,583,20,2025-06-22 14:20:40.814610,1,237.72,Completed,237.72
2390,676,13,2024-12-30 20:29:58.925138,1,241.68,Completed,241.68
2391,553,39,2025-04-25 23:01:09.127846,1,71.92,Completed,71.92
2392,488,30,2024-09-15 21:41:09.620607,1,133.76,Completed,133.76
2393,161,27,2024-06-13 14:35:45.661626,1,183.96,Cancelled,183.96
2394,401,29,2024-11-06 18:36:10.731887,1,141.6,Completed,141.6
2394,401,11,2024-11-06 18:36:10.731887,2,63.06,Completed,126.12
2395,387,20,2025-07-03 10:00:38.655434,2,237.72,Completed,475.44
2395,387,32,2025-07-03 10:00:38.655434,1,150.19,Completed,150.19
2396,292,22,2025-07-10 20:59:04.174696,4,59.28,Completed,237.12
2397,29,58,2025-05-19 01:53:09.563946,3,199.54,Completed,598.62
2398,132,35,2024-08-06 17:38:38.003679,3,241.49,Completed,724.47
2398,132,42,2024-08-06 17:38:38.003679,1,157.62,Completed,157.62
2399,760,17,2025-03-04 11:27:11.157066,1,16.4,Completed,16.4
2400,784,53,2025-02-18 07:57:23.508325,4,184.37,Completed,737.48
2400,784,43,2025-02-18 07:57:23.508325,3,105.22,Completed,315.65999999999997
2401,100,47,2024-01-24 12:18:05.634934,1,89.76,Completed,89.76
2402,366,17,2024-04-11 13:38:26.069881,3,16.4,Completed,49.199999999999996
2402,366,11,2024-04-11 13:38:26.069881,2,50.38,Completed,100.76
2403,241,37,2025-12-14 09:18:11.543257,1,198.15,Returned,198.15
2404,607,11,2025-12-26 19:23:20.878983,1,55.97,Completed,55.97
2405,313,9,2025-02-18 18:42:15.486892,2,133.03,Completed,266.06
2406,552,40,2025-08-06 09:02:02.481374,1,146.43,Completed,146.43
2407,472,25,2025-10-29 00:56:18.461801,4,207.06,Completed,828.24
2408,433,12,2025-02-22 22:21:19.530560,1,101.68,Completed,101.68
2409,432,47,2024-10-12 08:19:14.815130,2,89.76,Completed,179.52
2410,713,37,2024-10-05 08:42:04.421570,3,198.15,Completed,594.45
2411,23,45,2025-11-23 13:05:44.389091,1,19.93,Completed,19.93
2412,387,11,2024-02-16 12:11:09.697066,3,63.06,Completed,189.18
2413,331,41,2024-10-09 02:19:15.232243,1,49.67,Completed,49.67
2414,501,23,2024-12-12 14:06:16.232368,2,16.22,Completed,32.44
2415,345,59,2024-08-28 01:18:02.426098,1,179.72,Returned,179.72
2416,784,20,2025-12-03 05:09:22.753386,1,237.72,Returned,237.72
2417,171,39,2025-04-11 11:20:16.506133,2,71.92,Completed,143.84
2418,373,31,2024-08-10 09:23:18.738141,1,10.99,Completed,10.99
2419,207,20,2024-05-05 03:20:33.052349,1,237.72,Completed,237.72
2420,78,14,2025-05-07 15:59:40.644507,1,234.6,Completed,234.6
2421,549,49,2024-05-09 16:11:03.760516,1,215.69,Completed,215.69
2421,549,18,2024-05-09 16:11:03.760516,1,133.07,Completed,133.07
2422,305,29,2025-08-26 07:50:20.363681,1,141.6,Completed,141.6
2423,412,51,2025-03-16 10:56:08.687166,1,80.72,Completed,80.72
2424,640,45,2024-01-20 14:12:38.198016,1,19.93,Completed,19.93
2424,640,8,2024-01-20 14:12:38.198016,1,162.22,Completed,162.22
2424,640,52,2024-01-20 14:12:38.198016,1,159.65,Completed,159.65
2425,69,26,2024-05-25 06:27:28.205892,2,152.0,Completed,304.0
2426,544,39,2025-10-27 06:46:11.407047,1,71.92,Completed,71.92
2427,215,8,2024-10-08 16:51:53.583661,1,176.55,Completed,176.55
2427,215,22,2024-10-08 16:51:53.583661,1,54.23,Completed,54.23
2427,215,11,2024-10-08 16:51:53.583661,1,63.06,Completed,63.06
2428,308,38,2024-05-30 07:13:58.917380,1,220.99,Completed,220.99
2429,553,26,2024-07-31 12:10:07.901099,2,152.0,Returned,304.0
2429,553,9,2024-07-31 12:10:07.901099,1,169.69,Completed,169.69
2430,258,21,2025-01-17 19:24:45.422642,1,237.67,Completed,237.67
2430,258,41,2025-01-17 19:24:45.422642,1,49.67,Completed,49.67
2431,782,21,2024-11-27 21:42:28.059044,1,237.67,Completed,237.67
2432,20,56,2024-09-26 02:47:15.699517,1,125.24,Returned,125.24
2433,529,52,2024-01-09 01:32:41.990468,1,195.32,Completed,195.32
2434,591,30,2024-08-26 13:02:48.022748,4,133.76,Completed,535.04
2435,677,36,2025-10-26 03:54:50.595342,1,33.56,Completed,33.56
2435,677,28,2025-10-26 03:54:50.595342,1,29.06,Completed,29.06
2436,479,33,2024-10-12 12:09:51.781549,1,35.23,Completed,35.23
2437,654,36,2025-12-23 09:42:23.626899,1,33.56,Completed,33.56
2438,630,3,2024-04-04 06:29:31.061074,1,101.78,Completed,101.78
2439,445,38,2024-11-01 10:35:57.542618,1,220.99,Returned,220.99
2440,745,11,2025-06-26 11:51:39.802478,1,63.06,Completed,63.06
2441,535,19,2024-10-10 23:09:20.052036,3,245.83,Completed,737.49
2442,474,17,2025-10-21 14:51:11.066211,1,12.79,Completed,12.79
2443,702,4,2024-05-30 17:31:27.129854,1,100.31,Returned,100.31
2444,421,16,2025-09-27 10:16:03.597629,1,103.54,Completed,103.54
2445,66,49,2024-08-14 02:56:44.622428,1,215.69,Completed,215.69
2446,423,4,2025-08-20 01:32:23.020144,1,100.31,Cancelled,100.31
2447,294,24,2025-04-30 07:10:01.739166,1,173.32,Completed,173.32
2448,263,15,2024-04-25 21:50:50.990465,1,65.03,Completed,65.03
2449,242,45,2025-02-23 19:36:03.765209,1,19.93,Completed,19.93
2450,117,14,2024-08-14 12:41:47.944953,1,177.25,Cancelled,177.25
2451,318,17,2024-05-28 04:05:02.998299,1,16.4,Completed,16.4
2452,574,7,2025-06-07 05:50:46.568397,1,144.55,Completed,144.55
2452,574,11,2025-06-07 05:50:46.568397,1,63.06,Completed,63.06
2453,38,45,2024-12-01 00:55:00.418113,1,19.93,Completed,19.93
2454,280,22,2024-05-27 05:49:54.518631,1,47.52,Completed,47.52
2455,285,23,2025-12-24 11:48:40.257102,1,18.33,Completed,18.33
2456,181,37,2024-11-21 09:13:02.260057,1,198.15,Completed,198.15
2456,181,60,2024-11-21 09:13:02.260057,1,176.11,Returned,176.11
2457,21,17,2025-08-24 22:41:15.288033,2,15.24,Completed,30.48
2457,21,30,2025-08-24 22:41:15.288033,1,133.76,Completed,133.76
2458,306,34,2025-03-17 12:56:50.867050,1,145.12,Completed,145.12
2459,417,57,2024-06-29 04:38:20.255504,1,98.49,Completed,98.49
2459,417,29,2024-06-29 04:38:20.255504,1,141.6,Completed,141.6
2460,93,15,2024-08-28 02:10:42.348625,4,65.03,Completed,260.12
2461,742,34,2025-02-19 12:53:36.087384,1,145.12,Completed,145.12
2461,742,41,2025-02-19 12:53:36.087384,1,49.67,Completed,49.67
2462,585,42,2024-12-24 09:35:42.523208,1,157.62,Completed,157.62
2463,124,9,2024-12-03 18:25:27.667322,1,169.69,Completed,169.69
2464,595,55,2024-01-29 12:45:55.886221,3,229.05,Completed,687.1500000000001
2464,595,20,2024-01-29 12:45:55.886221,2,237.72,Completed,475.44
2465,258,13,2024-03-07 12:07:08.027886,1,241.68,Completed,241.68
2466,93,30,2025-04-16 19:09:39.217968,1,133.76,Completed,133.76
2467,126,60,2025-11-01 19:03:20.085349,3,196.88,Completed,590.64
2467,126,52,2025-11-01 19:03:20.085349,1,195.32,Completed,195.32
2467,126,37,2025-11-01 19:03:20.085349,2,198.15,Completed,396.3
2468,755,24,2024-09-10 03:37:04.223691,3,173.32,Completed,519.96
2469,767,22,2025-09-07 03:02:36.898608,2,59.28,Completed,118.56
2470,434,12,2025-08-01 09:54:56.436041,1,101.68,Completed,101.68
2470,434,32,2025-08-01 09:54:56.436041,1,119.07,Completed,119.07
2471,282,8,2024-10-12 11:54:11.679868,1,176.55,Completed,176.55
2472,261,43,2025-08-24 02:29:12.074261,1,105.22,Completed,105.22
2473,58,27,2025-09-12 09:15:53.879255,1,183.96,Completed,183.96
2473,58,11,2025-09-12 09:15:53.879255,1,63.06,Completed,63.06
2474,116,34,2024-10-29 23:43:27.585584,1,145.12,Returned,145.12
2475,434,9,2024-05-11 02:12:30.543220,3,169.69,Completed,509.07
2475,434,39,2024-05-11 02:12:30.543220,4,71.92,Cancelled,287.68
2475,434,24,2024-05-11 02:12:30.543220,1,173.32,Completed,173.32
2476,149,51,2025-03-26 22:44:37.562099,1,80.72,Completed,80.72
2477,733,36,2024-11-11 09:58:56.200471,1,33.56,Completed,33.56
2478,316,59,2024-10-07 19:19:50.677798,1,169.54,Completed,169.54
2479,621,32,2025-04-26 03:04:56.115820,3,134.85,Completed,404.54999999999995
2480,56,31,2025-05-24 22:06:21.825814,1,10.99,Completed,10.99
2481,688,14,2024-03-10 17:45:31.240628,1,234.6,Completed,234.6
2481,688,2,2024-03-10 17:45:31.240628,1,72.13,Completed,72.13
2482,317,55,2025-05-25 00:15:22.105062,2,229.05,Completed,458.1
2483,718,4,2024-02-01 21:00:05.114422,1,100.31,Completed,100.31
2484,702,30,2025-10-08 10:41:33.549403,2,123.51,Completed,247.02
2485,454,39,2024-04-25 06:58:21.227668,2,71.92,Completed,143.84
2486,403,3,2025-10-06 06:22:41.447132,1,101.78,Completed,101.78
2487,262,54,2025-01-27 13:09:42.316855,1,29.61,Completed,29.61
2488,775,30,2025-05-01 15:49:46.554484,1,133.76,Cancelled,133.76
2488,775,50,2025-05-01 15:49:46.554484,1,243.34,Completed,243.34
2489,165,44,2024-02-18 17:21:08.949805,2,220.71,Completed,441.42
2490,647,16,2025-06-14 08:56:29.255206,1,103.54,Returned,103.54
2490,647,45,2025-06-14 08:56:29.255206,2,19.93,Completed,39.86
2491,660,3,2025-10-20 15:09:08.248627,3,101.78,Completed,305.34000000000003
2492,35,8,2025-10-25 09:03:46.701323,2,176.55,Completed,353.1
2492,35,41,2025-10-25 09:03:46.701323,2,45.0,Completed,90.0
2493,504,10,2024-10-27 05:35:36.004686,2,108.18,Returned,216.36
2493,504,37,2024-10-27 05:35:36.004686,1,198.15,Completed,198.15
2494,341,15,2025-07-10 03:48:04.342150,2,65.03,Completed,130.06
2495,103,6,2024-03-29 11:57:37.953589,1,71.74,Completed,71.74
2496,716,27,2024-09-26 04:11:08.837273,1,183.96,Completed,183.96
2497,68,5,2025-07-05 10:33:11.138172,1,18.8,Cancelled,18.8
2498,617,49,2025-01-03 04:59:51.502058,1,215.69,Completed,215.69
2498,617,29,2025-01-03 04:59:51.502058,1,141.6,Completed,141.6
2499,335,55,2025-07-23 01:01:35.214551,1,229.05,Completed,229.05
2499,335,29,2025-07-23 01:01:35.214551,1,107.68,Completed,107.68
2499,335,16,2025-07-23 01:01:35.214551,1,103.54,Completed,103.54
2500,646,13,2024-10-26 08:52:59.173754,1,241.68,Completed,241.68
2501,657,36,2024-04-30 07:58:52.074786,2,27.86,Completed,55.72
2501,657,10,2024-04-30 07:58:52.074786,1,108.18,Completed,108.18
2502,322,43,2024-05-31 09:09:32.806180,3,105.22,Completed,315.65999999999997
2502,322,39,2024-05-31 09:09:32.806180,1,57.53,Completed,57.53
2503,731,25,2024-02-02 14:00:29.139550,2,207.06,Completed,414.12
2503,731,1,2024-02-02 14:00:29.139550,1,121.97,Completed,121.97
2504,782,20,2024-01-20 12:05:50.090997,1,206.53,Returned,206.53
2504,782,46,2024-01-20 12:05:50.090997,1,73.0,Completed,73.0
2505,328,35,2025-04-11 08:56:35.674236,2,241.49,Completed,482.98
2505,328,17,2025-04-11 08:56:35.674236,1,16.4,Completed,16.4
2506,137,47,2025-05-08 04:53:54.977086,1,89.76,Completed,89.76
2507,704,27,2024-12-03 04:33:27.183423,1,183.96,Completed,183.96
2507,704,9,2024-12-03 04:33:27.183423,1,169.69,Completed,169.69
2508,289,47,2024-09-07 20:52:59.414101,2,89.76,Completed,179.52
2508,289,24,2024-09-07 20:52:59.414101,1,173.32,Completed,173.32
2509,187,13,2024-10-18 12:28:08.248474,3,241.68,Completed,725.04
2510,387,32,2024-05-21 21:57:02.867500,1,150.19,Completed,150.19
2511,585,58,2024-01-28 13:48:43.341218,1,199.54,Completed,199.54
2512,24,7,2024-07-01 22:36:44.795370,1,144.55,Completed,144.55
2512,24,2,2024-07-01 22:36:44.795370,1,72.13,Completed,72.13
2513,642,30,2025-06-01 15:25:30.290479,1,133.76,Completed,133.76
2514,92,46,2024-04-09 15:08:22.654632,1,73.0,Completed,73.0
2514,92,9,2024-04-09 15:08:22.654632,1,169.69,Completed,169.69
2515,719,9,2025-05-04 07:34:42.310781,1,169.69,Completed,169.69
2516,51,31,2024-12-04 21:34:55.108571,1,10.99,Completed,10.99
2517,440,42,2024-12-02 18:58:28.577751,1,157.62,Completed,157.62
2518,153,25,2024-03-01 06:15:07.182110,1,170.53,Completed,170.53
2519,581,60,2025-04-24 15:02:09.721203,1,175.95,Completed,175.95
2520,446,51,2025-06-04 21:56:54.847871,1,80.72,Completed,80.72
2521,465,49,2024-11-15 12:55:06.215106,3,215.69,Completed,647.0699999999999
2522,507,48,2024-12-09 16:12:03.861423,1,74.32,Completed,74.32
2522,507,60,2024-12-09 16:12:03.861423,1,196.88,Completed,196.88
2523,273,45,2024-07-22 18:33:57.086897,1,19.93,Completed,19.93
2523,273,22,2024-07-22 18:33:57.086897,4,59.28,Completed,237.12
2523,273,57,2024-07-22 18:33:57.086897,1,90.74,Completed,90.74
2524,615,55,2024-04-27 19:08:29.845360,1,229.05,Completed,229.05
2525,290,17,2025-09-04 02:26:50.295202,1,16.4,Returned,16.4
2526,194,23,2025-03-19 02:26:22.294348,1,18.33,Completed,18.33
2526,194,8,2025-03-19 02:26:22.294348,1,176.55,Completed,176.55
2526,194,26,2025-03-19 02:26:22.294348,1,122.82,Completed,122.82
2527,269,43,2024-05-09 09:11:07.081299,1,105.22,Completed,105.22
2528,462,18,2024-03-31 15:07:56.019336,1,133.07,Completed,133.07
2529,379,56,2025-06-25 06:08:32.580005,1,125.24,Cancelled,125.24
2530,663,39,2024-05-02 23:18:11.179257,1,71.92,Completed,71.92
2530,663,34,2024-05-02 23:18:11.179257,1,112.71,Completed,112.71
2531,332,28,2025-05-05 02:47:26.057709,2,29.06,Completed,58.12
2532,408,11,2024-01-09 04:24:36.098471,4,63.06,Completed,252.24
2533,731,49,2024-07-18 11:22:46.846023,1,215.69,Completed,215.69
2534,434,2,2024-11-17 16:19:40.799434,1,72.13,Completed,72.13
2534,434,57,2024-11-17 16:19:40.799434,1,98.49,Completed,98.49
2534,434,16,2024-11-17 16:19:40.799434,1,78.87,Completed,78.87
2535,341,2,2024-05-09 21:30:46.104923,1,72.13,Completed,72.13
2536,483,43,2025-06-05 12:30:10.834286,1,105.22,Completed,105.22
2536,483,36,2025-06-05 12:30:10.834286,3,33.56,Completed,100.68
2537,687,57,2025-10-13 15:53:18.975065,1,98.49,Cancelled,98.49
2538,613,40,2025-01-23 13:52:30.225178,1,146.43,Completed,146.43
2539,47,47,2024-11-18 16:51:31.241998,2,76.38,Completed,152.76
2539,47,9,2024-11-18 16:51:31.241998,2,169.69,Completed,339.38
2540,405,2,2024-02-04 20:41:07.850290,1,72.13,Completed,72.13
2540,405,43,2024-02-04 20:41:07.850290,1,97.69,Completed,97.69
2541,43,50,2025-04-08 09:31:40.845311,2,243.34,Completed,486.68
2541,43,32,2025-04-08 09:31:40.845311,1,150.19,Completed,150.19
2542,516,17,2025-01-16 16:45:38.218650,3,16.4,Completed,49.199999999999996
2543,348,58,2025-04-28 15:41:59.218026,1,199.54,Completed,199.54
2544,136,45,2025-04-26 19:54:28.588497,2,17.78,Cancelled,35.56
2544,136,18,2025-04-26 19:54:28.588497,1,133.07,Completed,133.07
2545,267,51,2024-03-16 00:56:18.176906,1,61.25,Completed,61.25
2546,131,55,2025-05-18 22:52:27.862221,1,229.05,Completed,229.05
2546,131,54,2025-05-18 22:52:27.862221,4,29.61,Completed,118.44
2547,288,30,2024-11-20 02:38:48.163173,1,133.76,Completed,133.76
2547,288,34,2024-11-20 02:38:48.163173,2,145.12,Completed,290.24
2548,290,44,2025-03-12 16:33:27.858800,1,220.71,Completed,220.71
2549,270,6,2024-02-05 12:36:19.631619,1,71.74,Completed,71.74
2550,780,37,2024-10-02 11:58:10.949531,2,198.15,Completed,396.3
2550,780,6,2024-10-02 11:58:10.949531,1,71.74,Returned,71.74
2551,447,17,2024-05-27 06:27:02.386719,1,16.4,Completed,16.4
2551,447,32,2024-05-27 06:27:02.386719,1,150.19,Completed,150.19
2552,504,16,2024-07-01 06:44:24.627987,1,103.54,Completed,103.54
2552,504,17,2024-07-01 06:44:24.627987,2,16.4,Completed,32.8
2553,674,52,2025-10-25 09:24:42.685748,1,195.32,Completed,195.32
2554,451,11,2024-05-25 23:44:57.508794,1,49.17,Completed,49.17
2555,236,23,2024-01-12 16:59:36.696429,1,18.33,Completed,18.33
2556,482,14,2024-01-21 09:34:54.681333,2,234.6,Completed,469.2
2556,482,35,2024-01-21 09:34:54.681333,2,241.49,Completed,482.98
2557,447,58,2024-01-11 15:05:26.072563,1,185.38,Completed,185.38
2558,507,9,2025-08-21 23:37:30.508721,1,139.37,Completed,139.37
2559,727,6,2025-05-11 08:53:27.203793,1,71.74,Completed,71.74
2560,469,30,2024-02-16 02:45:51.915774,1,133.76,Completed,133.76
2560,469,21,2024-02-16 02:45:51.915774,1,237.67,Completed,237.67
2561,152,5,2025-11-30 21:13:00.735299,1,14.45,Completed,14.45
2562,291,41,2024-03-11 12:29:17.394776,1,49.67,Completed,49.67
2563,173,5,2025-09-01 19:56:47.947974,1,18.8,Completed,18.8
2563,173,17,2025-09-01 19:56:47.947974,1,16.4,Completed,16.4
2564,577,15,2025-04-29 19:11:07.360996,1,65.03,Returned,65.03
2564,577,44,2025-04-29 19:11:07.360996,2,220.71,Completed,441.42
2565,598,50,2025-06-12 12:40:53.135884,1,243.34,Completed,243.34
2566,5,13,2024-02-02 03:05:57.181050,1,241.68,Completed,241.68
2567,585,2,2025-01-09 03:00:06.347572,1,72.13,Completed,72.13
2568,79,36,2025-08-18 09:44:18.142613,2,33.56,Completed,67.12
2569,511,49,2024-08-23 13:20:46.217158,1,215.69,Completed,215.69
2569,511,37,2024-08-23 13:20:46.217158,1,198.15,Cancelled,198.15
2570,27,52,2025-04-02 13:17:54.001359,1,195.32,Completed,195.32
2571,697,52,2025-04-01 00:16:37.732313,1,161.08,Completed,161.08
2572,109,44,2025-11-13 01:24:55.754742,1,220.71,Completed,220.71
2573,158,40,2024-10-15 09:31:11.647648,2,123.3,Completed,246.6
2574,725,52,2024-11-08 08:27:45.999104,1,195.32,Completed,195.32
2575,465,10,2024-06-18 15:47:26.062412,1,108.18,Returned,108.18
2575,465,38,2024-06-18 15:47:26.062412,3,220.99,Completed,662.97
2576,674,57,2024-03-18 07:06:38.563579,2,92.97,Completed,185.94
2577,672,36,2024-08-24 01:24:15.643465,1,33.56,Completed,33.56
2577,672,13,2024-08-24 01:24:15.643465,2,241.68,Completed,483.36
2578,750,7,2024-01-11 22:42:17.652687,2,144.55,Completed,289.1
2579,583,7,2025-04-22 09:57:11.330802,1,133.37,Completed,133.37
2579,583,56,2025-04-22 09:57:11.330802,1,125.24,Completed,125.24
2579,583,57,2025-04-22 09:57:11.330802,1,98.49,Completed,98.49
2580,57,41,2024-01-09 17:54:49.499399,1,49.67,Completed,49.67
2581,561,33,2024-06-04 07:41:39.493229,1,35.23,Completed,35.23
2582,391,9,2024-06-09 16:05:07.131938,1,135.93,Cancelled,135.93
2583,246,34,2025-04-25 07:29:20.497506,1,145.12,Completed,145.12
2584,409,55,2024-07-22 06:34:39.266749,1,210.83,Completed,210.83
2585,167,40,2025-03-31 10:53:33.311734,2,146.43,Completed,292.86
2585,167,57,2025-03-31 10:53:33.311734,1,98.49,Completed,98.49
2586,663,45,2024-02-02 01:48:36.997459,2,19.93,Completed,39.86
2587,670,47,2025-10-08 09:15:36.307808,1,89.76,Completed,89.76
2587,670,18,2025-10-08 09:15:36.307808,1,133.07,Completed,133.07
2588,443,39,2024-10-27 02:24:59.633437,4,71.92,Completed,287.68
2589,318,16,2025-07-14 07:23:26.492369,1,103.54,Completed,103.54
2590,618,56,2024-12-30 16:34:19.022640,1,110.6,Returned,110.6
2590,618,20,2024-12-30 16:34:19.022640,1,237.72,Completed,237.72
2591,525,20,2025-12-24 01:06:34.538993,1,237.72,Completed,237.72
2592,457,24,2025-06-04 03:32:42.086586,1,173.32,Completed,173.32
2592,457,46,2025-06-04 03:32:42.086586,1,73.0,Returned,73.0
2593,577,5,2025-07-31 14:52:16.402973,1,18.8,Completed,18.8
2594,93,52,2025-11-04 05:21:46.424729,1,195.32,Completed,195.32
2595,378,13,2025-02-19 12:28:21.662814,3,241.68,Completed,725.04
2596,445,38,2024-07-02 21:59:29.344773,1,220.99,Completed,220.99
2597,96,51,2024-03-10 03:55:29.365906,2,66.06,Completed,132.12
2597,96,18,2024-03-10 03:55:29.365906,2,133.07,Completed,266.14
2598,230,32,2024-08-24 18:41:13.830836,1,150.19,Completed,150.19
2598,230,11,2024-08-24 18:41:13.830836,1,63.06,Completed,63.06
2599,508,24,2025-04-05 12:54:40.116949,1,173.32,Completed,173.32
2599,508,52,2025-04-05 12:54:40.116949,2,195.32,Completed,390.64
2599,508,10,2025-04-05 12:54:40.116949,1,91.27,Returned,91.27
2600,82,11,2024-10-10 15:39:59.498306,1,63.06,Completed,63.06
2600,82,29,2024-10-10 15:39:59.498306,1,141.6,Completed,141.6
2601,153,10,2025-11-05 22:10:32.143339,1,108.18,Completed,108.18
2601,153,59,2025-11-05 22:10:32.143339,1,179.72,Cancelled,179.72
2601,153,56,2025-11-05 22:10:32.143339,1,125.24,Completed,125.24
2602,255,54,2025-07-17 03:02:25.081597,1,29.61,Completed,29.61
2603,303,47,2024-04-07 00:57:31.537195,1,89.76,Completed,89.76
2603,303,59,2024-04-07 00:57:31.537195,1,179.72,Completed,179.72
2604,47,54,2024-05-07 23:47:59.730196,1,29.61,Completed,29.61
2605,523,28,2025-07-10 01:16:09.400954,1,29.06,Completed,29.06
2606,97,13,2025-05-16 23:11:30.156916,1,241.68,Returned,241.68
2607,738,18,2025-12-14 22:56:14.015287,2,133.07,Completed,266.14
2608,260,33,2025-05-01 10:48:45.799055,1,35.23,Completed,35.23
2608,260,27,2025-05-01 10:48:45.799055,1,183.96,Cancelled,183.96
2609,788,30,2024-02-19 06:50:10.417388,1,133.76,Completed,133.76
2610,117,36,2024-01-13 21:12:25.005803,1,33.56,Completed,33.56
2611,474,4,2025-10-27 20:02:56.498200,1,100.31,Completed,100.31
2611,474,50,2025-10-27 20:02:56.498200,1,243.34,Cancelled,243.34
2611,474,7,2025-10-27 20:02:56.498200,1,144.55,Completed,144.55
2612,86,1,2024-11-23 16:55:50.253595,1,121.97,Completed,121.97
2613,722,26,2025-01-08 01:10:40.787222,1,152.0,Completed,152.0
2614,602,21,2025-06-25 12:34:47.699106,1,237.67,Completed,237.67
2615,776,39,2025-01-02 11:55:09.039664,1,71.92,Completed,71.92
2615,776,14,2025-01-02 11:55:09.039664,1,234.6,Completed,234.6
2616,272,17,2025-05-29 09:06:08.523621,1,16.4,Completed,16.4
2616,272,34,2025-05-29 09:06:08.523621,1,145.12,Completed,145.12
2617,192,28,2024-01-10 16:52:12.907549,1,29.06,Completed,29.06
2618,81,51,2024-01-16 11:39:30.279651,1,80.72,Completed,80.72
2619,619,35,2025-07-08 00:38:48.721321,3,241.49,Completed,724.47
2620,690,34,2024-03-31 13:27:50.297036,1,124.35,Completed,124.35
2620,690,18,2024-03-31 13:27:50.297036,1,102.91,Completed,102.91
2621,176,42,2024-06-21 13:39:49.052159,1,157.62,Completed,157.62
2622,472,15,2024-11-08 19:16:57.747338,1,65.03,Completed,65.03
2623,674,18,2024-06-26 18:55:16.317835,4,133.07,Completed,532.28
2624,617,8,2024-02-27 22:54:23.351705,1,176.55,Completed,176.55
2625,311,59,2024-04-10 09:58:19.410769,1,179.72,Completed,179.72
2626,632,25,2024-12-30 01:41:16.667602,1,207.06,Completed,207.06
2627,690,10,2024-05-27 11:14:47.463175,3,108.18,Completed,324.54
2627,690,12,2024-05-27 11:14:47.463175,1,101.68,Completed,101.68
2628,310,55,2024-10-01 07:06:14.258195,1,177.98,Completed,177.98
2628,310,25,2024-10-01 07:06:14.258195,1,207.06,Completed,207.06
2629,17,57,2025-04-13 16:31:17.309206,1,98.49,Completed,98.49
2630,193,52,2024-06-22 18:52:50.598993,1,195.32,Completed,195.32
2631,215,19,2025-06-13 11:24:12.838422,1,245.83,Completed,245.83
2631,215,43,2025-06-13 11:24:12.838422,2,84.0,Completed,168.0
2632,642,49,2025-12-22 15:25:12.503558,3,215.69,Completed,647.0699999999999
2633,552,29,2024-11-19 22:04:59.037331,1,141.6,Completed,141.6
2634,309,51,2025-10-02 10:51:18.070843,1,80.72,Completed,80.72
2634,309,24,2025-10-02 10:51:18.070843,1,144.61,Completed,144.61
2635,120,24,2024-04-08 00:21:28.972470,3,173.32,Cancelled,519.96
2636,157,15,2024-08-19 19:16:38.432240,1,65.03,Completed,65.03
2636,157,25,2024-08-19 19:16:38.432240,1,207.06,Completed,207.06
2636,157,21,2024-08-19 19:16:38.432240,2,237.67,Completed,475.34
2637,21,50,2025-07-28 11:43:47.458366,1,243.34,Cancelled,243.34
2638,600,38,2024-01-29 21:55:22.764025,1,220.99,Completed,220.99
2639,302,54,2025-07-31 23:58:53.734175,2,29.61,Returned,59.22
2639,302,32,2025-07-31 23:58:53.734175,3,150.19,Completed,450.57
2640,53,31,2024-10-29 20:55:56.589579,1,10.99,Completed,10.99
2640,53,14,2024-10-29 20:55:56.589579,1,215.72,Completed,215.72
2641,443,34,2025-08-16 06:41:19.220234,1,145.12,Completed,145.12
2642,508,52,2025-07-01 21:39:07.059035,2,195.32,Cancelled,390.64
2643,611,4,2024-06-16 04:15:20.109870,1,100.31,Completed,100.31
2644,298,8,2025-06-18 23:56:14.013265,1,146.53,Completed,146.53
2644,298,12,2025-06-18 23:56:14.013265,1,101.68,Completed,101.68
2644,298,31,2025-06-18 23:56:14.013265,3,10.99,Completed,32.97
2645,695,21,2024-09-07 04:36:06.619032,2,237.67,Completed,475.34
2646,500,50,2024-05-30 05:55:17.274805,1,243.34,Completed,243.34
2647,63,29,2024-02-09 11:22:34.145091,2,141.6,Completed,283.2
2647,63,4,2024-02-09 11:22:34.145091,1,100.31,Completed,100.31
2648,324,34,2025-10-31 21:43:17.844822,1,145.12,Completed,145.12
2649,275,37,2025-12-22 12:21:08.514889,1,198.15,Completed,198.15
2650,428,60,2025-08-08 01:26:08.394748,3,196.88,Completed,590.64
2651,120,2,2025-05-23 06:47:29.071965,1,72.13,Completed,72.13
2651,120,35,2025-05-23 06:47:29.071965,1,241.49,Completed,241.49
2652,356,11,2024-06-11 09:13:11.408227,1,63.06,Completed,63.06
2653,447,1,2025-09-29 01:48:19.133518,3,98.5,Completed,295.5
2653,447,59,2025-09-29 01:48:19.133518,1,179.72,Completed,179.72
2654,353,14,2025-01-15 16:11:17.409779,1,234.6,Completed,234.6
2655,520,31,2024-05-13 23:43:00.106710,2,10.99,Completed,21.98
2656,702,19,2025-04-04 17:47:22.649152,1,245.83,Completed,245.83
2657,617,35,2024-02-17 04:05:15.876891,1,241.49,Completed,241.49
2657,617,17,2024-02-17 04:05:15.876891,4,16.4,Completed,65.6
2658,480,24,2024-12-24 21:34:22.476096,1,140.16,Returned,140.16
2658,480,8,2024-12-24 21:34:22.476096,1,176.55,Completed,176.55
2659,427,53,2025-11-27 04:08:38.570459,1,184.37,Completed,184.37
2660,690,36,2024-02-08 00:54:44.001717,1,33.56,Completed,33.56
2660,690,52,2024-02-08 00:54:44.001717,3,195.32,Completed,585.96
2661,484,20,2025-12-25 04:03:36.743937,1,237.72,Returned,237.72
2661,484,44,2025-12-25 04:03:36.743937,1,220.71,Completed,220.71
2662,637,26,2025-11-15 22:34:10.943450,1,152.0,Completed,152.0
2663,708,20,2024-04-01 15:49:43.366789,2,237.72,Completed,475.44
2664,684,25,2024-05-06 18:48:01.612128,4,207.06,Completed,828.24
2665,178,44,2025-02-04 15:48:04.314617,3,220.71,Completed,662.13
2666,621,28,2025-08-03 12:29:01.622401,1,29.06,Completed,29.06
2666,621,50,2025-08-03 12:29:01.622401,1,243.34,Completed,243.34
2667,506,8,2024-05-29 04:37:14.773103,1,176.55,Completed,176.55
2667,506,8,2024-05-29 04:37:14.773103,1,176.55,Completed,176.55
2668,49,11,2025-01-05 10:04:41.145111,1,63.06,Completed,63.06
2669,368,55,2024-11-07 03:43:17.692765,1,229.05,Completed,229.05
2669,368,5,2024-11-07 03:43:17.692765,1,18.8,Completed,18.8
2670,163,44,2024-12-06 23:08:26.940530,1,220.71,Completed,220.71
2671,516,17,2024-04-29 20:03:44.564080,1,12.51,Completed,12.51
2672,441,11,2024-05-24 04:50:07.098853,1,50.15,Completed,50.15
2673,576,1,2024-11-05 12:46:26.033762,1,121.97,Completed,121.97
2674,265,42,2025-03-18 06:30:49.085121,2,157.62,Completed,315.24
2675,364,39,2024-08-09 06:19:27.809112,1,71.92,Completed,71.92
2676,789,31,2025-02-24 18:54:37.688108,1,10.99,Completed,10.99
2677,274,34,2025-12-07 10:33:22.330822,1,145.12,Completed,145.12
2678,707,28,2024-05-27 00:32:44.170370,1,29.06,Completed,29.06
2679,619,28,2025-09-21 13:41:42.828674,1,29.06,Completed,29.06
2680,724,42,2024-12-17 06:06:38.834875,2,148.05,Completed,296.1
2681,469,49,2025-11-25 05:45:04.066636,1,215.69,Completed,215.69
2682,774,18,2024-09-19 11:52:31.829085,2,102.62,Cancelled,205.24
2682,774,6,2024-09-19 11:52:31.829085,2,71.74,Completed,143.48
2683,105,39,2024-10-02 17:36:37.451321,1,71.92,Completed,71.92
2683,105,9,2024-10-02 17:36:37.451321,1,130.84,Completed,130.84
2684,646,5,2024-12-09 14:54:00.900410,1,14.87,Completed,14.87
2685,371,54,2024-11-04 13:39:21.411794,4,29.61,Completed,118.44
2685,371,43,2024-11-04 13:39:21.411794,1,105.22,Completed,105.22
2686,453,4,2025-03-20 20:35:12.276827,2,100.31,Cancelled,200.62
2687,511,4,2024-11-12 09:42:07.934170,1,100.31,Completed,100.31
2688,102,39,2024-04-23 18:59:26.733942,3,71.92,Completed,215.76
2689,373,47,2025-11-27 05:49:54.487644,2,89.76,Completed,179.52
2689,373,47,2025-11-27 05:49:54.487644,1,82.55,Completed,82.55
2690,450,38,2024-12-17 20:39:09.640715,1,220.99,Completed,220.99
2690,450,32,2024-12-17 20:39:09.640715,1,150.19,Completed,150.19
2691,7,50,2025-07-10 05:00:04.733843,1,243.34,Completed,243.34
2691,7,39,2025-07-10 05:00:04.733843,1,71.92,Cancelled,71.92
2692,350,6,2024-11-08 00:00:01.704244,4,71.74,Cancelled,286.96
2693,176,12,2024-03-01 18:14:22.661483,2,83.83,Completed,167.66
2694,773,9,2025-10-23 17:07:38.183990,4,169.69,Completed,678.76
2694,773,58,2025-10-23 17:07:38.183990,1,199.54,Completed,199.54
2695,252,21,2024-08-07 04:03:24.359318,1,237.67,Completed,237.67
2696,772,24,2025-01-27 03:42:12.099430,1,173.32,Completed,173.32
2697,234,53,2025-02-07 13:58:09.974791,1,154.09,Completed,154.09
2698,420,10,2024-05-08 06:15:07.377463,1,108.18,Completed,108.18
2698,420,19,2024-05-08 06:15:07.377463,1,245.83,Completed,245.83
2699,529,21,2024-10-04 17:29:17.365193,3,237.67,Completed,713.01
2700,371,40,2024-08-11 06:26:39.840129,1,146.43,Completed,146.43
2700,371,14,2024-08-11 06:26:39.840129,3,234.6,Completed,703.8
2701,789,14,2024-07-25 18:06:54.362577,2,213.78,Completed,427.56
2702,72,53,2025-02-14 08:43:46.592702,1,149.89,Completed,149.89
2703,791,30,2024-12-17 00:23:33.853215,1,133.76,Completed,133.76
2704,63,47,2024-08-31 06:15:43.665779,1,89.76,Completed,89.76
2705,38,37,2025-06-05 20:24:22.527825,1,198.15,Completed,198.15
2706,657,12,2024-05-22 20:56:23.716288,2,101.68,Returned,203.36
2707,589,46,2025-10-30 18:37:53.557365,3,63.97,Completed,191.91
2708,731,24,2024-01-04 01:14:35.691914,1,173.32,Completed,173.32
2708,731,58,2024-01-04 01:14:35.691914,1,199.54,Completed,199.54
2709,303,41,2025-09-21 00:11:52.186689,1,49.67,Completed,49.67
2710,698,6,2025-06-17 04:03:30.985245,1,71.74,Completed,71.74
2710,698,30,2025-06-17 04:03:30.985245,1,133.76,Completed,133.76
2711,739,9,2024-09-30 04:59:48.849367,3,169.69,Completed,509.07
2712,353,54,2024-10-22 07:48:29.395394,3,23.86,Completed,71.58
2712,353,17,2024-10-22 07:48:29.395394,1,16.4,Completed,16.4
2712,353,4,2024-10-22 07:48:29.395394,1,100.31,Completed,100.31
2713,718,6,2024-10-30 13:10:09.511447,1,71.74,Completed,71.74
2714,660,56,2024-10-15 02:15:45.822296,1,125.24,Completed,125.24
2715,558,14,2025-06-25 19:14:19.008376,1,234.6,Completed,234.6
2716,634,10,2024-10-07 08:20:08.393980,1,108.18,Completed,108.18
2717,715,49,2024-08-12 16:50:44.380595,1,215.69,Completed,215.69
2718,665,32,2025-12-21 21:23:11.530551,1,150.19,Completed,150.19
2718,665,20,2025-12-21 21:23:11.530551,1,237.72,Completed,237.72
2719,309,21,2024-02-22 00:01:33.297367,2,203.8,Returned,407.6
2720,400,47,2025-10-08 01:11:33.570978,2,89.76,Completed,179.52
2721,758,17,2025-12-25 12:07:03.578806,3,16.4,Completed,49.199999999999996
2721,758,5,2025-12-25 12:07:03.578806,3,18.8,Completed,56.400000000000006
2722,554,60,2024-03-31 20:50:45.419333,1,196.88,Returned,196.88
2723,96,18,2025-11-11 10:54:35.524095,2,133.07,Completed,266.14
2724,320,42,2024-04-28 12:35:20.237165,1,157.62,Completed,157.62
2725,776,2,2025-07-10 22:53:56.374746,2,72.13,Completed,144.26
2726,24,46,2025-11-29 16:20:14.201907,2,66.38,Completed,132.76
2726,24,49,2025-11-29 16:20:14.201907,1,215.69,Completed,215.69
2727,248,55,2025-07-17 00:39:25.330194,4,229.05,Completed,916.2
2728,312,21,2025-07-02 15:38:10.091454,1,237.67,Completed,237.67
2728,312,6,2025-07-02 15:38:10.091454,1,71.74,Completed,71.74
2729,114,24,2024-09-11 11:05:54.998741,3,173.32,Completed,519.96
2730,382,9,2025-06-01 15:55:50.570887,1,169.69,Completed,169.69
2731,520,5,2025-04-08 12:50:42.471269,2,18.8,Completed,37.6
2732,49,17,2024-09-25 18:31:23.077076,1,16.4,Completed,16.4
2732,49,33,2024-09-25 18:31:23.077076,1,35.23,Completed,35.23
2733,460,22,2024-02-12 02:59:05.632586,1,59.28,Completed,59.28
2734,755,49,2024-10-08 07:02:12.911627,1,176.39,Returned,176.39
2735,242,18,2024-11-05 13:11:12.193144,1,133.07,Completed,133.07
2736,596,20,2024-06-29 03:47:33.141422,1,237.72,Completed,237.72
2736,596,57,2024-06-29 03:47:33.141422,1,98.49,Completed,98.49
2737,643,11,2024-12-14 17:45:06.409315,1,63.06,Completed,63.06
2738,610,1,2025-11-03 16:07:44.201706,4,121.97,Completed,487.88
2739,307,39,2024-09-20 19:58:41.986296,1,71.92,Completed,71.92
2739,307,51,2024-09-20 19:58:41.986296,1,80.72,Completed,80.72
2740,733,8,2025-05-30 18:54:46.427745,1,176.55,Returned,176.55
2741,144,38,2024-01-21 15:02:47.401484,2,220.99,Returned,441.98
2742,533,2,2025-04-30 22:38:13.806112,2,72.13,Completed,144.26
2743,108,9,2024-04-17 22:55:57.398768,1,169.69,Completed,169.69
2744,597,34,2025-03-17 23:13:56.406215,1,145.12,Completed,145.12
2745,798,42,2025-11-20 07:31:36.060749,1,157.62,Completed,157.62
2746,101,29,2024-04-17 13:52:36.016064,1,118.26,Completed,118.26
2747,422,41,2024-06-29 14:42:26.393689,1,37.87,Completed,37.87
2748,134,53,2025-02-26 04:32:53.797358,1,184.37,Completed,184.37
2748,134,36,2025-02-26 04:32:53.797358,2,33.56,Completed,67.12
2749,379,57,2025-04-28 16:50:01.498086,4,98.49,Completed,393.96
2749,379,27,2025-04-28 16:50:01.498086,1,183.96,Completed,183.96
2749,379,3,2025-04-28 16:50:01.498086,1,101.78,Completed,101.78
2750,798,14,2024-04-27 20:12:29.981908,1,234.6,Completed,234.6
2751,271,28,2024-03-26 05:07:15.152670,1,29.06,Completed,29.06
2751,271,58,2024-03-26 05:07:15.152670,1,199.54,Completed,199.54
2752,451,29,2024-03-08 09:11:51.834504,1,141.6,Completed,141.6
2753,502,20,2025-06-03 11:23:52.318062,1,237.72,Completed,237.72
2754,427,3,2024-10-07 13:46:20.174637,3,101.78,Completed,305.34000000000003
2755,148,3,2025-05-30 10:20:32.649642,1,101.78,Completed,101.78
2756,497,53,2025-12-12 03:01:50.685363,1,184.37,Completed,184.37
2757,133,23,2024-02-28 15:42:09.032048,1,18.33,Completed,18.33
2758,526,15,2025-10-26 06:18:32.638562,1,65.03,Completed,65.03
2759,121,23,2025-10-01 11:37:40.952908,1,18.33,Completed,18.33
2760,467,39,2024-05-01 01:13:46.563939,1,71.92,Completed,71.92
2761,765,3,2024-11-07 14:47:17.544491,3,101.78,Completed,305.34000000000003
2762,573,7,2025-05-20 00:58:50.583543,1,144.55,Completed,144.55
2763,122,12,2024-12-31 11:19:56.351744,1,101.68,Completed,101.68
2763,122,45,2024-12-31 11:19:56.351744,4,19.93,Completed,79.72
2764,124,49,2025-01-24 05:41:13.148221,3,215.69,Completed,647.0699999999999
2765,297,13,2025-10-09 06:07:24.651097,1,188.67,Completed,188.67
2765,297,53,2025-10-09 06:07:24.651097,1,184.37,Completed,184.37
2766,384,47,2025-03-03 20:07:03.324782,3,89.76,Returned,269.28000000000003
2767,498,37,2025-06-19 18:30:49.735756,4,154.27,Cancelled,617.08
2768,604,38,2025-07-03 07:08:19.161526,2,220.99,Completed,441.98
2769,313,33,2025-11-05 18:05:48.343754,1,35.23,Completed,35.23
2770,221,60,2025-09-26 16:12:09.486315,1,196.88,Completed,196.88
2771,758,1,2024-03-20 18:28:54.251812,1,121.97,Completed,121.97
2772,126,31,2025-02-22 00:09:24.849391,1,10.99,Completed,10.99
2773,70,45,2025-08-05 04:47:41.093521,1,19.93,Completed,19.93
2774,428,8,2025-08-17 09:16:29.782879,1,176.55,Completed,176.55
2775,318,42,2024-07-15 09:15:13.820397,1,157.62,Completed,157.62
2776,346,26,2024-06-01 22:53:15.795551,1,152.0,Completed,152.0
2777,487,47,2025-06-30 06:02:42.722444,4,89.76,Completed,359.04
2777,487,4,2025-06-30 06:02:42.722444,2,100.31,Completed,200.62
2777,487,29,2025-06-30 06:02:42.722444,1,110.12,Completed,110.12
2778,652,13,2025-05-25 06:38:15.402018,1,241.68,Completed,241.68
2778,652,59,2025-05-25 06:38:15.402018,1,179.72,Completed,179.72
2779,460,45,2024-01-05 16:29:01.588265,1,17.85,Completed,17.85
2779,460,31,2024-01-05 16:29:01.588265,1,9.62,Returned,9.62
2780,639,4,2024-05-02 22:20:42.291475,1,100.31,Completed,100.31
2781,239,40,2024-12-24 22:59:29.567325,1,146.43,Completed,146.43
2782,348,52,2024-03-11 17:10:26.349654,1,195.32,Completed,195.32
2782,348,7,2024-03-11 17:10:26.349654,1,144.55,Completed,144.55
2783,454,54,2025-07-18 19:59:18.524237,2,29.61,Cancelled,59.22
2783,454,46,2025-07-18 19:59:18.524237,1,73.0,Completed,73.0
2784,170,39,2024-11-01 00:32:59.601073,4,71.92,Completed,287.68
2785,586,29,2024-10-31 07:04:39.056039,1,141.6,Completed,141.6
2786,791,53,2024-07-29 11:43:16.946818,1,184.37,Completed,184.37
2787,575,26,2024-11-10 14:14:12.690058,1,152.0,Completed,152.0
2787,575,3,2024-11-10 14:14:12.690058,1,101.78,Completed,101.78
2788,88,48,2024-05-08 18:33:02.639656,1,83.25,Completed,83.25
2788,88,9,2024-05-08 18:33:02.639656,4,169.69,Completed,678.76
2789,591,32,2024-05-16 01:43:43.245878,1,150.19,Cancelled,150.19
2790,584,27,2024-04-08 01:29:51.832709,1,183.96,Completed,183.96
2791,769,55,2024-12-21 02:58:35.276644,1,229.05,Completed,229.05
2791,769,7,2024-12-21 02:58:35.276644,2,144.55,Completed,289.1
2792,124,10,2025-01-01 21:47:34.610076,1,108.18,Completed,108.18
2793,545,26,2024-03-21 11:22:26.902574,1,152.0,Completed,152.0
2794,20,14,2025-02-17 23:27:15.086089,1,234.6,Completed,234.6
2794,20,3,2025-02-17 23:27:15.086089,1,101.78,Completed,101.78
2795,723,17,2024-06-04 04:17:07.795146,1,16.4,Completed,16.4
2796,594,54,2024-05-26 16:29:01.154731,2,29.61,Completed,59.22
2797,547,1,2025-07-01 10:31:25.256519,1,121.97,Completed,121.97
2797,547,35,2025-07-01 10:31:25.256519,1,241.49,Completed,241.49
2798,47,46,2025-08-13 16:48:34.313773,3,73.0,Completed,219.0
2798,47,40,2025-08-13 16:48:34.313773,1,146.43,Completed,146.43
2798,47,13,2025-08-13 16:48:34.313773,2,241.68,Completed,483.36
2799,185,25,2024-05-20 01:49:20.157104,3,207.06,Completed,621.1800000000001
2799,185,41,2024-05-20 01:49:20.157104,1,49.67,Completed,49.67
2800,325,43,2025-12-18 13:14:01.087098,3,105.22,Completed,315.65999999999997
2801,94,12,2025-09-28 06:42:15.780842,4,78.28,Completed,313.12
2801,94,15,2025-09-28 06:42:15.780842,1,65.03,Completed,65.03
2802,148,46,2024-11-17 17:35:50.927090,3,73.0,Completed,219.0
2802,148,16,2024-11-17 17:35:50.927090,1,103.54,Completed,103.54
2803,158,48,2025-10-28 11:15:32.416853,1,83.25,Completed,83.25
2804,418,6,2024-03-20 17:06:15.263295,3,71.74,Completed,215.21999999999997
2805,61,26,2025-04-09 14:19:02.533883,1,152.0,Completed,152.0
2805,61,21,2025-04-09 14:19:02.533883,1,237.67,Completed,237.67
2806,28,9,2024-02-28 06:16:03.830126,2,169.69,Completed,339.38
2806,28,9,2024-02-28 06:16:03.830126,1,169.69,Completed,169.69
2807,102,37,2024-03-03 13:35:15.928436,3,198.15,Completed,594.45
2808,423,49,2024-04-01 00:25:16.560053,1,215.69,Completed,215.69
2808,423,42,2024-04-01 00:25:16.560053,1,157.62,Completed,157.62
2809,124,60,2024-02-16 21:52:40.451026,2,157.1,Completed,314.2
2809,124,21,2024-02-16 21:52:40.451026,1,237.67,Cancelled,237.67
2810,243,23,2024-01-22 15:45:35.054662,3,18.33,Completed,54.989999999999995
2810,243,57,2024-01-22 15:45:35.054662,1,98.49,Completed,98.49
2811,395,6,2024-06-20 09:20:52.288755,1,71.74,Returned,71.74
2812,276,57,2024-12-20 04:36:18.220534,4,83.02,Completed,332.08
2813,417,55,2025-07-09 04:32:54.862598,1,173.11,Completed,173.11
2814,649,28,2024-01-07 22:33:18.775230,1,29.06,Completed,29.06
2815,20,6,2024-07-13 05:44:05.074462,1,71.74,Completed,71.74
2816,601,35,2025-11-28 07:20:40.572272,1,241.49,Completed,241.49
2817,253,55,2025-04-30 16:26:46.737518,1,229.05,Completed,229.05
2818,668,3,2025-07-30 02:54:34.489450,1,101.78,Completed,101.78
2819,312,2,2024-01-31 13:22:32.568072,1,72.13,Completed,72.13
2820,457,9,2024-06-03 01:55:03.503447,2,148.85,Completed,297.7
2821,209,23,2025-08-01 00:06:00.438231,1,18.33,Completed,18.33
2821,209,46,2025-08-01 00:06:00.438231,1,62.64,Completed,62.64
2821,209,57,2025-08-01 00:06:00.438231,1,98.49,Completed,98.49
2822,252,59,2024-10-01 05:39:53.544217,1,179.72,Completed,179.72
2823,434,28,2025-01-14 15:41:54.994806,1,29.06,Completed,29.06
2824,569,21,2025-12-03 07:15:14.561903,1,237.67,Completed,237.67
2825,2,54,2024-07-13 01:26:35.500094,1,29.61,Completed,29.61
2825,2,3,2024-07-13 01:26:35.500094,1,101.78,Completed,101.78
2825,2,2,2024-07-13 01:26:35.500094,1,72.13,Completed,72.13
2826,669,34,2024-12-20 17:25:34.435639,1,145.12,Completed,145.12
2827,1,53,2025-07-06 13:05:30.826255,1,172.27,Completed,172.27
2828,280,50,2025-03-17 04:35:22.458280,1,243.34,Completed,243.34
2829,697,49,2024-09-02 16:21:34.293741,4,215.69,Completed,862.76
2829,697,31,2024-09-02 16:21:34.293741,1,10.99,Completed,10.99
2830,648,27,2025-05-12 18:11:13.861763,2,183.96,Completed,367.92
2831,523,1,2024-09-07 10:43:00.988623,1,121.97,Completed,121.97
2831,523,28,2024-09-07 10:43:00.988623,2,29.06,Completed,58.12
2832,547,32,2024-08-18 02:43:15.781137,2,150.19,Completed,300.38
2833,308,49,2024-06-23 21:44:23.847421,1,191.9,Completed,191.9
2834,144,43,2024-09-20 16:24:36.656596,3,105.22,Returned,315.65999999999997
2835,287,25,2024-10-17 21:13:05.038113,1,207.06,Completed,207.06
2836,216,32,2025-03-21 21:22:28.929983,2,150.19,Completed,300.38
2837,326,47,2025-12-12 23:20:40.789398,2,89.76,Completed,179.52
2837,326,54,2025-12-12 23:20:40.789398,1,29.61,Completed,29.61
2838,651,14,2025-09-29 08:18:59.809497,2,234.6,Completed,469.2
2839,771,8,2025-08-11 13:51:14.384320,4,176.55,Completed,706.2
2840,280,11,2024-01-03 06:02:35.863521,1,63.06,Returned,63.06
2841,330,4,2025-09-27 11:53:14.164030,1,100.31,Completed,100.31
2842,471,10,2024-10-20 07:40:56.672623,1,108.18,Completed,108.18
2842,471,56,2024-10-20 07:40:56.672623,1,125.24,Completed,125.24
2843,709,29,2025-09-01 20:34:43.342264,2,132.32,Completed,264.64
2843,709,42,2025-09-01 20:34:43.342264,3,157.62,Cancelled,472.86
2844,5,4,2025-11-06 06:39:01.033768,1,100.31,Returned,100.31
2845,689,10,2024-01-19 17:55:15.908614,1,108.18,Cancelled,108.18
2845,689,58,2024-01-19 17:55:15.908614,1,199.54,Completed,199.54
2846,714,44,2024-03-30 17:06:44.392388,3,220.71,Returned,662.13
2846,714,49,2024-03-30 17:06:44.392388,3,215.69,Completed,647.0699999999999
2846,714,22,2024-03-30 17:06:44.392388,3,59.28,Completed,177.84
2847,665,33,2025-01-22 08:37:33.664119,1,35.23,Completed,35.23
2847,665,1,2025-01-22 08:37:33.664119,4,121.97,Completed,487.88
2848,688,52,2025-11-25 06:36:18.644526,1,195.32,Completed,195.32
2848,688,4,2025-11-25 06:36:18.644526,1,94.73,Completed,94.73
2849,386,14,2025-07-02 13:13:27.367436,1,234.6,Completed,234.6
2850,367,60,2024-06-30 10:22:46.032499,3,196.88,Completed,590.64
2851,787,20,2024-11-25 21:36:16.990741,1,237.72,Completed,237.72
2852,9,45,2025-05-15 21:57:33.727542,3,16.42,Completed,49.260000000000005
2852,9,43,2025-05-15 21:57:33.727542,1,105.22,Completed,105.22
2852,9,26,2025-05-15 21:57:33.727542,1,136.59,Cancelled,136.59
2853,777,30,2025-09-26 23:49:32.702269,1,133.76,Completed,133.76
2854,727,32,2025-01-10 21:17:35.910318,1,150.19,Completed,150.19
2855,93,29,2025-04-26 23:12:06.292758,3,141.6,Completed,424.79999999999995
2856,641,10,2024-01-03 06:49:19.203044,1,108.18,Completed,108.18
2856,641,54,2024-01-03 06:49:19.203044,2,29.61,Completed,59.22
2857,240,4,2025-04-10 19:02:36.515056,1,100.31,Completed,100.31
2857,240,40,2025-04-10 19:02:36.515056,1,146.43,Completed,146.43
2858,38,28,2025-11-18 14:44:54.990843,1,29.06,Completed,29.06
2859,721,48,2024-08-23 04:39:22.245602,2,83.25,Completed,166.5
2860,215,17,2025-04-07 15:46:41.910821,2,15.53,Completed,31.06
2860,215,57,2025-04-07 15:46:41.910821,1,98.49,Completed,98.49
2860,215,10,2025-04-07 15:46:41.910821,1,87.14,Completed,87.14
2861,513,40,2025-09-29 14:34:20.266586,1,146.43,Completed,146.43
2862,566,29,2025-12-08 19:20:58.352255,3,141.6,Completed,424.79999999999995
2862,566,7,2025-12-08 19:20:58.352255,1,144.55,Completed,144.55
2863,689,56,2025-06-21 03:26:39.525025,1,125.24,Completed,125.24
2864,579,10,2025-05-09 21:19:24.353592,1,108.18,Completed,108.18
2865,603,1,2024-06-19 11:56:51.289818,4,93.06,Completed,372.24
2866,266,46,2024-12-19 17:04:23.683111,1,73.0,Completed,73.0
2867,234,46,2025-06-23 14:51:54.727359,1,73.0,Completed,73.0
2867,234,46,2025-06-23 14:51:54.727359,1,73.0,Returned,73.0
2868,281,27,2025-08-02 14:11:08.972583,3,183.96,Returned,551.88
2869,695,46,2024-09-11 06:48:39.398933,3,68.91,Completed,206.73
2870,695,50,2025-11-16 12:45:53.533877,1,243.34,Completed,243.34
2870,695,57,2025-11-16 12:45:53.533877,1,98.49,Completed,98.49
2870,695,12,2025-11-16 12:45:53.533877,2,101.68,Completed,203.36
2871,465,37,2025-11-18 06:41:15.890182,1,165.54,Completed,165.54
2872,690,13,2024-12-13 13:39:21.566001,1,241.68,Completed,241.68
2873,54,38,2025-04-25 14:05:57.888876,2,220.99,Completed,441.98
2874,331,4,2025-05-25 15:14:07.162284,1,100.31,Completed,100.31
2875,417,35,2024-03-14 07:59:03.280521,4,241.49,Completed,965.96
2875,417,7,2024-03-14 07:59:03.280521,2,144.55,Completed,289.1
2876,478,16,2024-10-07 22:43:18.048068,1,103.54,Completed,103.54
2876,478,53,2024-10-07 22:43:18.048068,1,184.37,Completed,184.37
2877,45,42,2025-03-19 05:41:06.504740,2,157.62,Completed,315.24
2878,230,12,2025-06-03 17:13:24.148906,2,94.94,Completed,189.88
2879,546,28,2025-09-26 23:55:29.394919,1,29.06,Completed,29.06
2879,546,12,2025-09-26 23:55:29.394919,3,80.22,Completed,240.66
2880,84,56,2025-10-01 15:37:11.268835,2,125.24,Completed,250.48
2881,26,3,2025-07-26 22:46:52.503519,1,101.78,Completed,101.78
2881,26,30,2025-07-26 22:46:52.503519,1,133.76,Completed,133.76
2882,707,48,2025-06-07 03:58:54.573231,1,83.25,Returned,83.25
2883,77,38,2024-01-24 04:11:07.797951,1,220.99,Completed,220.99
2884,202,36,2024-12-29 11:38:49.163154,1,33.56,Returned,33.56
2885,319,43,2024-03-04 13:48:53.604945,1,92.07,Completed,92.07
2886,29,11,2025-08-30 14:50:38.490488,1,63.06,Completed,63.06
2886,29,32,2025-08-30 14:50:38.490488,1,150.19,Completed,150.19
2887,607,60,2025-12-28 07:15:32.537932,1,196.88,Returned,196.88
2888,343,33,2025-12-21 16:05:15.140200,1,35.23,Cancelled,35.23
2888,343,56,2025-12-21 16:05:15.140200,1,125.24,Completed,125.24
2889,485,58,2024-12-06 18:23:21.675232,1,199.54,Completed,199.54
2889,485,34,2024-12-06 18:23:21.675232,2,145.12,Completed,290.24
2889,485,42,2024-12-06 18:23:21.675232,2,128.73,Completed,257.46
2890,243,22,2025-10-16 09:04:41.712921,2,59.28,Completed,118.56
2891,795,25,2025-11-28 04:29:50.662337,1,207.06,Cancelled,207.06
2891,795,24,2025-11-28 04:29:50.662337,1,173.32,Returned,173.32
2892,98,45,2024-12-17 23:35:34.488885,1,19.93,Completed,19.93
2893,593,15,2025-01-29 16:30:06.305889,3,61.45,Completed,184.35000000000002
2893,593,16,2025-01-29 16:30:06.305889,1,103.54,Completed,103.54
2894,387,35,2024-06-26 15:35:49.536358,1,241.49,Completed,241.49
2895,711,18,2024-05-04 09:59:10.982871,3,103.2,Completed,309.6
2896,453,49,2025-11-20 06:33:25.462541,1,188.11,Completed,188.11
2897,443,14,2025-05-25 22:24:20.590236,1,207.74,Completed,207.74
2897,443,41,2025-05-25 22:24:20.590236,1,49.67,Completed,49.67
2898,302,17,2024-03-17 23:49:43.474821,2,16.4,Completed,32.8
2899,412,27,2025-12-26 03:41:34.696754,3,165.64,Completed,496.91999999999996
2900,239,26,2024-01-22 07:57:56.221186,1,152.0,Completed,152.0
2901,676,12,2025-11-09 04:08:27.274054,1,101.68,Completed,101.68
2901,676,27,2025-11-09 04:08:27.274054,3,183.96,Completed,551.88
2902,476,41,2024-08-26 08:17:38.145790,3,49.67,Completed,149.01
2903,636,30,2024-10-06 22:44:29.652032,2,133.76,Completed,267.52
2904,348,7,2024-07-23 15:52:10.111447,1,144.55,Completed,144.55
2904,348,25,2024-07-23 15:52:10.111447,1,207.06,Completed,207.06
2905,27,3,2025-06-08 23:56:44.530093,1,101.78,Completed,101.78
2906,337,16,2025-05-01 03:08:26.070850,1,103.54,Completed,103.54
2907,111,38,2025-11-25 14:20:52.691506,2,192.05,Completed,384.1
2907,111,49,2025-11-25 14:20:52.691506,1,195.82,Completed,195.82
2908,199,35,2025-05-04 12:56:03.428217,1,241.49,Completed,241.49
2908,199,44,2025-05-04 12:56:03.428217,1,188.0,Completed,188.0
2909,364,25,2025-04-30 19:08:45.475496,1,207.06,Completed,207.06
2910,743,40,2025-11-04 14:20:16.773316,1,146.43,Returned,146.43
2910,743,49,2025-11-04 14:20:16.773316,3,215.69,Completed,647.0699999999999
2911,141,35,2025-04-07 11:45:51.479671,1,241.49,Completed,241.49
2911,141,37,2025-04-07 11:45:51.479671,3,160.96,Cancelled,482.88
2912,447,42,2024-12-25 03:07:04.345651,1,157.62,Completed,157.62
2913,668,53,2025-08-03 17:52:08.183772,2,184.37,Returned,368.74
2913,668,34,2025-08-03 17:52:08.183772,1,145.12,Completed,145.12
2914,555,29,2024-08-30 22:40:32.085418,2,141.6,Completed,283.2
2915,151,10,2024-06-12 09:05:05.706295,3,108.18,Completed,324.54
2916,618,50,2025-02-24 11:01:51.404431,1,243.34,Completed,243.34
2917,378,47,2025-11-05 09:48:29.582124,2,89.76,Completed,179.52
2918,531,50,2024-02-17 04:57:58.822588,1,243.34,Completed,243.34
2918,531,60,2024-02-17 04:57:58.822588,1,196.88,Completed,196.88
2919,59,57,2024-09-07 13:18:56.393520,1,98.49,Completed,98.49
2919,59,23,2024-09-07 13:18:56.393520,1,18.33,Completed,18.33
2920,56,10,2025-10-26 10:07:40.954828,1,108.18,Completed,108.18
2920,56,3,2025-10-26 10:07:40.954828,1,101.78,Completed,101.78
2920,56,22,2025-10-26 10:07:40.954828,1,59.28,Returned,59.28
2921,207,53,2025-06-26 08:47:46.323533,1,184.37,Completed,184.37
2922,350,29,2025-06-13 06:29:31.413191,1,141.6,Completed,141.6
2922,350,47,2025-06-13 06:29:31.413191,4,89.76,Returned,359.04
2923,709,9,2025-04-22 08:40:20.129343,2,169.69,Completed,339.38
2924,615,47,2025-07-27 02:38:04.492470,1,89.76,Completed,89.76
2925,593,24,2025-12-06 08:39:53.673481,1,173.32,Completed,173.32
2926,344,45,2024-11-14 23:34:43.216059,4,19.93,Returned,79.72
2926,344,34,2024-11-14 23:34:43.216059,1,145.12,Completed,145.12
2927,167,4,2024-06-19 08:35:51.475291,1,92.81,Returned,92.81
2928,44,34,2024-07-08 03:19:33.524243,1,145.12,Completed,145.12
2928,44,30,2024-07-08 03:19:33.524243,1,133.76,Completed,133.76
2929,655,45,2024-07-31 09:54:29.975428,1,19.93,Completed,19.93
2929,655,5,2024-07-31 09:54:29.975428,3,18.8,Completed,56.400000000000006
2930,639,40,2024-03-22 07:25:18.449853,1,146.43,Returned,146.43
2931,493,31,2024-09-05 08:58:01.926128,1,10.99,Cancelled,10.99
2931,493,39,2024-09-05 08:58:01.926128,1,71.92,Completed,71.92
2932,340,7,2025-03-08 07:21:09.140301,1,144.55,Completed,144.55
2933,385,14,2024-05-17 08:29:58.688231,1,234.6,Completed,234.6
2934,189,15,2025-11-18 15:58:28.180534,3,65.03,Completed,195.09
2935,7,4,2025-02-22 04:08:22.008536,1,100.31,Completed,100.31
2936,76,20,2024-04-03 00:21:14.443415,1,237.72,Completed,237.72
2937,569,30,2024-08-16 18:16:57.155759,1,108.09,Completed,108.09
2938,200,55,2024-10-04 13:01:05.844465,1,229.05,Completed,229.05
2938,200,46,2024-10-04 13:01:05.844465,4,73.0,Completed,292.0
2939,369,52,2025-06-21 22:48:05.197236,2,147.65,Completed,295.3
2940,203,56,2024-08-14 21:11:49.084982,1,125.24,Completed,125.24
2941,225,4,2025-03-06 17:50:50.669640,1,100.31,Completed,100.31
2942,737,19,2024-05-18 14:18:23.308265,1,245.83,Completed,245.83
2943,568,23,2024-10-10 08:18:34.778825,1,18.33,Completed,18.33
2944,201,48,2024-11-05 07:11:51.459593,2,76.47,Completed,152.94
2945,104,51,2025-07-17 00:50:29.073873,1,71.48,Completed,71.48
2946,389,60,2025-08-05 04:31:04.074255,1,196.88,Completed,196.88
2947,114,39,2025-11-12 18:22:08.020151,3,71.92,Completed,215.76
2948,216,18,2024-04-02 04:54:18.106382,1,133.07,Returned,133.07
2949,246,45,2025-04-29 12:46:24.476182,4,19.93,Completed,79.72
2950,382,21,2025-03-07 06:23:42.812424,1,237.67,Completed,237.67
2950,382,59,2025-03-07 06:23:42.812424,1,179.72,Completed,179.72
2951,639,41,2024-03-18 19:23:07.322989,1,49.67,Completed,49.67
2952,729,16,2024-01-07 16:58:58.455719,1,80.65,Completed,80.65
2952,729,31,2024-01-07 16:58:58.455719,1,10.99,Completed,10.99
2953,195,24,2025-09-14 05:22:57.655661,1,173.32,Returned,173.32
2953,195,22,2025-09-14 05:22:57.655661,2,59.28,Completed,118.56
2953,195,8,2025-09-14 05:22:57.655661,1,176.55,Completed,176.55
2954,614,57,2024-08-18 15:01:38.867704,1,98.49,Completed,98.49
2955,652,25,2025-08-18 18:54:44.151849,1,207.06,Returned,207.06
2956,48,7,2024-08-04 16:20:55.105055,2,144.55,Completed,289.1
2956,48,57,2024-08-04 16:20:55.105055,1,98.49,Completed,98.49
2957,549,2,2024-06-08 19:12:08.111308,1,72.13,Completed,72.13
2957,549,32,2024-06-08 19:12:08.111308,1,120.07,Completed,120.07
2958,645,37,2025-05-11 09:15:56.722534,1,198.15,Completed,198.15
2959,130,22,2024-04-17 14:53:32.180302,1,59.28,Cancelled,59.28
2960,599,60,2024-07-25 21:02:32.278545,1,196.88,Completed,196.88
2961,215,35,2025-06-29 08:29:23.989974,2,241.49,Completed,482.98
2962,482,6,2025-09-11 20:42:47.785727,1,71.74,Completed,71.74
2963,630,13,2025-08-27 06:12:09.461610,1,205.84,Completed,205.84
2964,770,7,2024-01-26 01:42:16.285160,1,144.55,Completed,144.55
2965,770,25,2024-08-21 16:50:29.604107,1,207.06,Completed,207.06
2965,770,40,2024-08-21 16:50:29.604107,1,146.43,Completed,146.43
2966,476,9,2025-01-01 17:39:44.855640,1,169.69,Completed,169.69
2967,730,42,2025-05-17 16:16:19.022681,2,157.62,Completed,315.24
2968,712,10,2024-07-18 14:53:18.773095,1,108.18,Completed,108.18
2969,507,39,2025-09-10 19:09:55.817603,1,71.92,Completed,71.92
2970,596,44,2025-02-22 23:59:19.024738,1,220.71,Completed,220.71
2970,596,37,2025-02-22 23:59:19.024738,1,198.15,Returned,198.15
2971,598,17,2025-04-05 16:28:13.100200,1,16.4,Completed,16.4
2972,213,20,2024-06-06 11:09:09.743437,1,237.72,Completed,237.72
2972,213,17,2024-06-06 11:09:09.743437,1,16.4,Completed,16.4
2973,241,2,2024-07-31 18:59:39.256883,1,72.13,Completed,72.13
2974,314,50,2025-12-06 13:00:16.978811,1,243.34,Completed,243.34
2974,314,9,2025-12-06 13:00:16.978811,1,169.69,Completed,169.69
2975,161,59,2024-02-12 22:23:47.570065,1,179.72,Completed,179.72
2976,384,17,2025-08-14 10:52:56.365382,1,16.4,Completed,16.4
2977,87,54,2024-04-21 11:20:35.265198,1,22.71,Completed,22.71
2978,456,44,2025-06-07 05:44:44.504823,4,220.71,Completed,882.84
2978,456,21,2025-06-07 05:44:44.504823,1,237.67,Completed,237.67
2979,43,41,2025-09-11 02:11:07.819946,1,49.67,Completed,49.67
2979,43,38,2025-09-11 02:11:07.819946,1,220.99,Completed,220.99
2980,437,59,2025-11-13 03:15:52.340587,1,179.72,Completed,179.72
2981,443,16,2024-06-13 07:15:24.372030,1,103.54,Completed,103.54
2981,443,35,2024-06-13 07:15:24.372030,1,241.49,Completed,241.49
2982,325,9,2025-06-21 01:54:43.440353,4,169.69,Completed,678.76
2983,26,12,2025-11-04 21:43:32.222091,1,101.68,Completed,101.68
2984,240,59,2025-07-20 12:11:55.247738,3,179.72,Completed,539.16
2984,240,18,2025-07-20 12:11:55.247738,1,123.79,Completed,123.79
2985,302,58,2025-09-17 10:45:52.263515,2,199.54,Completed,399.08
2986,526,21,2025-06-14 23:58:06.637843,3,237.67,Completed,713.01
2987,81,14,2024-08-06 08:15:47.295244,1,234.6,Completed,234.6
2988,234,38,2025-08-17 23:00:47.073789,1,168.9,Completed,168.9
2989,40,22,2025-10-28 00:50:02.590139,2,59.28,Completed,118.56
2990,342,54,2024-04-26 05:03:55.095927,1,29.61,Completed,29.61
2991,338,3,2024-01-16 17:49:59.486016,1,101.78,Completed,101.78
2992,764,23,2024-10-13 08:50:35.661277,2,18.33,Completed,36.66
2993,700,13,2024-11-04 09:06:16.217064,1,241.68,Completed,241.68
2994,196,51,2024-12-11 14:20:48.307540,1,80.72,Completed,80.72
2995,142,43,2024-09-11 06:20:29.240812,1,105.22,Completed,105.22
2996,771,33,2024-10-12 16:40:29.141613,1,35.23,Completed,35.23
2997,557,3,2024-02-22 10:20:34.189077,1,101.78,Completed,101.78
2997,557,6,2024-02-22 10:20:34.189077,1,58.1,Returned,58.1
2997,557,40,2024-02-22 10:20:34.189077,2,146.43,Returned,292.86
2998,414,48,2025-06-14 12:44:26.158216,3,83.25,Returned,249.75
2998,414,49,2025-06-14 12:44:26.158216,4,215.69,Completed,862.76
2999,776,13,2024-07-25 03:01:07.446413,1,241.68,Completed,241.68
3000,484,25,2025-11-04 20:04:39.128963,3,207.06,Completed,621.1800000000001
3000,484,25,2025-11-04 20:04:39.128963,1,207.06,Completed,207.06
3000,484,35,2025-11-04 20:04:39.128963,1,241.49,Completed,241.49
3001,408,37,2025-05-26 19:25:26.075476,2,198.15,Completed,396.3
3002,741,16,2025-02-04 01:08:08.727743,1,103.54,Completed,103.54
3003,486,55,2024-03-12 01:02:19.710189,1,229.05,Completed,229.05
3003,486,57,2024-03-12 01:02:19.710189,1,98.49,Completed,98.49
3004,566,46,2024-08-24 02:17:37.030992,2,73.0,Completed,146.0
3005,740,12,2025-07-31 15:10:52.277407,4,101.68,Completed,406.72
3006,349,55,2025-09-24 01:47:13.781528,1,229.05,Completed,229.05
3007,321,43,2024-02-09 12:14:25.008777,1,105.22,Completed,105.22
3007,321,52,2024-02-09 12:14:25.008777,2,195.32,Completed,390.64
3008,715,34,2025-11-13 05:45:41.450643,1,145.12,Completed,145.12
3009,450,26,2024-08-09 23:22:35.813741,1,152.0,Completed,152.0
3009,450,59,2024-08-09 23:22:35.813741,3,179.72,Returned,539.16
3010,384,39,2025-04-22 21:11:14.713860,1,66.51,Completed,66.51
3011,313,5,2025-02-25 07:47:52.101959,3,18.8,Completed,56.400000000000006
3012,10,25,2024-11-18 13:48:11.283590,1,207.06,Completed,207.06
3013,675,48,2024-12-18 04:22:44.041787,1,83.25,Completed,83.25
3014,348,30,2025-10-16 23:15:39.177238,2,133.76,Completed,267.52
3015,436,46,2024-06-02 03:06:22.903086,1,73.0,Completed,73.0
3015,436,5,2024-06-02 03:06:22.903086,1,18.8,Completed,18.8
3016,798,42,2025-08-10 04:21:35.731607,1,157.62,Completed,157.62
3017,307,13,2024-05-22 19:52:36.466130,1,241.68,Completed,241.68
3018,24,33,2025-04-20 09:41:22.789135,1,35.23,Completed,35.23
3018,24,37,2025-04-20 09:41:22.789135,2,154.13,Completed,308.26
3019,339,22,2024-09-21 10:11:44.166523,3,59.28,Completed,177.84
3019,339,19,2024-09-21 10:11:44.166523,1,245.83,Completed,245.83
3020,623,23,2025-09-16 23:35:43.811719,1,18.33,Completed,18.33
3020,623,25,2025-09-16 23:35:43.811719,1,207.06,Completed,207.06
3021,391,34,2024-03-15 10:07:34.267398,1,145.12,Completed,145.12
3022,401,11,2025-07-27 09:56:48.840633,1,52.17,Completed,52.17
3022,401,36,2025-07-27 09:56:48.840633,1,33.56,Returned,33.56
3023,337,53,2025-09-18 15:42:24.845421,3,184.37,Completed,553.11
3023,337,38,2025-09-18 15:42:24.845421,1,220.99,Completed,220.99
3024,312,23,2024-10-01 21:15:26.951989,1,14.13,Completed,14.13
3025,567,44,2025-12-18 08:54:48.761481,1,220.71,Completed,220.71
3025,567,38,2025-12-18 08:54:48.761481,1,220.99,Completed,220.99
3026,618,2,2025-05-10 23:52:51.788385,2,72.13,Completed,144.26
3027,192,9,2024-05-02 19:15:55.919103,1,169.69,Completed,169.69
3028,396,24,2024-02-11 02:55:40.908983,1,173.32,Completed,173.32
3028,396,34,2024-02-11 02:55:40.908983,1,145.12,Completed,145.12
3029,676,30,2024-09-16 13:49:44.828583,1,133.76,Completed,133.76
3030,466,59,2024-12-11 22:18:11.614307,1,153.43,Completed,153.43
3030,466,31,2024-12-11 22:18:11.614307,1,10.99,Completed,10.99
3031,421,58,2025-11-20 21:30:25.930506,1,199.54,Completed,199.54
3032,114,24,2024-03-26 15:55:00.234348,2,144.49,Completed,288.98
3033,761,48,2025-01-11 06:25:27.606807,3,78.34,Completed,235.02
3034,212,48,2024-09-04 02:16:17.579254,1,65.86,Completed,65.86
3035,443,43,2024-11-12 16:33:05.833247,1,105.22,Completed,105.22
3036,681,14,2024-04-18 10:55:01.203004,1,234.6,Completed,234.6
3036,681,51,2024-04-18 10:55:01.203004,1,80.72,Returned,80.72
3037,318,46,2025-06-11 11:04:59.933355,3,73.0,Returned,219.0
3038,515,16,2024-06-27 20:25:03.286409,3,103.54,Completed,310.62
3038,515,45,2024-06-27 20:25:03.286409,1,19.93,Returned,19.93
3038,515,49,2024-06-27 20:25:03.286409,1,215.69,Completed,215.69
3039,147,50,2024-03-27 17:25:13.916332,1,243.34,Completed,243.34
3039,147,6,2024-03-27 17:25:13.916332,1,71.74,Completed,71.74
3040,620,25,2024-10-16 13:13:00.642148,1,207.06,Completed,207.06
3040,620,49,2024-10-16 13:13:00.642148,2,215.69,Returned,431.38
3040,620,35,2024-10-16 13:13:00.642148,1,241.49,Completed,241.49
3041,503,52,2024-08-08 23:07:19.055876,1,195.32,Completed,195.32
3042,590,38,2025-03-11 04:38:38.384845,3,169.77,Completed,509.31000000000006
3043,662,56,2024-05-05 21:58:20.253502,1,125.24,Completed,125.24
3043,662,29,2024-05-05 21:58:20.253502,1,141.6,Cancelled,141.6
3043,662,3,2024-05-05 21:58:20.253502,4,101.78,Completed,407.12
3044,729,32,2025-06-27 23:54:29.188370,2,150.19,Completed,300.38
3045,401,26,2025-07-20 08:53:19.180777,1,152.0,Completed,152.0
3045,401,28,2025-07-20 08:53:19.180777,1,29.06,Completed,29.06
3046,180,3,2025-12-24 13:11:33.289181,2,101.78,Completed,203.56
3047,184,47,2025-05-04 15:17:34.248939,1,89.76,Completed,89.76
3048,751,49,2024-03-06 09:59:14.368808,1,215.69,Completed,215.69
3049,394,22,2024-12-04 11:33:52.454851,1,59.28,Completed,59.28
3049,394,35,2024-12-04 11:33:52.454851,3,241.49,Completed,724.47
3050,583,20,2025-08-20 06:46:44.762402,2,211.51,Completed,423.02
3051,45,47,2024-10-05 22:24:29.191516,2,89.76,Returned,179.52
3051,45,38,2024-10-05 22:24:29.191516,3,220.99,Completed,662.97
3051,45,37,2024-10-05 22:24:29.191516,1,198.15,Completed,198.15
3052,644,29,2025-04-06 14:28:59.425957,4,141.6,Completed,566.4
3053,683,15,2024-11-20 22:28:20.219344,2,65.03,Completed,130.06
3054,715,9,2024-01-09 11:16:27.678366,1,169.69,Completed,169.69
3055,223,52,2024-03-26 03:18:58.143462,3,195.32,Completed,585.96
3056,422,41,2024-03-30 02:20:36.183655,3,49.67,Completed,149.01
3057,567,5,2025-04-13 05:29:29.110534,3,15.49,Returned,46.47
3058,774,7,2025-10-25 04:32:32.804879,1,130.57,Completed,130.57
3059,334,14,2024-06-13 04:51:42.845999,1,234.6,Completed,234.6
3060,169,20,2025-03-04 09:37:14.166133,2,237.72,Completed,475.44
3061,519,17,2025-12-21 18:21:37.297825,1,12.39,Completed,12.39
3062,655,44,2024-12-16 00:48:40.944813,2,220.71,Completed,441.42
3062,655,9,2024-12-16 00:48:40.944813,2,169.69,Completed,339.38
3063,391,19,2025-05-21 10:04:36.953817,1,245.83,Completed,245.83
3063,391,48,2025-05-21 10:04:36.953817,4,83.25,Completed,333.0
3064,200,15,2024-03-10 00:34:21.834157,1,65.03,Completed,65.03
3064,200,15,2024-03-10 00:34:21.834157,1,50.26,Completed,50.26
3065,140,24,2025-03-08 19:14:24.674363,2,173.32,Completed,346.64
3066,767,48,2024-10-07 06:58:37.432676,2,83.25,Completed,166.5
3067,473,2,2025-12-30 23:11:50.746264,2,62.01,Completed,124.02
3068,249,11,2025-05-27 23:57:07.082857,1,63.06,Completed,63.06
3068,249,6,2025-05-27 23:57:07.082857,3,71.74,Completed,215.21999999999997
3069,483,49,2024-08-05 19:19:33.030728,1,215.69,Completed,215.69
3070,166,37,2024-04-01 10:08:32.583828,1,198.15,Completed,198.15
3071,19,39,2024-08-25 10:00:41.892041,1,71.92,Completed,71.92
3071,19,16,2024-08-25 10:00:41.892041,2,103.54,Completed,207.08
3071,19,17,2024-08-25 10:00:41.892041,3,14.73,Completed,44.19
3072,173,5,2025-06-05 01:13:04.520484,1,16.97,Completed,16.97
3072,173,8,2025-06-05 01:13:04.520484,1,176.55,Completed,176.55
3073,158,48,2025-09-21 09:55:39.917037,3,83.25,Completed,249.75
3074,183,48,2025-01-27 09:11:38.016552,1,83.25,Completed,83.25
3075,36,20,2024-10-22 21:23:26.242314,1,237.72,Completed,237.72
3075,36,42,2024-10-22 21:23:26.242314,1,157.62,Completed,157.62
3076,453,6,2025-05-26 12:59:53.721752,1,71.74,Completed,71.74
3077,651,19,2024-10-14 11:18:55.682439,1,245.83,Completed,245.83
3077,651,7,2024-10-14 11:18:55.682439,2,144.55,Completed,289.1
3078,734,23,2025-08-19 17:56:56.445226,1,18.33,Completed,18.33
3078,734,7,2025-08-19 17:56:56.445226,1,128.37,Returned,128.37
3079,455,21,2025-07-25 22:28:27.177267,1,178.47,Completed,178.47
3080,791,55,2025-01-21 23:08:08.949098,1,229.05,Completed,229.05
3081,207,58,2024-02-16 16:04:57.831715,2,199.54,Completed,399.08
3081,207,2,2024-02-16 16:04:57.831715,1,72.13,Completed,72.13
3082,245,36,2025-09-03 02:45:42.559692,1,33.56,Completed,33.56
3083,17,35,2025-01-28 10:57:39.189415,1,241.49,Completed,241.49
3084,15,39,2025-08-20 17:51:34.713503,2,71.92,Returned,143.84
3085,197,31,2025-04-20 17:47:44.122815,1,10.99,Completed,10.99
3086,65,39,2025-07-04 01:27:50.186458,1,71.92,Completed,71.92
3086,65,31,2025-07-04 01:27:50.186458,1,10.99,Completed,10.99
3087,681,55,2024-05-31 10:45:54.954995,1,229.05,Completed,229.05
3087,681,6,2024-05-31 10:45:54.954995,3,71.74,Completed,215.21999999999997
3088,426,44,2025-04-25 18:21:47.943338,1,220.71,Completed,220.71
3089,335,31,2024-03-26 15:33:09.713213,1,10.99,Completed,10.99
3090,642,42,2025-09-21 06:18:01.134088,1,157.62,Completed,157.62
3091,213,60,2025-05-22 12:10:56.592764,1,196.88,Completed,196.88
3092,405,41,2024-01-04 21:16:35.502271,1,49.67,Completed,49.67
3093,124,6,2024-11-22 11:31:12.094586,1,71.74,Returned,71.74
3093,124,34,2024-11-22 11:31:12.094586,1,118.23,Completed,118.23
3094,16,14,2024-08-17 10:28:02.520419,3,234.6,Completed,703.8
3095,324,55,2024-01-29 13:47:17.447142,1,181.53,Completed,181.53
3096,226,13,2025-02-23 19:25:10.697717,1,220.66,Completed,220.66
3097,666,8,2025-04-21 10:15:41.639696,1,176.55,Returned,176.55
3098,45,48,2024-03-05 02:37:21.634483,1,66.08,Completed,66.08
3098,45,57,2024-03-05 02:37:21.634483,1,98.49,Completed,98.49
3099,614,28,2024-07-06 10:26:37.269775,1,29.06,Completed,29.06
3100,105,22,2025-07-03 17:45:50.969838,2,59.28,Cancelled,118.56
3100,105,51,2025-07-03 17:45:50.969838,1,80.72,Completed,80.72
3100,105,15,2025-07-03 17:45:50.969838,3,65.03,Completed,195.09
3101,583,33,2024-03-02 18:22:22.603121,4,35.23,Completed,140.92
3102,98,40,2024-04-01 01:02:38.200650,1,146.43,Completed,146.43
3102,98,39,2024-04-01 01:02:38.200650,2,71.92,Completed,143.84
3103,714,51,2024-08-05 23:05:06.716007,3,80.72,Cancelled,242.16
3104,790,6,2025-12-06 09:09:30.305935,1,71.74,Completed,71.74
3105,341,12,2024-05-05 06:29:16.937130,3,101.68,Completed,305.04
3106,780,56,2025-12-14 06:50:46.648704,1,125.24,Completed,125.24
3106,780,21,2025-12-14 06:50:46.648704,1,237.67,Completed,237.67
3107,683,15,2025-04-25 10:57:07.642147,1,65.03,Completed,65.03
3108,344,42,2024-06-30 06:51:56.612788,4,146.97,Completed,587.88
3109,460,49,2024-02-03 16:49:58.547504,1,215.69,Completed,215.69
3110,656,57,2025-11-21 10:19:16.613069,2,98.49,Completed,196.98
3111,516,31,2025-10-22 08:56:01.944366,1,10.99,Completed,10.99
3111,516,52,2025-10-22 08:56:01.944366,1,195.32,Completed,195.32
3112,239,52,2024-08-02 04:18:44.736834,1,176.14,Completed,176.14
3113,128,31,2025-01-24 21:28:26.477675,1,10.99,Completed,10.99
3114,756,36,2024-04-12 02:15:37.486507,1,33.56,Completed,33.56
3115,250,43,2024-12-24 00:33:29.862958,1,105.22,Completed,105.22
3116,62,41,2024-08-16 10:38:22.490324,1,42.21,Completed,42.21
3117,207,15,2025-10-26 20:55:15.256129,3,65.03,Completed,195.09
3118,210,42,2025-12-28 15:53:10.597730,1,157.62,Completed,157.62
3118,210,11,2025-12-28 15:53:10.597730,3,63.06,Completed,189.18
3119,743,60,2025-03-18 12:08:08.805487,1,196.88,Returned,196.88
3119,743,37,2025-03-18 12:08:08.805487,3,198.15,Completed,594.45
3120,757,20,2025-01-07 17:32:34.317473,3,237.72,Cancelled,713.16
3121,138,25,2025-05-17 04:32:20.450513,1,207.06,Completed,207.06
3121,138,20,2025-05-17 04:32:20.450513,3,237.72,Completed,713.16
3122,779,11,2025-04-28 17:02:59.210461,1,57.28,Completed,57.28
3122,779,55,2025-04-28 17:02:59.210461,2,229.05,Returned,458.1
3123,296,39,2024-02-02 15:46:00.776550,1,71.92,Completed,71.92
3124,235,44,2024-01-27 19:34:43.637355,3,220.71,Completed,662.13
3125,340,22,2024-04-13 10:00:41.901333,1,59.28,Completed,59.28
3125,340,54,2024-04-13 10:00:41.901333,1,29.61,Completed,29.61
3126,56,28,2025-09-16 22:36:44.002359,1,29.06,Completed,29.06
3126,56,38,2025-09-16 22:36:44.002359,1,220.99,Completed,220.99
3127,255,31,2024-06-06 02:31:50.605450,1,10.99,Completed,10.99
3127,255,48,2024-06-06 02:31:50.605450,1,83.25,Completed,83.25
3128,228,21,2024-04-07 23:19:27.334420,2,237.67,Completed,475.34
3129,391,2,2025-02-07 00:16:38.569492,1,72.13,Completed,72.13
3130,188,19,2025-03-08 00:02:26.130685,1,245.83,Completed,245.83
3131,7,16,2024-07-21 11:58:22.773442,1,87.84,Completed,87.84
3131,7,14,2024-07-21 11:58:22.773442,1,234.6,Completed,234.6
3131,7,32,2024-07-21 11:58:22.773442,1,142.44,Cancelled,142.44
3132,210,15,2025-06-16 05:54:32.989125,2,51.03,Completed,102.06
3132,210,3,2025-06-16 05:54:32.989125,1,101.78,Completed,101.78
3133,210,54,2024-11-04 01:42:10.828324,2,29.61,Completed,59.22
3133,210,33,2024-11-04 01:42:10.828324,3,31.53,Completed,94.59
3133,210,3,2024-11-04 01:42:10.828324,1,101.78,Completed,101.78
3134,739,41,2025-02-05 09:20:51.566015,1,49.67,Completed,49.67
3135,435,13,2024-07-09 07:00:58.419393,1,241.68,Completed,241.68
3135,435,5,2024-07-09 07:00:58.419393,1,18.8,Completed,18.8
3136,293,3,2025-04-19 07:57:06.608065,1,101.78,Returned,101.78
3137,651,57,2024-04-29 05:21:19.596118,1,98.49,Completed,98.49
3138,493,48,2024-11-28 22:18:25.064176,1,78.63,Completed,78.63
3138,493,58,2024-11-28 22:18:25.064176,1,199.54,Completed,199.54
3138,493,47,2024-11-28 22:18:25.064176,1,89.76,Completed,89.76
3139,452,53,2025-11-20 15:51:11.779630,1,184.37,Completed,184.37
3140,625,16,2025-05-08 20:43:47.088440,1,103.54,Completed,103.54
3141,779,49,2025-11-17 08:17:32.026532,1,215.69,Completed,215.69
3142,494,5,2024-04-14 13:38:02.422463,4,15.53,Completed,62.12
3143,86,23,2024-05-28 17:55:33.432310,1,18.33,Completed,18.33
3143,86,13,2024-05-28 17:55:33.432310,1,241.68,Completed,241.68
3143,86,52,2024-05-28 17:55:33.432310,1,195.32,Completed,195.32
3144,157,40,2025-04-04 14:02:05.654960,3,146.43,Completed,439.29
3144,157,49,2025-04-04 14:02:05.654960,2,215.69,Completed,431.38
3145,390,57,2024-07-15 15:52:57.097142,1,98.49,Completed,98.49
3146,465,57,2025-04-07 04:15:34.651994,2,98.49,Completed,196.98
3146,465,34,2025-04-07 04:15:34.651994,1,145.12,Completed,145.12
3147,493,52,2025-04-16 06:24:28.355338,2,151.83,Completed,303.66
3148,481,56,2025-06-05 13:04:33.015187,1,125.24,Completed,125.24
3149,195,58,2025-02-15 11:00:38.097995,1,184.04,Returned,184.04
3149,195,57,2025-02-15 11:00:38.097995,1,98.49,Completed,98.49
3149,195,43,2025-02-15 11:00:38.097995,1,105.22,Returned,105.22
3150,415,55,2025-04-17 20:56:59.530874,3,229.05,Completed,687.1500000000001
3150,415,33,2025-04-17 20:56:59.530874,2,35.23,Completed,70.46
3151,761,49,2025-01-08 08:12:31.764142,1,215.69,Completed,215.69
3152,502,41,2024-04-29 18:02:04.637986,1,49.67,Completed,49.67
3152,502,53,2024-04-29 18:02:04.637986,1,184.37,Completed,184.37
3153,73,55,2025-08-22 17:52:04.582131,1,229.05,Completed,229.05
3154,40,15,2024-08-18 22:37:59.330806,1,65.03,Completed,65.03
3154,40,25,2024-08-18 22:37:59.330806,2,193.9,Completed,387.8
3155,167,42,2025-07-29 01:58:36.582794,1,157.62,Completed,157.62
3155,167,27,2025-07-29 01:58:36.582794,2,183.96,Completed,367.92
3155,167,36,2025-07-29 01:58:36.582794,1,33.56,Completed,33.56
3156,770,49,2024-10-03 15:03:43.593823,1,215.69,Completed,215.69
3157,522,56,2025-12-04 17:35:24.448564,1,125.24,Completed,125.24
3158,651,6,2024-06-29 16:09:34.040747,1,71.74,Completed,71.74
3159,714,40,2024-07-16 04:35:38.731439,2,121.11,Completed,242.22
3160,435,14,2025-01-22 23:21:26.276911,1,234.6,Completed,234.6
3161,249,31,2025-05-14 07:18:59.074715,1,10.99,Completed,10.99
3162,371,10,2024-10-23 22:48:27.891895,4,108.18,Completed,432.72
3162,371,38,2024-10-23 22:48:27.891895,1,220.99,Completed,220.99
3163,715,8,2024-08-28 10:20:36.846397,1,176.55,Returned,176.55
3164,152,11,2024-03-05 22:49:38.105287,1,63.06,Completed,63.06
3165,467,26,2025-10-25 17:58:45.187913,1,152.0,Completed,152.0
3165,467,24,2025-10-25 17:58:45.187913,1,138.57,Completed,138.57
3166,593,19,2025-07-21 23:48:11.024871,1,245.83,Completed,245.83
3167,166,56,2024-04-16 19:41:42.607182,3,113.24,Completed,339.71999999999997
3168,660,34,2025-08-05 14:39:57.086426,1,145.12,Completed,145.12
3169,394,11,2024-07-18 18:17:30.142250,3,63.06,Completed,189.18
3170,601,3,2024-03-12 12:01:44.054683,1,101.78,Completed,101.78
3170,601,53,2024-03-12 12:01:44.054683,1,171.83,Completed,171.83
3171,434,36,2025-12-16 00:34:51.387380,3,33.56,Completed,100.68
3171,434,9,2025-12-16 00:34:51.387380,2,169.69,Completed,339.38
3172,709,10,2024-06-11 05:23:31.277791,3,108.18,Completed,324.54
3172,709,54,2024-06-11 05:23:31.277791,1,29.61,Completed,29.61
3173,675,25,2025-11-25 19:14:08.586550,3,207.06,Completed,621.1800000000001
3174,601,26,2025-07-25 09:29:34.796063,1,152.0,Completed,152.0
3175,422,20,2024-03-31 03:46:52.284748,1,237.72,Cancelled,237.72
3176,746,5,2025-01-19 07:51:13.671420,1,18.8,Completed,18.8
3176,746,2,2025-01-19 07:51:13.671420,1,62.36,Completed,62.36
3177,353,34,2025-10-01 02:58:08.084795,3,145.12,Cancelled,435.36
3178,276,3,2025-03-05 20:14:59.690740,2,101.78,Completed,203.56
3179,767,32,2025-08-11 23:06:13.782405,1,150.19,Completed,150.19
3179,767,4,2025-08-11 23:06:13.782405,1,100.31,Completed,100.31
3180,173,54,2024-03-10 17:52:14.028287,1,29.61,Completed,29.61
3180,173,49,2024-03-10 17:52:14.028287,1,164.78,Completed,164.78
3181,714,43,2024-09-11 16:43:54.146404,1,105.22,Completed,105.22
3182,427,39,2025-02-21 16:12:34.097962,1,71.92,Completed,71.92
3183,751,12,2024-07-24 20:34:57.353957,1,101.68,Completed,101.68
3184,181,16,2024-07-16 20:51:55.802554,1,103.54,Cancelled,103.54
3185,721,11,2024-03-13 07:38:20.364051,4,53.43,Completed,213.72
3186,515,47,2024-02-05 00:19:00.325914,1,89.76,Completed,89.76
3187,218,13,2024-08-20 03:17:48.295281,2,241.68,Completed,483.36
3188,61,38,2025-07-02 20:48:48.491838,3,220.99,Completed,662.97
3189,778,4,2024-05-11 21:22:54.925217,1,100.31,Completed,100.31
3189,778,31,2024-05-11 21:22:54.925217,1,10.99,Completed,10.99
3190,419,59,2025-08-11 10:36:32.869257,2,179.72,Completed,359.44
3190,419,38,2025-08-11 10:36:32.869257,1,220.99,Completed,220.99
3191,112,27,2025-05-09 19:15:51.094134,1,183.96,Completed,183.96
3192,171,4,2025-07-29 18:51:15.795590,1,76.95,Completed,76.95
3193,128,45,2025-02-06 17:17:17.189243,1,19.93,Completed,19.93
3193,128,6,2025-02-06 17:17:17.189243,1,71.74,Completed,71.74
3194,600,24,2025-10-05 21:00:37.525754,1,173.32,Completed,173.32
3195,497,12,2024-10-20 22:27:00.356869,1,101.68,Completed,101.68
3196,104,39,2025-03-08 09:16:24.146987,1,57.77,Completed,57.77
3196,104,49,2025-03-08 09:16:24.146987,3,215.69,Completed,647.0699999999999
3197,682,36,2024-07-08 02:44:57.354441,4,33.56,Completed,134.24
3198,43,40,2025-05-16 06:15:15.387449,1,125.12,Completed,125.12
3198,43,25,2025-05-16 06:15:15.387449,4,180.27,Completed,721.08
3199,780,10,2025-06-04 15:39:39.692429,4,108.18,Completed,432.72
3200,498,25,2025-04-25 00:30:09.423941,1,207.06,Completed,207.06
3200,498,6,2025-04-25 00:30:09.423941,3,71.74,Completed,215.21999999999997
3200,498,36,2025-04-25 00:30:09.423941,1,33.56,Completed,33.56
3201,380,8,2024-04-14 03:34:51.227297,2,176.55,Returned,353.1
3202,352,52,2025-02-18 07:39:53.206911,1,195.32,Completed,195.32
3202,352,49,2025-02-18 07:39:53.206911,1,215.69,Completed,215.69
3203,370,3,2024-07-14 04:19:14.586219,1,101.78,Completed,101.78
3204,388,41,2025-11-01 11:05:51.354933,1,49.67,Completed,49.67
3205,365,53,2025-04-11 14:40:11.798606,3,184.37,Completed,553.11
3206,103,49,2024-09-27 05:02:24.826290,4,199.32,Completed,797.28
3207,412,13,2025-07-21 14:17:36.181717,1,241.68,Completed,241.68
3208,143,4,2025-05-10 02:19:50.677870,2,77.7,Completed,155.4
3209,544,11,2024-11-01 07:37:49.720859,1,63.06,Completed,63.06
3210,717,53,2024-11-30 04:25:15.881753,1,184.37,Completed,184.37
3211,255,36,2024-11-16 10:34:45.638497,4,33.56,Completed,134.24
3211,255,47,2024-11-16 10:34:45.638497,3,89.76,Cancelled,269.28000000000003
3212,675,27,2024-09-15 10:06:17.326007,1,183.96,Completed,183.96
3212,675,14,2024-09-15 10:06:17.326007,1,234.6,Completed,234.6
3213,677,39,2024-12-08 03:01:30.575813,1,71.92,Completed,71.92
3213,677,58,2024-12-08 03:01:30.575813,1,199.54,Completed,199.54
3214,330,55,2024-07-28 09:04:49.673006,1,188.29,Completed,188.29
3215,47,59,2025-11-26 09:50:16.676790,2,179.72,Completed,359.44
3215,47,11,2025-11-26 09:50:16.676790,1,63.06,Completed,63.06
3216,695,19,2025-01-15 00:49:06.615230,2,245.83,Completed,491.66
3217,622,7,2025-06-08 11:32:18.640217,1,144.55,Completed,144.55
3218,757,20,2025-11-05 09:11:07.679653,2,237.72,Completed,475.44
3219,84,32,2024-06-15 23:56:49.576112,1,150.19,Completed,150.19
3219,84,16,2024-06-15 23:56:49.576112,3,103.54,Completed,310.62
3219,84,58,2024-06-15 23:56:49.576112,1,199.54,Completed,199.54
3220,488,8,2025-04-09 00:19:46.378136,1,176.55,Completed,176.55
3220,488,19,2025-04-09 00:19:46.378136,3,245.83,Completed,737.49
3221,103,50,2024-03-04 11:13:43.793705,2,243.34,Completed,486.68
3222,301,36,2024-08-11 03:11:22.287512,2,33.56,Completed,67.12
3222,301,48,2024-08-11 03:11:22.287512,3,83.25,Completed,249.75
3223,533,19,2025-07-16 12:32:00.947648,1,245.83,Completed,245.83
3223,533,35,2025-07-16 12:32:00.947648,2,241.49,Returned,482.98
3224,734,1,2025-09-09 00:42:10.979506,1,121.97,Completed,121.97
3224,734,43,2025-09-09 00:42:10.979506,1,95.68,Completed,95.68
3225,309,35,2025-04-08 07:32:07.596341,1,241.49,Returned,241.49
3226,562,50,2024-02-25 23:39:54.296536,2,243.34,Completed,486.68
3226,562,28,2024-02-25 23:39:54.296536,1,29.06,Completed,29.06
3227,457,5,2024-06-24 05:26:37.296079,1,18.8,Completed,18.8
3227,457,26,2024-06-24 05:26:37.296079,3,152.0,Completed,456.0
3227,457,24,2024-06-24 05:26:37.296079,1,173.32,Completed,173.32
3228,250,36,2024-03-09 08:27:38.940181,1,33.56,Completed,33.56
3228,250,56,2024-03-09 08:27:38.940181,3,125.24,Completed,375.71999999999997
3229,676,12,2025-02-23 23:32:54.762811,1,101.68,Completed,101.68
3230,109,23,2024-03-02 17:55:52.742400,1,18.33,Completed,18.33
3230,109,19,2024-03-02 17:55:52.742400,1,245.83,Completed,245.83
3231,165,56,2024-07-27 16:06:25.713589,1,125.24,Completed,125.24
3231,165,52,2024-07-27 16:06:25.713589,4,195.32,Completed,781.28
3232,393,6,2025-11-09 14:23:57.849285,1,71.74,Completed,71.74
3233,226,2,2025-08-13 02:14:16.861246,1,72.13,Completed,72.13
3234,682,48,2024-01-08 19:22:15.003049,1,83.25,Completed,83.25
3235,687,56,2025-11-23 07:54:35.772970,1,97.33,Returned,97.33
3236,548,9,2025-05-09 05:37:09.355148,1,169.69,Completed,169.69
3236,548,3,2025-05-09 05:37:09.355148,1,101.78,Completed,101.78
3237,709,43,2025-11-11 16:22:25.169545,3,105.22,Completed,315.65999999999997
3238,230,1,2024-04-09 14:13:30.915566,1,121.97,Completed,121.97
3238,230,3,2024-04-09 14:13:30.915566,2,101.78,Completed,203.56
3238,230,19,2024-04-09 14:13:30.915566,2,245.83,Cancelled,491.66
3239,660,22,2024-12-29 09:32:49.849035,3,59.28,Completed,177.84
3240,735,4,2025-05-15 03:20:06.210320,1,100.31,Completed,100.31
3241,743,50,2025-05-09 01:05:00.178434,2,243.34,Completed,486.68
3242,658,57,2025-01-23 15:48:42.229463,1,98.49,Completed,98.49
3243,448,35,2024-04-01 00:35:47.727152,3,241.49,Completed,724.47
3244,229,7,2024-01-11 03:31:57.339921,1,144.55,Completed,144.55
3245,298,44,2024-05-18 20:01:25.496558,1,169.47,Returned,169.47
3245,298,60,2024-05-18 20:01:25.496558,2,196.88,Completed,393.76
3245,298,51,2024-05-18 20:01:25.496558,1,80.72,Completed,80.72
3246,763,16,2025-08-29 22:04:58.059417,1,103.54,Completed,103.54
3247,587,57,2024-01-06 07:43:31.081555,4,98.49,Completed,393.96
3247,587,5,2024-01-06 07:43:31.081555,2,18.8,Completed,37.6
3248,390,14,2024-11-06 05:37:49.790127,3,234.6,Completed,703.8
3249,2,29,2025-01-25 01:22:15.232781,3,141.6,Completed,424.79999999999995
3250,605,19,2024-09-08 21:27:43.803189,1,245.83,Completed,245.83
3251,398,42,2025-12-26 18:46:06.587099,1,157.62,Completed,157.62
3252,328,47,2025-04-27 15:46:13.510209,1,89.76,Returned,89.76
3252,328,13,2025-04-27 15:46:13.510209,1,241.68,Completed,241.68
3253,130,59,2025-11-02 22:26:27.287771,1,179.72,Completed,179.72
3254,617,54,2025-12-30 09:25:18.940958,4,29.61,Completed,118.44
3255,110,41,2025-11-20 19:22:22.912652,1,49.67,Completed,49.67
3256,552,28,2025-05-14 09:02:54.041920,1,29.06,Completed,29.06
3257,324,26,2024-01-31 22:04:36.466687,4,142.66,Completed,570.64
3257,324,37,2024-01-31 22:04:36.466687,4,198.15,Completed,792.6
3258,512,42,2024-11-23 12:23:01.698685,3,157.62,Completed,472.86
3258,512,23,2024-11-23 12:23:01.698685,3,14.79,Completed,44.37
3258,512,47,2024-11-23 12:23:01.698685,1,89.76,Completed,89.76
3259,720,37,2024-05-03 00:41:11.703931,1,161.3,Completed,161.3
3260,515,60,2025-11-10 00:50:51.140519,1,196.88,Completed,196.88
3260,515,45,2025-11-10 00:50:51.140519,1,18.92,Completed,18.92
3261,724,12,2025-07-11 12:12:25.537484,1,101.68,Completed,101.68
3261,724,24,2025-07-11 12:12:25.537484,1,173.32,Completed,173.32
3262,221,60,2025-10-21 18:33:06.503842,1,196.88,Completed,196.88
3263,722,10,2024-05-07 14:44:40.907074,1,108.18,Completed,108.18
3264,61,3,2024-09-24 22:43:56.705512,1,101.78,Completed,101.78
3265,342,55,2024-04-07 07:44:43.390253,1,229.05,Completed,229.05
3266,734,59,2024-09-14 21:40:03.603016,1,179.72,Completed,179.72
3266,734,36,2024-09-14 21:40:03.603016,1,33.56,Completed,33.56
3267,231,54,2024-02-07 03:52:58.833910,2,29.61,Completed,59.22
3267,231,13,2024-02-07 03:52:58.833910,2,223.09,Completed,446.18
3267,231,51,2024-02-07 03:52:58.833910,1,80.72,Completed,80.72
3268,500,40,2024-12-27 17:17:51.841668,1,146.43,Completed,146.43
3269,307,27,2024-05-04 10:52:44.607845,2,183.96,Completed,367.92
3270,676,58,2025-12-08 21:38:29.874197,1,199.54,Completed,199.54
3271,164,54,2024-09-03 17:02:04.567314,1,29.61,Completed,29.61
3272,562,13,2025-05-10 17:11:12.448036,4,241.68,Completed,966.72
3273,433,35,2025-08-30 03:50:47.883083,1,241.49,Completed,241.49
3273,433,59,2025-08-30 03:50:47.883083,2,179.72,Completed,359.44
3274,776,5,2025-09-13 01:36:50.135603,1,18.8,Completed,18.8
3275,74,11,2025-09-18 04:45:50.244883,1,63.06,Completed,63.06
3276,290,21,2024-07-30 17:56:03.245316,1,237.67,Completed,237.67
3277,200,11,2024-12-18 16:20:40.006441,1,63.06,Completed,63.06
3278,562,26,2024-07-12 06:26:01.682642,1,152.0,Completed,152.0
3278,562,5,2024-07-12 06:26:01.682642,1,16.93,Completed,16.93
3279,595,10,2024-01-02 15:08:42.271645,1,108.18,Completed,108.18
3280,56,46,2025-04-05 18:12:41.281249,1,73.0,Completed,73.0
3281,727,20,2024-10-14 08:14:53.742137,1,237.72,Returned,237.72
3282,671,29,2025-11-04 19:56:51.137199,1,141.6,Completed,141.6
3282,671,48,2025-11-04 19:56:51.137199,1,74.03,Completed,74.03
3283,299,22,2025-11-09 05:59:23.265649,3,59.28,Completed,177.84
3283,299,10,2025-11-09 05:59:23.265649,1,108.18,Completed,108.18
3283,299,1,2025-11-09 05:59:23.265649,1,121.97,Completed,121.97
3284,201,43,2025-12-01 04:02:39.006524,1,105.22,Completed,105.22
3285,10,3,2025-01-11 08:04:05.899846,1,101.78,Completed,101.78
3286,590,35,2025-10-14 04:40:51.130398,3,219.06,Completed,657.1800000000001
3287,152,31,2025-11-13 20:27:36.076547,2,10.99,Completed,21.98
3287,152,32,2025-11-13 20:27:36.076547,1,150.19,Completed,150.19
3287,152,26,2025-11-13 20:27:36.076547,2,152.0,Completed,304.0
3288,173,40,2025-10-13 12:29:35.780483,1,146.43,Completed,146.43
3289,99,2,2025-09-11 07:07:23.483155,1,72.13,Completed,72.13
3290,486,16,2024-02-11 23:20:33.701795,4,103.54,Completed,414.16
3291,54,11,2024-01-05 07:12:43.721468,2,53.8,Completed,107.6
3292,347,40,2024-12-02 01:23:59.674515,1,146.43,Completed,146.43
3292,347,38,2024-12-02 01:23:59.674515,1,220.99,Completed,220.99
3293,643,47,2024-08-05 19:06:12.179681,1,89.76,Completed,89.76
3293,643,58,2024-08-05 19:06:12.179681,1,199.54,Completed,199.54
3293,643,58,2024-08-05 19:06:12.179681,1,165.48,Completed,165.48
3294,310,4,2024-03-19 05:30:51.286258,2,100.31,Completed,200.62
3295,177,32,2024-09-12 07:07:27.007841,2,150.19,Completed,300.38
3295,177,10,2024-09-12 07:07:27.007841,1,108.18,Completed,108.18
3296,709,24,2025-06-11 09:02:11.438045,1,173.32,Completed,173.32
3296,709,56,2025-06-11 09:02:11.438045,2,125.24,Completed,250.48
3297,92,47,2024-10-20 12:13:58.484808,2,89.76,Completed,179.52
3298,666,46,2024-01-07 11:17:33.366122,1,73.0,Completed,73.0
3299,648,40,2024-11-10 11:40:58.327299,1,146.43,Completed,146.43
3300,377,57,2024-05-24 04:58:42.529132,1,76.16,Completed,76.16
3301,125,26,2025-01-21 05:46:18.391390,1,152.0,Completed,152.0
3302,685,43,2025-10-17 21:53:40.073596,1,105.22,Completed,105.22
3303,231,12,2024-10-26 19:47:52.103237,1,87.91,Cancelled,87.91
3304,587,48,2025-10-28 13:40:17.939636,1,83.25,Completed,83.25
3305,711,12,2024-01-06 01:04:16.023252,2,101.68,Completed,203.36
3306,608,58,2025-07-15 16:43:19.482828,3,199.54,Completed,598.62
3307,496,45,2024-07-01 14:21:39.133976,1,19.93,Completed,19.93
3308,720,8,2024-12-09 14:38:27.141746,1,176.55,Completed,176.55
3309,586,25,2024-09-30 05:54:06.735356,4,168.76,Completed,675.04
3310,731,4,2024-09-23 01:57:52.653451,1,100.31,Completed,100.31
3310,731,36,2024-09-23 01:57:52.653451,1,33.56,Completed,33.56
3311,190,5,2025-10-13 07:13:41.230812,1,18.8,Completed,18.8
3312,718,5,2025-01-26 14:12:28.007859,1,16.19,Completed,16.19
3313,550,29,2024-07-15 17:19:08.183307,1,141.6,Completed,141.6
3313,550,14,2024-07-15 17:19:08.183307,1,234.6,Completed,234.6
3314,66,47,2025-12-23 05:44:57.124774,1,89.76,Completed,89.76
3315,599,41,2025-04-24 02:01:09.748205,2,49.67,Completed,99.34
3316,668,26,2024-11-16 17:31:45.832332,2,136.89,Completed,273.78
3316,668,1,2024-11-16 17:31:45.832332,1,121.97,Completed,121.97
3317,121,35,2024-04-12 02:35:58.241562,1,241.49,Completed,241.49
3317,121,55,2024-04-12 02:35:58.241562,2,229.05,Completed,458.1
3317,121,20,2024-04-12 02:35:58.241562,1,237.72,Completed,237.72
3318,569,37,2025-06-29 09:02:09.099306,3,198.15,Completed,594.45
3319,322,7,2024-01-05 05:47:42.116732,1,112.14,Cancelled,112.14
3320,212,25,2025-10-07 00:15:22.217794,1,207.06,Completed,207.06
3321,90,22,2025-06-01 17:31:28.194602,4,59.28,Completed,237.12
3322,772,45,2024-03-21 18:51:43.443965,4,18.85,Completed,75.4
3323,519,8,2024-07-26 23:26:37.918974,1,176.55,Completed,176.55
3323,519,27,2024-07-26 23:26:37.918974,4,183.96,Completed,735.84
3324,176,55,2024-04-07 14:04:45.878861,1,229.05,Completed,229.05
3325,674,1,2024-11-03 08:53:49.494065,2,98.81,Completed,197.62
3326,532,23,2024-08-29 18:51:38.552481,3,18.33,Completed,54.989999999999995
3327,301,2,2024-01-24 01:44:47.771505,2,72.13,Completed,144.26
3327,301,31,2024-01-24 01:44:47.771505,1,10.99,Completed,10.99
3328,591,47,2025-05-01 07:54:30.348743,2,89.76,Completed,179.52
3329,321,13,2025-11-23 07:32:40.954354,1,241.68,Completed,241.68
3329,321,47,2025-11-23 07:32:40.954354,4,89.76,Completed,359.04
3330,361,37,2025-12-01 13:55:26.080559,1,198.15,Completed,198.15
3330,361,9,2025-12-01 13:55:26.080559,2,169.69,Cancelled,339.38
3331,705,26,2025-12-18 12:54:39.138301,1,138.92,Completed,138.92
3332,243,60,2024-03-27 17:14:28.326802,1,153.24,Returned,153.24
3333,221,27,2024-12-23 00:28:06.441444,1,183.96,Completed,183.96
3334,617,45,2024-12-27 18:20:39.412223,3,19.93,Completed,59.79
3334,617,30,2024-12-27 18:20:39.412223,1,133.76,Cancelled,133.76
3335,285,49,2025-05-12 16:01:23.395321,1,188.61,Completed,188.61
3336,77,6,2024-04-03 00:38:36.484345,1,71.74,Completed,71.74
3337,267,2,2025-07-02 07:05:42.578177,1,72.13,Completed,72.13
3338,168,30,2025-07-23 15:30:46.592560,2,133.76,Completed,267.52
3339,86,22,2024-10-18 21:49:40.622807,1,59.28,Completed,59.28
3340,693,44,2025-06-13 23:25:28.672156,4,220.71,Completed,882.84
3340,693,24,2025-06-13 23:25:28.672156,2,173.32,Completed,346.64
3340,693,57,2025-06-13 23:25:28.672156,1,98.49,Completed,98.49
3341,73,32,2025-06-25 13:58:07.966985,1,150.19,Returned,150.19
3341,73,49,2025-06-25 13:58:07.966985,1,215.69,Completed,215.69
3341,73,8,2025-06-25 13:58:07.966985,1,176.55,Completed,176.55
3342,662,33,2025-08-25 17:12:03.055224,3,35.23,Completed,105.69
3343,382,49,2024-04-05 22:26:15.293179,1,215.69,Returned,215.69
3344,664,41,2025-11-30 02:31:44.312237,1,49.67,Completed,49.67
3345,620,32,2025-08-01 16:19:51.612838,1,150.19,Completed,150.19
3346,158,52,2024-04-02 01:41:06.344112,2,195.32,Completed,390.64
3347,445,5,2024-09-08 04:59:31.386409,4,18.8,Completed,75.2
3348,619,40,2024-01-10 23:07:46.907481,1,146.43,Completed,146.43
3349,277,51,2025-05-14 15:20:52.351701,1,62.32,Completed,62.32
3350,562,19,2024-02-07 23:44:16.594884,1,245.83,Completed,245.83
3351,338,18,2025-08-28 18:43:21.064959,1,133.07,Completed,133.07
3352,372,54,2024-11-09 15:43:54.110870,3,29.61,Completed,88.83
3352,372,5,2024-11-09 15:43:54.110870,1,18.8,Completed,18.8
3352,372,15,2024-11-09 15:43:54.110870,1,59.15,Completed,59.15
3353,281,42,2025-03-11 20:57:40.070009,1,130.1,Completed,130.1
3354,228,15,2024-01-06 20:39:58.178354,4,65.03,Completed,260.12
3355,108,27,2024-12-16 12:58:53.755002,4,183.96,Completed,735.84
3356,127,40,2024-07-25 00:33:12.381374,1,146.43,Completed,146.43
3357,746,19,2024-03-01 07:24:46.777290,1,245.83,Completed,245.83
3357,746,10,2024-03-01 07:24:46.777290,1,108.18,Completed,108.18
3358,502,1,2024-11-09 03:14:16.496408,1,99.99,Completed,99.99
3359,586,26,2025-03-26 20:34:57.243683,4,152.0,Completed,608.0
3359,586,30,2025-03-26 20:34:57.243683,1,133.76,Completed,133.76
3359,586,31,2025-03-26 20:34:57.243683,1,10.99,Completed,10.99
3360,50,37,2025-06-16 08:26:05.947355,2,198.15,Completed,396.3
3361,770,23,2024-05-16 09:47:28.767400,2,18.33,Completed,36.66
3362,354,41,2024-07-24 05:33:08.638930,1,49.67,Completed,49.67
3363,695,14,2024-03-24 23:09:00.871208,1,234.6,Cancelled,234.6
3363,695,31,2024-03-24 23:09:00.871208,1,10.99,Completed,10.99
3364,609,51,2024-07-11 09:03:30.275622,1,80.72,Completed,80.72
3365,413,56,2025-05-26 16:44:42.029136,1,125.24,Cancelled,125.24
3366,131,11,2025-05-01 10:06:34.012885,1,63.06,Completed,63.06
3366,131,57,2025-05-01 10:06:34.012885,2,98.49,Completed,196.98
3367,731,31,2024-11-09 06:51:51.874550,1,10.99,Completed,10.99
3368,130,9,2024-12-11 22:36:08.455513,1,146.53,Completed,146.53
3369,274,27,2025-07-25 09:12:01.644215,2,164.66,Completed,329.32
3369,274,36,2025-07-25 09:12:01.644215,2,33.56,Completed,67.12
3370,725,51,2024-03-16 05:41:48.896579,1,80.72,Returned,80.72
3371,695,11,2025-06-17 05:36:05.840459,1,63.06,Completed,63.06
3371,695,34,2025-06-17 05:36:05.840459,2,145.12,Completed,290.24
3372,188,58,2025-03-22 02:28:47.207594,1,199.54,Completed,199.54
3373,363,53,2024-05-17 17:28:50.918245,2,184.37,Completed,368.74
3374,515,12,2025-09-16 01:21:21.624424,1,101.68,Completed,101.68
3375,439,8,2025-04-04 02:27:59.621066,1,176.55,Completed,176.55
3375,439,51,2025-04-04 02:27:59.621066,1,80.72,Completed,80.72
3375,439,9,2025-04-04 02:27:59.621066,4,169.69,Completed,678.76
3376,235,22,2024-04-18 13:40:52.575950,1,59.28,Completed,59.28
3377,90,40,2024-03-28 22:28:48.127898,1,146.43,Returned,146.43
3378,417,6,2024-10-19 22:28:51.476216,1,71.74,Completed,71.74
3378,417,7,2024-10-19 22:28:51.476216,1,144.55,Completed,144.55
3379,650,35,2024-07-18 22:03:21.303214,2,216.37,Completed,432.74
3380,96,15,2024-05-20 06:56:52.469114,1,65.03,Completed,65.03
3381,59,6,2024-04-16 17:35:02.334224,1,57.91,Returned,57.91
3381,59,58,2024-04-16 17:35:02.334224,1,199.54,Completed,199.54
3382,11,11,2024-01-13 21:25:36.359896,1,63.06,Cancelled,63.06
3382,11,46,2024-01-13 21:25:36.359896,1,73.0,Completed,73.0
3383,521,14,2024-05-25 17:45:14.414223,1,234.6,Completed,234.6
3384,140,57,2025-09-22 23:24:50.180310,4,98.49,Completed,393.96
3384,140,45,2025-09-22 23:24:50.180310,4,19.93,Completed,79.72
3384,140,48,2025-09-22 23:24:50.180310,4,83.25,Completed,333.0
3385,546,13,2024-10-04 15:46:42.287002,2,241.68,Returned,483.36
3386,416,10,2025-01-18 05:29:42.387782,3,85.25,Completed,255.75
3386,416,49,2025-01-18 05:29:42.387782,1,215.69,Completed,215.69
3387,8,22,2025-05-26 02:46:59.714273,1,59.28,Completed,59.28
3387,8,24,2025-05-26 02:46:59.714273,1,173.32,Completed,173.32
3388,768,37,2025-12-16 11:46:42.447258,1,198.15,Completed,198.15
3389,757,27,2024-06-10 21:30:07.700779,1,183.96,Returned,183.96
3389,757,51,2024-06-10 21:30:07.700779,1,80.72,Completed,80.72
3390,541,39,2024-11-07 00:50:56.451295,1,71.92,Completed,71.92
3391,44,6,2024-02-14 18:50:49.764476,1,71.74,Completed,71.74
3391,44,17,2024-02-14 18:50:49.764476,4,16.4,Completed,65.6
3391,44,26,2024-02-14 18:50:49.764476,3,152.0,Completed,456.0
3392,783,22,2024-11-07 18:18:57.397831,1,59.28,Completed,59.28
3392,783,1,2024-11-07 18:18:57.397831,4,121.97,Completed,487.88
3393,77,16,2024-02-07 17:00:14.970244,1,103.54,Completed,103.54
3393,77,39,2024-02-07 17:00:14.970244,1,59.02,Completed,59.02
3393,77,3,2024-02-07 17:00:14.970244,2,86.42,Completed,172.84
3394,175,33,2024-03-21 08:09:45.771199,3,35.23,Completed,105.69
3395,116,51,2024-09-22 09:51:14.684948,2,80.72,Completed,161.44
3396,696,57,2025-11-19 09:20:16.981046,1,98.49,Completed,98.49
3396,696,27,2025-11-19 09:20:16.981046,3,183.96,Completed,551.88
3397,785,19,2025-06-03 10:58:46.920229,3,245.83,Completed,737.49
3398,298,29,2024-06-29 06:53:25.860855,3,141.6,Completed,424.79999999999995
3399,301,37,2025-10-15 10:15:40.391525,4,198.15,Completed,792.6
3399,301,14,2025-10-15 10:15:40.391525,1,205.56,Completed,205.56
3400,404,55,2024-05-12 16:17:18.432358,1,229.05,Returned,229.05
3400,404,9,2024-05-12 16:17:18.432358,1,169.69,Completed,169.69
3401,659,39,2024-01-01 09:23:22.057206,1,71.92,Returned,71.92
3402,37,59,2025-04-27 02:44:48.723782,1,179.72,Returned,179.72
3403,633,16,2024-08-22 19:07:33.257753,2,103.54,Completed,207.08
3404,59,9,2024-07-27 06:45:11.931283,1,169.69,Returned,169.69
3405,631,60,2024-07-23 12:23:30.745720,1,196.88,Completed,196.88
3406,306,42,2025-03-18 18:15:44.436836,1,157.62,Completed,157.62
3406,306,58,2025-03-18 18:15:44.436836,1,185.18,Completed,185.18
3407,191,2,2024-11-10 13:29:59.511366,1,72.13,Cancelled,72.13
3408,10,12,2024-07-03 03:38:54.863557,1,86.27,Completed,86.27
3409,87,37,2024-12-24 15:20:12.511735,1,198.15,Returned,198.15
3409,87,39,2024-12-24 15:20:12.511735,1,71.92,Completed,71.92
3410,421,17,2024-09-01 00:37:23.586418,1,13.9,Completed,13.9
3411,160,2,2024-03-22 09:58:52.704059,1,72.13,Completed,72.13
3412,257,55,2025-05-03 07:57:39.263403,1,229.05,Completed,229.05
3413,405,25,2025-05-13 13:29:08.531708,1,207.06,Completed,207.06
3414,374,52,2025-07-16 10:31:22.981479,1,195.32,Completed,195.32
3414,374,34,2025-07-16 10:31:22.981479,1,145.12,Completed,145.12
3415,276,56,2024-04-05 02:59:51.641669,1,104.92,Completed,104.92
3416,450,25,2024-09-20 05:09:49.534828,2,207.06,Returned,414.12
3417,363,28,2025-08-14 07:49:03.056080,1,29.06,Completed,29.06
3418,6,28,2025-06-26 08:10:08.363540,3,29.06,Completed,87.17999999999999
3419,727,28,2025-03-05 21:43:19.345109,1,29.06,Completed,29.06
3420,195,36,2025-03-17 10:35:09.284832,1,33.56,Completed,33.56
3421,137,23,2024-06-22 22:10:44.015560,1,18.33,Completed,18.33
3422,762,4,2024-07-20 10:35:25.810713,1,100.31,Completed,100.31
3423,33,43,2025-03-02 13:24:46.188212,1,105.22,Completed,105.22
3424,204,51,2024-03-04 16:17:24.560542,2,80.72,Completed,161.44
3424,204,9,2024-03-04 16:17:24.560542,3,169.69,Completed,509.07
3425,273,12,2024-03-18 15:31:25.935780,3,86.21,Completed,258.63
3426,508,11,2025-04-04 13:52:01.808538,1,63.06,Completed,63.06
3427,732,37,2025-03-15 08:09:05.009760,1,178.38,Completed,178.38
3428,800,5,2024-01-30 23:00:07.694844,1,18.8,Completed,18.8
3428,800,36,2024-01-30 23:00:07.694844,1,33.56,Completed,33.56
3429,760,11,2025-12-07 21:08:41.206355,1,63.06,Cancelled,63.06
3430,399,10,2025-10-07 08:24:17.530626,3,101.86,Completed,305.58
3430,399,32,2025-10-07 08:24:17.530626,2,150.19,Returned,300.38
3430,399,17,2025-10-07 08:24:17.530626,1,13.43,Completed,13.43
3431,14,27,2025-08-19 17:00:30.017363,1,183.96,Completed,183.96
3432,243,60,2024-05-20 20:05:23.743316,2,180.34,Completed,360.68
3433,440,3,2024-11-21 09:53:12.900076,3,101.78,Completed,305.34000000000003
3434,756,39,2024-03-13 00:07:38.727691,1,60.85,Completed,60.85
3434,756,22,2024-03-13 00:07:38.727691,2,59.28,Completed,118.56
3435,85,17,2025-11-18 12:39:05.082595,1,16.4,Returned,16.4
3436,254,48,2025-03-27 21:03:41.996987,1,83.25,Returned,83.25
3436,254,51,2025-03-27 21:03:41.996987,2,80.72,Completed,161.44
3436,254,41,2025-03-27 21:03:41.996987,1,49.67,Cancelled,49.67
3437,288,58,2024-08-08 01:52:00.568339,3,199.54,Completed,598.62
3438,270,44,2024-12-12 03:57:29.060152,1,220.71,Completed,220.71
3439,254,47,2025-07-09 12:30:35.985026,4,89.76,Completed,359.04
3440,440,52,2025-01-24 11:55:42.076740,2,195.32,Completed,390.64
3441,724,2,2024-04-22 04:20:22.633255,1,72.13,Completed,72.13
3442,106,17,2024-04-03 07:36:56.419996,1,16.4,Completed,16.4
3443,515,58,2024-11-01 07:05:02.549655,1,199.54,Cancelled,199.54
3444,194,44,2025-06-03 11:17:12.571299,1,220.71,Completed,220.71
3445,606,41,2025-10-12 20:35:53.376273,3,49.67,Completed,149.01
3446,153,8,2025-07-08 07:54:08.432142,1,176.55,Completed,176.55
3446,153,48,2025-07-08 07:54:08.432142,1,63.08,Completed,63.08
3447,197,15,2025-09-09 15:27:44.619239,1,65.03,Completed,65.03
3448,437,42,2025-02-13 01:15:46.183246,1,124.51,Cancelled,124.51
3448,437,39,2025-02-13 01:15:46.183246,1,71.92,Completed,71.92
3449,390,59,2024-09-10 13:23:18.992985,3,179.72,Completed,539.16
3450,314,57,2024-09-24 04:31:50.455980,1,98.49,Completed,98.49
3451,237,20,2025-04-04 19:13:42.474921,1,237.72,Completed,237.72
3452,437,10,2024-03-26 17:21:17.813550,1,108.18,Completed,108.18
3452,437,54,2024-03-26 17:21:17.813550,4,29.61,Cancelled,118.44
3453,660,39,2024-11-14 08:55:24.140657,1,55.52,Completed,55.52
3454,373,6,2024-12-18 11:01:02.037052,1,71.74,Completed,71.74
3455,360,48,2025-01-17 08:19:24.927067,1,83.25,Completed,83.25
3456,253,57,2025-11-26 06:49:22.430650,1,98.49,Completed,98.49
3457,49,17,2025-07-31 08:18:29.628133,1,16.4,Completed,16.4
3458,1,13,2024-05-01 20:42:12.391150,1,217.26,Completed,217.26
3459,218,2,2024-07-19 03:05:03.069832,2,72.13,Completed,144.26
3460,287,52,2025-12-07 06:22:16.360724,1,195.32,Returned,195.32
3461,104,52,2024-07-30 10:46:45.705541,1,195.32,Completed,195.32
3462,259,40,2025-11-28 17:40:01.877387,2,146.43,Completed,292.86
3463,373,28,2024-02-14 09:06:00.746322,1,29.06,Completed,29.06
3464,115,20,2025-12-10 21:44:40.069133,1,178.94,Completed,178.94
3465,566,3,2024-05-18 20:08:41.505153,1,101.78,Returned,101.78
3465,566,10,2024-05-18 20:08:41.505153,1,88.94,Completed,88.94
3466,371,11,2025-08-17 14:37:37.216325,1,63.06,Completed,63.06
3467,604,17,2024-12-27 08:51:13.604997,1,16.4,Completed,16.4
3468,381,3,2025-01-23 16:52:18.555306,1,101.78,Completed,101.78
3469,283,47,2025-01-09 20:18:15.989585,1,89.76,Completed,89.76
3469,283,27,2025-01-09 20:18:15.989585,1,183.96,Completed,183.96
3470,109,15,2024-02-24 17:44:47.205323,2,58.43,Completed,116.86
3470,109,6,2024-02-24 17:44:47.205323,1,62.22,Completed,62.22
3471,671,46,2024-11-15 13:17:29.072047,1,73.0,Returned,73.0
3471,671,48,2024-11-15 13:17:29.072047,1,83.25,Completed,83.25
3472,457,53,2025-01-06 18:33:25.184975,4,184.37,Completed,737.48
3473,77,45,2025-02-14 14:58:31.080871,1,19.93,Completed,19.93
3474,634,54,2024-10-11 21:07:32.534979,1,29.61,Completed,29.61
3475,743,8,2025-03-19 06:27:57.620152,1,176.55,Completed,176.55
3476,780,41,2024-05-31 01:19:08.138474,1,49.67,Completed,49.67
3477,739,47,2024-01-03 15:04:53.663780,2,89.76,Completed,179.52
3478,131,22,2025-02-21 11:39:09.250960,1,59.28,Returned,59.28
3478,131,48,2025-02-21 11:39:09.250960,2,83.25,Cancelled,166.5
3479,259,40,2025-03-08 05:48:55.683737,1,146.43,Completed,146.43
3480,778,45,2024-01-07 11:15:01.476578,1,19.93,Completed,19.93
3481,574,46,2025-11-08 21:33:01.265727,1,73.0,Returned,73.0
3482,375,56,2025-01-09 08:10:48.827094,1,125.24,Completed,125.24
3483,735,3,2025-01-02 18:53:14.056888,1,85.21,Completed,85.21
3483,735,13,2025-01-02 18:53:14.056888,2,241.68,Completed,483.36
3484,537,33,2025-06-10 00:32:49.167547,1,35.23,Returned,35.23
3484,537,18,2025-06-10 00:32:49.167547,1,133.07,Completed,133.07
3485,23,12,2024-07-07 22:46:57.001920,1,101.68,Completed,101.68
3485,23,13,2024-07-07 22:46:57.001920,1,241.68,Completed,241.68
3486,133,48,2025-09-14 07:21:48.154650,1,83.25,Completed,83.25
3486,133,31,2025-09-14 07:21:48.154650,3,10.99,Completed,32.97
3487,63,54,2024-08-04 08:17:30.455849,1,29.61,Completed,29.61
3488,711,58,2024-07-15 00:22:36.143162,2,199.54,Completed,399.08
3489,408,6,2024-03-27 22:41:29.375080,1,71.74,Completed,71.74
3490,546,54,2024-06-12 11:14:38.286529,3,29.61,Returned,88.83
3491,77,11,2025-01-24 12:04:21.584836,1,63.06,Completed,63.06
3492,769,4,2024-08-01 01:05:40.326750,2,100.31,Completed,200.62
3493,576,1,2025-04-11 22:03:38.921562,1,121.97,Completed,121.97
3494,411,60,2025-11-18 16:38:45.355287,1,196.88,Completed,196.88
3495,212,37,2024-07-21 18:17:38.231164,1,198.15,Cancelled,198.15
3496,164,58,2024-04-07 01:39:31.705395,1,199.54,Completed,199.54
3497,607,32,2025-09-29 13:40:02.640322,1,150.19,Completed,150.19
3497,607,41,2025-09-29 13:40:02.640322,2,49.67,Completed,99.34
3498,526,49,2024-02-07 14:37:47.699336,3,215.69,Completed,647.0699999999999
3498,526,4,2024-02-07 14:37:47.699336,1,100.31,Completed,100.31
3499,538,46,2025-12-16 10:00:52.385758,3,73.0,Completed,219.0
3500,226,57,2025-12-23 08:40:31.569944,1,98.49,Cancelled,98.49
3501,275,41,2024-06-02 06:42:58.302976,1,49.67,Completed,49.67
3502,176,22,2024-03-25 19:33:30.110321,1,59.28,Completed,59.28
3503,547,55,2025-04-18 12:16:09.004213,1,229.05,Completed,229.05
3504,41,26,2025-04-06 20:36:14.563687,1,152.0,Completed,152.0
3504,41,56,2025-04-06 20:36:14.563687,1,125.24,Completed,125.24
3505,285,36,2025-12-10 17:16:13.305062,1,33.56,Completed,33.56
3506,277,49,2024-08-24 22:19:26.403932,1,215.69,Completed,215.69
3507,53,43,2025-11-21 21:24:55.927826,1,105.22,Cancelled,105.22
3508,255,21,2025-10-07 07:26:29.449363,1,237.67,Completed,237.67
3508,255,33,2025-10-07 07:26:29.449363,1,35.23,Completed,35.23
3509,119,46,2024-07-11 17:56:56.134648,1,59.82,Completed,59.82
3509,119,26,2024-07-11 17:56:56.134648,1,152.0,Completed,152.0
3510,378,37,2024-04-07 12:52:30.845490,1,198.15,Completed,198.15
3510,378,50,2024-04-07 12:52:30.845490,1,243.34,Completed,243.34
3511,271,12,2025-10-17 18:50:33.018596,1,101.68,Completed,101.68
3511,271,33,2025-10-17 18:50:33.018596,2,35.23,Completed,70.46
3512,627,1,2024-08-03 06:33:58.786758,1,121.97,Completed,121.97
3512,627,11,2024-08-03 06:33:58.786758,1,63.06,Completed,63.06
3513,641,13,2025-12-20 05:46:39.719683,1,241.68,Completed,241.68
3514,365,14,2025-04-01 22:44:12.973123,1,234.6,Completed,234.6
3515,287,2,2024-01-08 14:21:05.458148,1,72.13,Completed,72.13
3516,17,44,2024-09-16 12:03:53.464241,1,220.71,Completed,220.71
3517,797,28,2025-06-17 05:57:04.981752,4,29.06,Returned,116.24
3518,598,9,2024-07-23 04:09:55.383250,2,152.58,Completed,305.16
3519,392,3,2024-07-05 20:53:45.425823,4,101.78,Completed,407.12
3520,264,43,2024-01-12 09:59:10.813196,1,105.22,Completed,105.22
3521,650,23,2025-04-24 20:12:15.259471,1,18.33,Returned,18.33
3522,212,27,2025-09-25 15:02:36.847478,1,183.96,Completed,183.96
3523,226,45,2025-11-16 11:34:34.343918,1,19.93,Completed,19.93
3523,226,52,2025-11-16 11:34:34.343918,1,195.32,Completed,195.32
3524,645,30,2025-03-01 18:44:11.351833,2,133.76,Completed,267.52
3525,771,17,2025-06-11 11:59:25.589025,1,16.4,Cancelled,16.4
3526,457,11,2025-05-17 07:46:53.941213,1,63.06,Completed,63.06
3526,457,32,2025-05-17 07:46:53.941213,1,150.19,Completed,150.19
3526,457,47,2025-05-17 07:46:53.941213,1,89.76,Completed,89.76
3527,491,13,2025-11-21 07:53:54.435055,1,190.03,Completed,190.03
3528,190,55,2024-07-06 20:41:14.487453,3,229.05,Completed,687.1500000000001
3529,181,30,2025-04-02 03:32:35.923275,3,133.76,Completed,401.28
3529,181,56,2025-04-02 03:32:35.923275,2,125.24,Completed,250.48
3530,747,42,2025-03-17 04:03:59.063878,3,157.62,Completed,472.86
3531,289,44,2024-05-30 11:54:21.026050,1,172.72,Returned,172.72
3532,182,21,2024-11-18 19:04:45.348673,3,237.67,Completed,713.01
3532,182,24,2024-11-18 19:04:45.348673,1,173.32,Completed,173.32
3533,193,16,2024-08-24 17:05:17.878817,1,79.15,Completed,79.15
3534,252,41,2024-05-28 20:39:16.003442,1,49.67,Completed,49.67
3535,661,20,2025-04-04 18:06:27.288437,1,237.72,Completed,237.72
3536,103,22,2025-09-18 12:02:16.063709,2,59.28,Completed,118.56
3536,103,54,2025-09-18 12:02:16.063709,1,26.65,Completed,26.65
3537,13,10,2024-10-15 16:31:08.081944,1,108.18,Completed,108.18
3538,387,4,2024-11-21 14:53:58.087923,1,100.31,Completed,100.31
3538,387,40,2024-11-21 14:53:58.087923,1,110.22,Completed,110.22
3539,660,47,2025-06-16 18:18:16.457984,1,89.76,Completed,89.76
3540,136,50,2024-11-12 17:59:25.512225,2,243.34,Completed,486.68
3541,86,26,2024-04-18 06:48:54.001439,2,152.0,Completed,304.0
3542,643,58,2024-12-15 16:12:02.388235,1,199.54,Completed,199.54
3543,10,46,2024-12-28 01:14:23.275090,3,73.0,Completed,219.0
3543,10,35,2024-12-28 01:14:23.275090,1,216.67,Completed,216.67
3544,347,20,2024-12-01 08:30:53.184817,1,237.72,Completed,237.72
3545,88,10,2025-08-18 09:16:36.276402,1,108.18,Completed,108.18
3546,492,52,2024-05-08 13:27:24.746361,1,195.32,Completed,195.32
3547,455,29,2025-02-19 20:24:28.433097,2,141.6,Completed,283.2
3548,315,2,2025-11-19 15:34:50.287448,1,72.13,Completed,72.13
3548,315,56,2025-11-19 15:34:50.287448,1,125.24,Completed,125.24
3549,58,8,2024-05-11 16:43:27.744062,1,176.55,Completed,176.55
3550,274,60,2024-07-24 21:24:54.743606,1,196.88,Completed,196.88
3551,127,55,2024-08-14 10:00:25.451544,2,173.83,Cancelled,347.66
3552,558,2,2025-10-08 05:37:59.947451,1,72.13,Completed,72.13
3553,524,46,2025-08-19 18:35:09.602729,1,73.0,Completed,73.0
3554,426,35,2025-05-16 18:40:00.411658,1,225.17,Completed,225.17
3555,25,37,2024-05-17 03:05:50.136875,1,198.15,Completed,198.15
3556,395,25,2024-04-14 18:30:42.287876,1,182.43,Completed,182.43
3556,395,16,2024-04-14 18:30:42.287876,1,103.54,Returned,103.54
3557,701,54,2024-11-07 06:26:27.373589,1,29.61,Completed,29.61
3558,733,51,2024-11-28 04:01:23.804869,1,80.72,Completed,80.72
3559,116,26,2025-04-15 22:28:50.295856,3,152.0,Completed,456.0
3560,113,48,2024-10-20 19:52:30.948324,1,83.25,Completed,83.25
3561,289,56,2025-06-12 17:51:26.222573,2,125.24,Cancelled,250.48
3561,289,45,2025-06-12 17:51:26.222573,1,19.93,Completed,19.93
3562,122,33,2024-04-10 05:20:36.575950,1,35.23,Completed,35.23
3562,122,4,2024-04-10 05:20:36.575950,1,100.31,Completed,100.31
3563,87,54,2025-07-01 19:46:56.720189,1,29.61,Completed,29.61
3563,87,12,2025-07-01 19:46:56.720189,1,101.68,Cancelled,101.68
3564,183,35,2024-01-09 14:32:06.112578,4,241.49,Completed,965.96
3565,343,48,2024-03-13 19:16:06.971872,1,83.25,Completed,83.25
3565,343,39,2024-03-13 19:16:06.971872,1,71.92,Completed,71.92
3565,343,56,2024-03-13 19:16:06.971872,1,125.24,Completed,125.24
3566,684,24,2024-10-07 07:30:51.887949,1,173.32,Completed,173.32
3567,640,26,2024-03-21 07:49:20.003937,1,152.0,Completed,152.0
3567,640,3,2024-03-21 07:49:20.003937,1,101.78,Completed,101.78
3568,107,28,2024-01-10 21:25:55.556763,1,29.06,Completed,29.06
3569,512,20,2025-08-29 06:39:36.607007,1,237.72,Completed,237.72
3570,272,21,2025-11-13 07:33:14.120648,4,237.67,Completed,950.68
3571,729,40,2024-04-06 11:46:36.791669,3,146.43,Completed,439.29
3571,729,56,2024-04-06 11:46:36.791669,1,125.24,Completed,125.24
3572,153,48,2025-07-16 04:27:38.920757,2,83.25,Completed,166.5
3573,151,44,2024-07-14 09:20:29.277500,1,220.71,Completed,220.71
3573,151,49,2024-07-14 09:20:29.277500,1,215.69,Completed,215.69
3574,739,9,2025-11-16 04:14:37.756113,1,169.69,Completed,169.69
3574,739,26,2025-11-16 04:14:37.756113,1,152.0,Completed,152.0
3575,69,26,2025-03-13 17:38:36.259051,1,126.99,Completed,126.99
3576,745,34,2025-08-01 10:51:20.196118,1,145.12,Returned,145.12
3577,93,57,2024-01-07 20:37:15.407320,1,98.49,Completed,98.49
3577,93,58,2024-01-07 20:37:15.407320,1,180.29,Completed,180.29
3578,362,17,2025-07-31 21:53:43.484992,1,16.4,Completed,16.4
3579,435,35,2025-01-30 22:19:31.260623,1,241.49,Completed,241.49
3580,424,58,2025-08-20 07:50:02.063743,4,199.54,Completed,798.16
3581,652,18,2025-09-14 11:39:29.320821,4,133.07,Completed,532.28
3581,652,42,2025-09-14 11:39:29.320821,1,157.62,Completed,157.62
3582,670,6,2024-03-03 00:35:24.671120,1,71.74,Completed,71.74
3582,670,14,2024-03-03 00:35:24.671120,1,234.6,Completed,234.6
3583,563,1,2024-04-11 15:18:40.768146,1,121.97,Completed,121.97
3584,547,28,2025-07-08 13:26:56.734452,3,29.06,Completed,87.17999999999999
3584,547,48,2025-07-08 13:26:56.734452,1,83.25,Completed,83.25
3585,236,58,2025-10-13 10:40:40.479557,3,199.54,Completed,598.62
3586,595,17,2025-08-18 06:56:43.592624,2,16.4,Completed,32.8
3586,595,12,2025-08-18 06:56:43.592624,3,101.68,Completed,305.04
3587,796,22,2024-08-12 09:23:06.255000,1,59.28,Completed,59.28
3588,767,49,2024-12-15 14:28:29.564578,1,215.69,Completed,215.69
3588,767,1,2024-12-15 14:28:29.564578,1,100.3,Completed,100.3
3589,209,26,2024-06-26 23:31:52.324126,1,152.0,Completed,152.0
3589,209,21,2024-06-26 23:31:52.324126,1,204.79,Completed,204.79
3590,137,33,2025-01-31 18:34:59.533132,1,35.23,Completed,35.23
3590,137,38,2025-01-31 18:34:59.533132,1,181.18,Returned,181.18
3591,798,36,2024-07-14 05:50:25.230116,1,33.56,Completed,33.56
3592,302,22,2025-01-31 20:05:53.192325,1,59.28,Completed,59.28
3592,302,51,2025-01-31 20:05:53.192325,1,80.72,Completed,80.72
3592,302,15,2025-01-31 20:05:53.192325,1,65.03,Completed,65.03
3593,432,1,2024-01-16 11:33:44.984247,1,121.97,Completed,121.97
3594,230,56,2024-02-02 12:05:34.260142,1,97.38,Completed,97.38
3595,713,55,2025-02-01 14:07:46.560143,1,229.05,Completed,229.05
3596,387,55,2024-03-15 20:57:28.401177,1,229.05,Completed,229.05
3596,387,49,2024-03-15 20:57:28.401177,2,215.69,Completed,431.38
3597,435,22,2025-10-09 02:43:27.598951,3,59.28,Completed,177.84
3597,435,56,2025-10-09 02:43:27.598951,3,125.24,Completed,375.71999999999997
3598,679,4,2024-10-30 03:47:14.828986,1,100.31,Completed,100.31
3599,489,14,2024-01-01 21:12:23.652458,1,234.6,Completed,234.6
3600,162,1,2024-06-12 17:57:33.466107,1,100.39,Completed,100.39
3600,162,47,2024-06-12 17:57:33.466107,2,68.7,Cancelled,137.4
3601,583,12,2024-06-14 11:20:54.496928,1,101.68,Completed,101.68
3602,427,9,2024-10-08 07:54:40.089874,1,133.46,Returned,133.46
3603,762,47,2024-09-14 21:59:22.763482,1,76.79,Returned,76.79
3604,307,43,2024-07-28 09:32:43.985257,1,105.22,Completed,105.22
3605,740,9,2025-11-03 20:01:29.555094,1,169.69,Cancelled,169.69
3606,661,4,2025-05-14 14:59:38.929980,1,100.31,Completed,100.31
3606,661,3,2025-05-14 14:59:38.929980,1,101.78,Completed,101.78
3607,160,37,2025-05-16 08:08:43.336412,1,174.07,Completed,174.07
3607,160,47,2025-05-16 08:08:43.336412,2,89.76,Completed,179.52
3608,178,15,2025-06-05 20:11:34.839742,1,65.03,Completed,65.03
3609,12,35,2025-10-20 04:17:19.325990,2,241.49,Completed,482.98
3609,12,29,2025-10-20 04:17:19.325990,2,141.6,Completed,283.2
3610,466,9,2024-12-25 00:41:47.310820,2,169.69,Completed,339.38
3610,466,43,2024-12-25 00:41:47.310820,1,105.22,Cancelled,105.22
3611,586,17,2025-12-24 06:15:22.667712,1,16.4,Completed,16.4
3612,727,29,2024-06-12 21:38:00.425864,2,141.6,Returned,283.2
3613,161,39,2025-11-29 05:17:34.344458,2,71.92,Completed,143.84
3614,95,5,2024-07-24 17:23:09.787782,1,18.8,Completed,18.8
3615,129,29,2024-02-25 16:35:59.189496,1,141.6,Completed,141.6
3616,411,9,2024-08-31 14:51:29.967697,2,169.69,Completed,339.38
3617,225,29,2024-09-20 03:50:46.687332,2,141.6,Completed,283.2
3617,225,59,2024-09-20 03:50:46.687332,2,179.72,Completed,359.44
3618,573,27,2025-11-06 00:46:58.830984,1,183.96,Completed,183.96
3619,80,50,2024-03-02 21:46:17.479220,1,243.34,Completed,243.34
3620,480,33,2024-02-01 15:26:11.527691,1,35.23,Cancelled,35.23
3621,669,36,2024-04-20 07:19:26.453641,4,33.56,Completed,134.24
3622,390,20,2024-11-08 21:34:10.692076,1,237.72,Completed,237.72
3623,381,1,2024-09-01 10:28:04.849366,2,121.97,Completed,243.94
3624,200,55,2024-05-12 09:31:24.032098,1,229.05,Completed,229.05
3625,107,40,2024-11-06 10:17:04.165889,1,127.49,Completed,127.49
3625,107,8,2024-11-06 10:17:04.165889,1,176.55,Completed,176.55
3626,29,31,2025-10-13 23:25:10.240172,1,10.99,Completed,10.99
3627,167,19,2025-05-16 15:03:20.787254,1,245.83,Completed,245.83
3628,67,22,2025-04-01 01:45:53.731827,2,59.28,Completed,118.56
3629,12,4,2024-07-28 12:20:14.286439,1,100.31,Completed,100.31
3630,317,49,2025-10-01 01:02:45.553577,1,215.69,Completed,215.69
3631,207,25,2024-07-16 21:33:15.261502,1,207.06,Completed,207.06
3632,34,35,2024-12-30 10:52:25.322054,2,241.49,Completed,482.98
3633,88,60,2024-09-26 10:51:03.509061,3,196.88,Completed,590.64
3634,579,44,2024-07-12 17:49:30.265705,2,209.08,Completed,418.16
3635,496,37,2025-10-24 02:22:16.153742,1,161.08,Completed,161.08
3636,317,6,2025-08-06 00:56:08.209773,1,58.92,Completed,58.92
3637,290,55,2025-07-29 20:45:33.603309,1,229.05,Completed,229.05
3638,513,17,2025-09-21 01:13:43.841889,2,16.4,Completed,32.8
3639,770,29,2025-12-14 23:25:33.076757,1,141.6,Completed,141.6
3639,770,39,2025-12-14 23:25:33.076757,2,71.92,Completed,143.84
3639,770,34,2025-12-14 23:25:33.076757,1,128.42,Returned,128.42
3640,340,28,2025-07-21 18:46:34.939110,1,29.06,Completed,29.06
3641,760,44,2024-04-17 00:14:26.948611,1,220.71,Completed,220.71
3642,515,39,2024-04-17 21:06:31.695087,3,71.92,Returned,215.76
3642,515,24,2024-04-17 21:06:31.695087,2,173.32,Completed,346.64
3643,602,35,2024-11-22 02:06:11.810762,2,241.49,Completed,482.98
3643,602,40,2024-11-22 02:06:11.810762,1,146.43,Completed,146.43
3643,602,1,2024-11-22 02:06:11.810762,1,121.97,Completed,121.97
3644,39,5,2025-08-04 16:49:29.829872,1,18.8,Completed,18.8
3645,156,20,2025-12-13 17:27:48.981550,2,237.72,Completed,475.44
3646,81,7,2025-08-17 16:39:49.739960,1,144.55,Completed,144.55
3647,96,3,2024-03-23 14:38:01.972677,1,101.78,Completed,101.78
3648,238,51,2024-11-08 00:58:45.706564,2,80.72,Cancelled,161.44
3649,698,37,2025-06-14 11:55:09.870357,3,198.15,Completed,594.45
3650,788,11,2024-04-15 14:34:48.731449,1,63.06,Completed,63.06
3651,514,36,2024-08-23 19:53:44.808000,1,33.56,Completed,33.56
3652,747,10,2024-04-03 02:25:34.625738,2,108.18,Completed,216.36
3653,536,34,2025-07-14 07:13:13.612258,1,145.12,Completed,145.12
3654,350,26,2024-09-14 09:42:19.559977,1,152.0,Completed,152.0
3655,135,11,2024-12-26 18:29:50.878814,1,63.06,Completed,63.06
3656,369,40,2024-12-17 08:10:31.425603,1,146.43,Completed,146.43
3656,369,27,2024-12-17 08:10:31.425603,1,183.96,Completed,183.96
3657,41,22,2025-12-11 04:18:43.644420,1,59.28,Returned,59.28
3658,793,56,2025-03-15 06:32:21.776798,1,125.24,Completed,125.24
3658,793,4,2025-03-15 06:32:21.776798,1,100.31,Completed,100.31
3658,793,43,2025-03-15 06:32:21.776798,1,105.22,Completed,105.22
3659,622,1,2025-04-09 17:18:19.150434,1,95.2,Completed,95.2
3660,643,8,2024-04-10 21:38:12.402654,2,176.55,Completed,353.1
3661,100,41,2025-11-20 03:24:37.025591,1,49.67,Completed,49.67
3661,100,53,2025-11-20 03:24:37.025591,1,170.37,Completed,170.37
3662,561,28,2025-11-03 18:31:04.466258,1,29.06,Completed,29.06
3663,90,31,2024-10-06 17:24:17.625861,2,10.99,Completed,21.98
3664,466,59,2025-02-05 00:25:25.862500,1,179.72,Completed,179.72
3665,303,9,2025-01-28 06:51:05.928188,1,169.69,Cancelled,169.69
3666,287,29,2024-12-25 14:22:35.883719,1,141.6,Completed,141.6
3667,362,49,2025-01-26 10:26:38.722074,1,169.5,Completed,169.5
3668,791,10,2024-06-16 23:36:22.690787,2,108.18,Completed,216.36
3668,791,34,2024-06-16 23:36:22.690787,1,145.12,Completed,145.12
3669,263,14,2024-03-02 00:58:56.921377,1,234.6,Completed,234.6
3670,453,36,2025-06-05 21:25:00.649559,1,33.56,Completed,33.56
3670,453,19,2025-06-05 21:25:00.649559,1,190.47,Completed,190.47
3671,583,38,2025-01-19 16:05:34.671782,2,220.99,Completed,441.98
3672,373,46,2025-07-20 21:54:05.807382,2,73.0,Completed,146.0
3672,373,44,2025-07-20 21:54:05.807382,1,220.71,Completed,220.71
3673,635,17,2025-08-15 05:50:14.552037,3,16.4,Completed,49.199999999999996
3673,635,29,2025-08-15 05:50:14.552037,1,116.59,Completed,116.59
3674,640,30,2024-06-09 02:43:53.366584,1,133.76,Completed,133.76
3675,383,42,2024-03-04 16:37:25.847312,1,131.24,Completed,131.24
3675,383,57,2024-03-04 16:37:25.847312,1,98.49,Completed,98.49
3676,699,15,2024-09-21 01:08:57.221634,1,61.48,Completed,61.48
3677,59,42,2024-05-28 09:27:35.129096,3,157.62,Completed,472.86
3677,59,2,2024-05-28 09:27:35.129096,1,72.13,Completed,72.13
3677,59,42,2024-05-28 09:27:35.129096,1,157.62,Completed,157.62
3678,9,57,2025-09-12 22:25:34.733298,1,98.49,Completed,98.49
3678,9,10,2025-09-12 22:25:34.733298,1,89.27,Completed,89.27
3679,584,33,2024-09-21 13:13:14.553746,2,35.23,Returned,70.46
3679,584,4,2024-09-21 13:13:14.553746,1,83.02,Completed,83.02
3680,474,19,2024-12-11 23:11:22.757201,1,245.83,Completed,245.83
3680,474,40,2024-12-11 23:11:22.757201,2,146.43,Completed,292.86
3681,480,25,2024-04-07 12:32:37.481885,2,207.06,Completed,414.12
3681,480,16,2024-04-07 12:32:37.481885,2,103.54,Completed,207.08
3681,480,12,2024-04-07 12:32:37.481885,1,101.68,Completed,101.68
3682,88,57,2024-03-21 09:56:18.975350,3,98.49,Completed,295.46999999999997
3683,111,12,2025-10-27 07:03:39.516936,1,101.68,Completed,101.68
3684,407,35,2024-09-20 10:14:29.590780,2,241.49,Completed,482.98
3684,407,35,2024-09-20 10:14:29.590780,3,241.49,Completed,724.47
3685,337,25,2025-09-12 00:14:46.283018,3,169.48,Completed,508.43999999999994
3685,337,22,2025-09-12 00:14:46.283018,2,59.28,Completed,118.56
3686,218,37,2025-07-22 09:53:35.860813,2,198.15,Completed,396.3
3687,488,41,2024-04-11 17:23:57.569487,2,41.77,Completed,83.54
3688,559,24,2024-12-02 02:00:16.271281,2,173.32,Completed,346.64
3689,482,46,2025-09-01 17:37:15.340280,2,57.87,Completed,115.74
3690,582,23,2025-02-06 14:17:12.426514,2,15.95,Completed,31.9
3691,390,2,2025-11-10 21:06:27.906940,3,65.76,Completed,197.28000000000003
3692,441,3,2024-11-03 09:16:06.659346,1,101.78,Completed,101.78
3693,219,55,2024-06-02 20:07:07.316865,1,211.55,Completed,211.55
3693,219,31,2024-06-02 20:07:07.316865,4,10.99,Completed,43.96
3694,701,11,2024-06-12 22:46:03.565424,1,63.06,Completed,63.06
3695,259,57,2025-06-29 07:21:31.389181,3,98.49,Completed,295.46999999999997
3696,86,21,2024-03-26 13:58:16.963025,2,191.27,Completed,382.54
3697,84,25,2025-05-22 22:04:42.642963,1,207.06,Completed,207.06
3698,730,15,2024-04-14 10:42:05.997299,1,65.03,Returned,65.03
3699,430,50,2025-06-19 03:35:17.616827,1,243.34,Completed,243.34
3699,430,47,2025-06-19 03:35:17.616827,2,89.76,Completed,179.52
3700,266,1,2025-05-23 04:04:00.484105,3,121.97,Completed,365.90999999999997
3700,266,34,2025-05-23 04:04:00.484105,4,134.82,Completed,539.28
3700,266,47,2025-05-23 04:04:00.484105,1,89.76,Completed,89.76
3701,772,44,2024-11-06 00:53:49.756019,4,220.71,Completed,882.84
3701,772,4,2024-11-06 00:53:49.756019,1,100.31,Completed,100.31
3702,430,49,2024-02-09 11:32:24.741884,3,215.69,Completed,647.0699999999999
3703,549,48,2024-03-18 09:17:32.060956,1,83.25,Completed,83.25
3704,165,60,2025-02-28 13:45:21.377325,2,196.88,Completed,393.76
3705,448,18,2024-12-14 02:00:05.405185,2,133.07,Cancelled,266.14
3705,448,57,2024-12-14 02:00:05.405185,3,98.49,Completed,295.46999999999997
3706,399,1,2025-03-09 13:34:38.374317,1,121.97,Completed,121.97
3707,575,13,2024-04-25 11:11:39.833416,1,241.68,Completed,241.68
3708,612,21,2024-04-17 05:27:16.165070,3,237.67,Completed,713.01
3709,741,58,2024-04-13 03:10:54.015469,1,199.54,Completed,199.54
3710,632,52,2024-06-27 21:12:08.953766,1,172.43,Completed,172.43
3711,752,3,2024-01-10 02:36:33.505921,1,101.78,Cancelled,101.78
3712,755,39,2025-08-29 16:18:40.444971,1,71.92,Completed,71.92
3713,15,43,2024-10-31 00:59:24.428733,3,105.22,Completed,315.65999999999997
3713,15,48,2024-10-31 00:59:24.428733,3,83.25,Completed,249.75
3714,152,26,2025-07-12 18:07:05.417557,1,152.0,Completed,152.0
3714,152,10,2025-07-12 18:07:05.417557,1,108.18,Completed,108.18
3714,152,30,2025-07-12 18:07:05.417557,1,133.76,Completed,133.76
3715,691,37,2024-12-08 22:16:41.515043,1,198.15,Completed,198.15
3716,534,48,2024-04-12 06:46:09.177894,1,83.25,Completed,83.25
3717,462,41,2025-01-20 00:55:28.780143,1,49.67,Cancelled,49.67
3717,462,4,2025-01-20 00:55:28.780143,4,100.31,Completed,401.24
3717,462,44,2025-01-20 00:55:28.780143,1,220.71,Completed,220.71
3718,655,35,2025-11-23 14:22:34.291089,1,241.49,Cancelled,241.49
3719,100,17,2024-12-09 05:37:56.821926,3,14.75,Cancelled,44.25
3719,100,19,2024-12-09 05:37:56.821926,2,245.83,Completed,491.66
3720,714,26,2025-06-11 11:12:21.629670,1,152.0,Completed,152.0
3721,171,18,2024-11-20 02:25:05.200608,1,133.07,Completed,133.07
3721,171,40,2024-11-20 02:25:05.200608,1,146.43,Completed,146.43
3722,215,41,2025-04-15 17:43:19.592813,3,49.67,Completed,149.01
3722,215,44,2025-04-15 17:43:19.592813,1,220.71,Cancelled,220.71
3723,591,40,2024-01-10 15:25:44.512945,1,146.43,Completed,146.43
3723,591,19,2024-01-10 15:25:44.512945,3,245.83,Completed,737.49
3724,373,58,2024-03-22 05:23:31.178268,1,185.44,Completed,185.44
3725,515,23,2024-02-13 19:12:50.376292,1,18.33,Returned,18.33
3726,128,40,2025-04-13 23:47:56.454665,2,146.43,Completed,292.86
3727,665,52,2025-03-17 01:07:17.224742,3,195.32,Completed,585.96
3728,424,46,2024-05-06 17:07:30.578116,1,73.0,Completed,73.0
3729,361,52,2024-04-27 01:18:38.755774,1,195.32,Completed,195.32
3730,437,27,2024-10-16 08:45:53.609326,1,183.96,Completed,183.96
3731,784,1,2024-11-05 05:50:08.922026,1,121.97,Completed,121.97
3732,181,14,2025-11-23 05:11:57.094028,1,234.6,Completed,234.6
3732,181,48,2025-11-23 05:11:57.094028,2,83.25,Completed,166.5
3733,567,18,2024-11-27 15:16:29.546213,1,133.07,Completed,133.07
3734,556,47,2025-06-03 07:50:47.551341,1,89.76,Completed,89.76
3735,292,51,2024-07-07 09:06:44.603063,1,80.72,Completed,80.72
3736,706,55,2025-02-21 14:34:52.107389,1,229.05,Returned,229.05
3736,706,36,2025-02-21 14:34:52.107389,1,33.56,Completed,33.56
3737,719,56,2024-08-11 09:42:53.881563,1,125.24,Completed,125.24
3737,719,60,2024-08-11 09:42:53.881563,3,196.88,Completed,590.64
3738,102,45,2024-06-14 22:33:22.555669,1,19.93,Completed,19.93
3739,107,6,2025-11-10 23:00:29.160846,1,54.04,Completed,54.04
3739,107,6,2025-11-10 23:00:29.160846,2,71.74,Completed,143.48
3740,107,18,2024-07-17 10:25:10.901028,1,133.07,Cancelled,133.07
3741,770,6,2024-03-08 02:43:40.512218,3,71.74,Completed,215.21999999999997
3741,770,59,2024-03-08 02:43:40.512218,1,179.72,Completed,179.72
3742,649,27,2024-10-02 14:51:21.986402,1,183.96,Completed,183.96
3742,649,49,2024-10-02 14:51:21.986402,1,215.69,Completed,215.69
3743,34,53,2025-11-25 06:47:58.560028,2,184.37,Completed,368.74
3744,431,13,2025-06-26 11:43:14.232555,1,241.68,Completed,241.68
3745,796,57,2024-10-19 07:03:01.679043,2,98.49,Completed,196.98
3746,391,17,2024-02-10 21:03:51.554762,1,15.11,Completed,15.11
3747,128,19,2024-10-13 08:56:15.343385,1,245.83,Completed,245.83
3748,476,50,2025-08-23 10:17:13.187713,1,243.34,Completed,243.34
3749,661,38,2025-12-13 11:17:56.904957,1,220.99,Cancelled,220.99
3750,759,35,2025-03-17 17:03:40.507053,2,241.49,Completed,482.98
3751,384,48,2024-02-26 08:42:21.205558,4,83.25,Completed,333.0
3752,520,56,2025-05-20 11:18:50.237791,2,125.24,Completed,250.48
3753,675,41,2024-12-14 12:19:58.625969,3,49.67,Returned,149.01
3753,675,49,2024-12-14 12:19:58.625969,1,215.69,Completed,215.69
3754,425,40,2025-04-21 11:18:11.381351,1,146.43,Completed,146.43
3755,5,54,2024-10-22 17:20:59.312085,1,29.61,Completed,29.61
3756,425,12,2024-10-04 17:50:07.689922,1,76.79,Completed,76.79
3757,384,21,2024-02-09 21:50:50.851245,1,237.67,Completed,237.67
3758,532,49,2024-09-28 04:17:49.102369,1,215.69,Completed,215.69
3759,615,34,2024-11-05 16:22:03.023084,3,145.12,Completed,435.36
3760,175,11,2024-07-16 00:59:26.498866,1,63.06,Completed,63.06
3761,441,16,2024-03-17 05:05:20.688429,1,103.54,Completed,103.54
3761,441,52,2024-03-17 05:05:20.688429,2,195.32,Completed,390.64
3762,198,42,2024-09-21 18:31:57.152235,1,157.62,Returned,157.62
3762,198,18,2024-09-21 18:31:57.152235,1,133.07,Completed,133.07
3763,53,38,2025-07-22 12:31:40.800006,1,220.99,Completed,220.99
3764,592,54,2024-09-01 21:27:48.546315,3,29.61,Completed,88.83
3765,652,48,2024-06-23 20:33:50.941207,1,83.25,Completed,83.25
3766,746,45,2024-04-28 19:33:44.158008,1,19.93,Completed,19.93
3767,326,45,2024-03-18 17:15:31.652008,1,19.93,Returned,19.93
3767,326,38,2024-03-18 17:15:31.652008,1,220.99,Completed,220.99
3767,326,5,2024-03-18 17:15:31.652008,1,17.11,Completed,17.11
3768,517,10,2024-06-03 16:39:44.163166,1,93.62,Completed,93.62
3769,402,18,2024-01-09 00:19:02.169310,1,133.07,Returned,133.07
3769,402,33,2024-01-09 00:19:02.169310,2,35.23,Completed,70.46
3769,402,9,2024-01-09 00:19:02.169310,4,169.69,Completed,678.76
3770,567,58,2025-10-26 01:42:59.393500,1,199.54,Returned,199.54
3771,331,50,2024-05-17 01:16:17.550217,2,243.34,Completed,486.68
3772,96,11,2024-05-27 06:14:17.215563,4,47.44,Completed,189.76
3773,789,19,2025-11-09 07:37:02.782420,1,245.83,Completed,245.83
3774,29,45,2024-06-24 10:40:18.805249,3,19.93,Completed,59.79
3774,29,47,2024-06-24 10:40:18.805249,2,89.76,Completed,179.52
3775,81,5,2024-03-03 01:53:22.178813,1,18.8,Completed,18.8
3775,81,23,2024-03-03 01:53:22.178813,2,16.44,Completed,32.88
3776,465,6,2025-02-20 04:33:03.675722,1,71.74,Completed,71.74
3777,797,60,2024-02-02 18:12:06.874049,3,196.88,Completed,590.64
3778,246,25,2025-12-21 03:22:27.887834,1,207.06,Completed,207.06
3778,246,2,2025-12-21 03:22:27.887834,1,72.13,Completed,72.13
3779,199,27,2024-12-19 04:17:54.500236,1,183.96,Completed,183.96
3780,252,23,2024-02-05 01:49:00.278921,2,18.33,Completed,36.66
3781,388,16,2024-03-09 01:03:20.103153,2,103.54,Completed,207.08
3782,676,46,2024-08-13 06:45:25.659206,1,55.96,Completed,55.96
3783,148,46,2025-12-16 19:05:21.484650,1,73.0,Completed,73.0
3783,148,55,2025-12-16 19:05:21.484650,1,229.05,Completed,229.05
3784,594,7,2025-07-02 17:25:25.010589,1,144.55,Completed,144.55
3784,594,1,2025-07-02 17:25:25.010589,1,114.1,Completed,114.1
3785,126,52,2025-11-30 21:06:27.652141,1,157.52,Completed,157.52
3785,126,13,2025-11-30 21:06:27.652141,1,241.68,Returned,241.68
3785,126,12,2025-11-30 21:06:27.652141,2,86.31,Completed,172.62
3786,371,2,2024-12-31 03:47:08.798989,1,72.13,Completed,72.13
3787,213,13,2024-08-17 13:33:25.893774,2,241.68,Completed,483.36
3788,503,36,2024-10-12 04:02:08.532584,2,33.56,Completed,67.12
3789,424,44,2024-09-16 18:16:09.729867,1,207.87,Completed,207.87
3790,79,11,2024-04-04 13:08:09.281019,1,63.06,Completed,63.06
3790,79,53,2024-04-04 13:08:09.281019,2,184.37,Completed,368.74
3790,79,40,2024-04-04 13:08:09.281019,1,146.43,Returned,146.43
3791,649,10,2025-05-07 12:30:21.737751,2,108.18,Cancelled,216.36
3792,165,58,2024-08-29 20:41:40.738898,1,199.54,Completed,199.54
3793,11,46,2025-10-16 10:52:33.161526,2,73.0,Completed,146.0
3794,676,51,2025-01-02 14:41:37.024841,1,80.72,Completed,80.72
3794,676,36,2025-01-02 14:41:37.024841,1,33.56,Completed,33.56
3794,676,43,2025-01-02 14:41:37.024841,3,99.45,Completed,298.35
3795,356,17,2025-01-01 14:08:35.175193,1,16.4,Completed,16.4
3795,356,43,2025-01-01 14:08:35.175193,1,105.22,Completed,105.22
3796,560,59,2025-07-19 19:03:16.014742,1,153.54,Completed,153.54
3797,261,39,2024-01-18 06:57:59.915553,2,71.92,Completed,143.84
3798,198,39,2025-08-04 03:08:02.704244,2,71.92,Completed,143.84
3799,549,53,2024-12-14 04:13:01.760529,1,157.15,Completed,157.15
3799,549,25,2024-12-14 04:13:01.760529,3,207.06,Completed,621.1800000000001
3800,374,6,2025-09-26 05:35:32.622229,1,56.92,Completed,56.92
3801,336,15,2024-01-28 07:23:35.477949,2,49.86,Completed,99.72
3802,709,38,2024-04-27 16:37:37.239361,1,220.99,Completed,220.99
3803,275,18,2025-05-13 03:11:31.770502,3,133.07,Completed,399.21
3803,275,60,2025-05-13 03:11:31.770502,3,196.88,Completed,590.64
3804,95,29,2024-02-27 11:45:00.358900,1,141.6,Completed,141.6
3804,95,43,2024-02-27 11:45:00.358900,1,105.22,Completed,105.22
3805,302,1,2025-04-01 22:41:30.040177,2,121.97,Completed,243.94
3806,508,38,2025-11-26 13:22:35.486605,2,220.99,Completed,441.98
3806,508,33,2025-11-26 13:22:35.486605,1,35.23,Cancelled,35.23
3807,198,48,2024-06-18 01:06:28.026561,1,83.25,Completed,83.25
3808,203,24,2024-06-06 10:08:19.998173,2,173.32,Completed,346.64
3809,735,45,2025-05-12 11:10:28.546445,1,19.93,Completed,19.93
3810,403,10,2024-04-12 19:54:47.616147,1,98.3,Completed,98.3
3810,403,43,2024-04-12 19:54:47.616147,4,105.22,Completed,420.88
3811,170,48,2025-06-08 13:04:31.645266,1,83.25,Completed,83.25
3811,170,19,2025-06-08 13:04:31.645266,1,245.83,Completed,245.83
3812,500,18,2025-12-26 04:39:33.653361,1,133.07,Completed,133.07
3813,457,24,2025-01-01 04:22:51.375425,2,173.32,Completed,346.64
3814,766,48,2025-12-25 08:43:33.008430,1,83.25,Completed,83.25
3815,327,32,2025-03-20 09:06:21.568169,3,150.19,Completed,450.57
3816,622,2,2025-01-16 23:59:23.161296,2,72.13,Completed,144.26
3817,205,43,2025-07-15 02:30:23.308117,1,105.22,Completed,105.22
3818,383,31,2024-11-22 15:51:11.652014,3,10.99,Completed,32.97
3819,66,13,2024-04-05 18:34:53.405011,4,241.68,Completed,966.72
3820,35,14,2024-07-31 07:32:40.737511,2,234.6,Completed,469.2
3820,35,51,2024-07-31 07:32:40.737511,1,80.72,Completed,80.72
3821,420,59,2025-03-31 03:12:28.232575,1,179.72,Completed,179.72
3822,661,4,2025-11-17 07:16:21.803872,1,100.31,Completed,100.31
3823,544,48,2024-01-30 05:01:33.798907,3,83.25,Completed,249.75
3824,31,60,2025-06-04 07:35:55.187869,1,179.52,Completed,179.52
3825,440,50,2025-05-13 11:56:35.844180,1,243.34,Completed,243.34
3826,367,38,2024-06-23 13:13:05.518881,1,220.99,Completed,220.99
3827,221,47,2025-12-28 19:36:23.055228,3,89.76,Completed,269.28000000000003
3827,221,21,2025-12-28 19:36:23.055228,1,237.67,Completed,237.67
3828,799,44,2025-03-19 00:29:08.944526,4,220.71,Cancelled,882.84
3829,10,24,2025-11-30 08:26:03.180633,2,173.32,Completed,346.64
3830,12,49,2025-02-17 20:06:11.134656,1,215.69,Completed,215.69
3831,219,4,2025-12-26 21:58:02.407145,3,100.31,Returned,300.93
3832,330,25,2024-03-12 02:33:13.953399,1,207.06,Completed,207.06
3832,330,38,2024-03-12 02:33:13.953399,4,220.99,Completed,883.96
3833,395,17,2024-01-11 21:46:46.246450,1,16.4,Completed,16.4
3834,218,13,2025-07-13 09:52:45.656012,1,241.68,Completed,241.68
3835,106,7,2024-08-13 23:10:52.566482,1,144.55,Completed,144.55
3835,106,50,2024-08-13 23:10:52.566482,2,243.34,Completed,486.68
3836,688,48,2025-09-25 07:11:24.018658,4,77.3,Returned,309.2
3837,432,18,2025-08-05 02:09:02.538221,2,133.07,Completed,266.14
3837,432,51,2025-08-05 02:09:02.538221,1,80.72,Completed,80.72
3838,328,14,2025-10-15 10:45:44.914534,1,234.6,Completed,234.6
3839,51,22,2024-12-30 04:56:34.102931,1,59.28,Returned,59.28
3840,511,10,2024-11-28 00:14:01.189895,1,87.07,Completed,87.07
3841,123,22,2024-05-03 21:27:10.939203,1,46.49,Cancelled,46.49
3842,335,27,2024-08-03 19:03:19.064889,1,183.96,Completed,183.96
3842,335,50,2024-08-03 19:03:19.064889,2,243.34,Completed,486.68
3843,22,4,2024-02-19 18:11:43.562620,1,100.31,Returned,100.31
3844,660,45,2025-02-24 20:29:01.160421,2,19.93,Completed,39.86
3845,590,20,2024-09-14 23:00:56.562298,3,237.72,Completed,713.16
3846,473,2,2024-02-21 22:15:58.627171,1,72.13,Completed,72.13
3846,473,37,2024-02-21 22:15:58.627171,2,198.15,Completed,396.3
3847,413,27,2025-06-02 18:40:34.171318,1,157.6,Completed,157.6
3848,541,8,2024-12-02 08:11:05.769960,1,155.18,Completed,155.18
3849,72,40,2025-12-20 21:13:50.811977,1,146.43,Completed,146.43
3849,72,57,2025-12-20 21:13:50.811977,1,98.49,Completed,98.49
3850,426,37,2025-12-15 07:02:07.759559,1,198.15,Completed,198.15
3851,282,35,2025-07-11 02:19:27.831634,2,241.49,Completed,482.98
3852,355,58,2024-11-18 16:38:06.711961,1,199.54,Completed,199.54
3852,355,47,2024-11-18 16:38:06.711961,1,89.76,Completed,89.76
3853,321,40,2025-11-05 15:17:48.219047,1,146.43,Completed,146.43
3854,49,26,2025-11-17 01:48:44.309811,3,152.0,Completed,456.0
3854,49,47,2025-11-17 01:48:44.309811,1,89.76,Completed,89.76
3855,466,34,2025-12-10 07:50:41.667408,4,145.12,Completed,580.48
3856,657,15,2024-12-22 10:17:51.358546,1,65.03,Completed,65.03
3857,125,30,2024-09-22 08:01:52.951730,1,133.76,Completed,133.76
3857,125,52,2024-09-22 08:01:52.951730,1,195.32,Completed,195.32
3857,125,34,2024-09-22 08:01:52.951730,2,115.34,Completed,230.68
3858,11,4,2024-07-28 05:40:16.282380,1,95.16,Completed,95.16
3858,11,24,2024-07-28 05:40:16.282380,1,173.32,Completed,173.32
3859,742,19,2024-10-25 14:15:43.906009,1,245.83,Completed,245.83
3860,175,15,2025-03-28 08:51:17.931948,1,58.19,Completed,58.19
3861,378,53,2025-05-11 19:50:43.359763,1,184.37,Completed,184.37
3862,551,58,2024-11-17 19:18:03.300264,1,199.54,Completed,199.54
3863,705,51,2025-01-09 02:38:11.379445,1,80.72,Completed,80.72
3863,705,28,2025-01-09 02:38:11.379445,1,29.06,Cancelled,29.06
3864,45,37,2025-03-31 23:33:03.900614,1,186.15,Cancelled,186.15
3865,77,16,2024-08-16 23:04:03.321068,3,103.54,Completed,310.62
3866,705,59,2024-03-01 22:45:15.852932,1,179.72,Completed,179.72
3867,389,26,2024-10-28 15:09:46.818841,1,152.0,Returned,152.0
3868,175,45,2024-11-24 13:36:59.838150,4,19.93,Completed,79.72
3868,175,38,2024-11-24 13:36:59.838150,1,220.99,Completed,220.99
3869,123,28,2025-10-02 12:11:56.655226,2,26.8,Completed,53.6
3870,772,40,2025-12-24 14:40:03.366307,1,146.43,Returned,146.43
3870,772,47,2025-12-24 14:40:03.366307,4,89.76,Returned,359.04
3871,424,47,2024-02-01 03:40:33.820827,1,89.76,Completed,89.76
3872,685,42,2025-12-14 12:36:08.232551,3,134.85,Completed,404.54999999999995
3873,592,17,2024-02-11 15:40:04.758929,2,16.4,Completed,32.8
3874,502,40,2025-07-31 03:08:52.736095,1,146.43,Completed,146.43
3874,502,5,2025-07-31 03:08:52.736095,4,18.8,Completed,75.2
3875,749,43,2025-05-25 19:32:15.315622,3,105.22,Completed,315.65999999999997
3875,749,45,2025-05-25 19:32:15.315622,1,18.0,Completed,18.0
3876,729,58,2025-02-13 09:13:23.044237,1,171.94,Completed,171.94
3876,729,59,2025-02-13 09:13:23.044237,4,179.72,Completed,718.88
3877,676,45,2024-04-22 19:55:49.209209,2,19.93,Completed,39.86
3878,211,21,2024-03-17 20:49:15.910752,1,237.67,Completed,237.67
3879,77,10,2024-10-01 08:23:45.534540,3,108.18,Completed,324.54
3880,62,14,2025-02-20 04:44:34.384780,3,234.6,Completed,703.8
3880,62,44,2025-02-20 04:44:34.384780,1,220.71,Completed,220.71
3881,480,26,2025-09-15 07:05:14.714489,1,152.0,Completed,152.0
3882,193,21,2024-06-11 19:51:30.970847,1,237.67,Completed,237.67
3883,349,5,2025-09-30 03:15:49.197805,1,18.8,Completed,18.8
3884,605,3,2025-05-03 11:31:04.233278,1,101.78,Returned,101.78
3884,605,49,2025-05-03 11:31:04.233278,3,215.69,Completed,647.0699999999999
3885,321,47,2024-09-11 17:23:35.136110,4,89.76,Completed,359.04
3886,320,32,2024-12-07 23:55:19.161782,3,150.19,Completed,450.57
3887,672,57,2025-01-25 15:13:40.921457,2,98.49,Completed,196.98
3888,517,32,2025-08-20 08:26:10.817906,1,116.55,Completed,116.55
3889,373,28,2024-03-20 15:45:56.774844,1,29.06,Completed,29.06
3890,464,41,2024-05-11 14:23:21.330742,1,49.67,Returned,49.67
3891,526,27,2024-03-20 02:15:45.978907,1,183.96,Completed,183.96
3892,410,19,2025-12-01 11:17:00.598609,1,245.83,Completed,245.83
3893,285,41,2024-10-16 18:28:27.393063,2,49.67,Completed,99.34
3894,703,48,2024-11-12 04:09:51.186513,2,83.25,Completed,166.5
3895,592,8,2024-10-20 02:38:19.130752,3,176.55,Completed,529.6500000000001
3896,151,45,2024-02-17 01:32:28.358957,1,19.93,Completed,19.93
3896,151,27,2024-02-17 01:32:28.358957,1,142.02,Completed,142.02
3897,17,52,2024-09-06 23:15:37.723489,1,195.32,Completed,195.32
3898,192,44,2025-03-17 04:33:08.087007,3,220.71,Completed,662.13
3899,488,17,2024-06-04 05:22:06.519302,2,16.4,Completed,32.8
3899,488,25,2024-06-04 05:22:06.519302,2,207.06,Completed,414.12
3900,272,57,2025-06-25 03:18:32.471063,1,84.71,Completed,84.71
3901,363,29,2024-03-24 10:59:56.871824,1,141.6,Completed,141.6
3902,155,20,2024-11-27 20:13:04.348691,1,237.72,Completed,237.72
3903,442,33,2025-02-01 21:49:22.816803,1,35.23,Returned,35.23
3904,55,29,2025-11-23 10:18:36.269137,1,141.6,Completed,141.6
3904,55,34,2025-11-23 10:18:36.269137,1,145.12,Completed,145.12
3904,55,3,2025-11-23 10:18:36.269137,1,84.12,Completed,84.12
3905,433,21,2024-04-16 05:24:06.399037,1,237.67,Completed,237.67
3905,433,29,2024-04-16 05:24:06.399037,3,141.6,Completed,424.79999999999995
3906,181,50,2024-06-04 19:59:48.732836,2,243.34,Completed,486.68
3907,543,15,2025-02-18 18:58:44.863514,1,65.03,Completed,65.03
3908,532,25,2025-12-22 02:26:39.173862,1,207.06,Completed,207.06
3908,532,25,2025-12-22 02:26:39.173862,1,207.06,Completed,207.06
3909,662,4,2025-07-19 04:04:50.783391,1,100.31,Cancelled,100.31
3910,114,15,2024-02-15 13:15:09.110680,1,65.03,Returned,65.03
3911,55,13,2025-08-13 05:30:30.071569,1,241.68,Completed,241.68
3911,55,36,2025-08-13 05:30:30.071569,3,33.56,Completed,100.68
3912,245,57,2025-07-30 09:04:33.390900,1,75.86,Completed,75.86
3912,245,4,2025-07-30 09:04:33.390900,1,100.31,Completed,100.31
3913,636,59,2025-12-15 08:23:08.275502,1,179.72,Completed,179.72
3914,415,52,2024-06-04 19:07:58.657243,1,195.32,Completed,195.32
3915,104,2,2024-06-03 09:21:19.409616,1,72.13,Completed,72.13
3916,709,50,2024-01-17 17:57:24.269720,4,243.34,Completed,973.36
3916,709,4,2024-01-17 17:57:24.269720,1,100.31,Completed,100.31
3917,209,51,2025-07-07 18:57:33.135375,1,80.72,Completed,80.72
3917,209,57,2025-07-07 18:57:33.135375,2,98.49,Completed,196.98
3918,611,6,2024-11-04 17:33:52.206123,1,71.74,Completed,71.74
3919,4,45,2024-07-03 00:17:20.307889,1,16.95,Completed,16.95
3920,718,41,2024-05-08 13:22:13.607854,1,49.67,Completed,49.67
3921,757,32,2024-04-13 11:14:52.433956,2,150.19,Completed,300.38
3922,705,1,2024-07-18 22:49:16.186817,1,121.97,Completed,121.97
3923,323,10,2024-02-29 15:32:37.078605,1,108.18,Completed,108.18
3924,171,21,2025-09-29 20:33:12.922439,1,237.67,Completed,237.67
3924,171,24,2025-09-29 20:33:12.922439,1,173.32,Completed,173.32
3925,146,23,2024-11-25 12:53:41.026209,3,18.33,Completed,54.989999999999995
3926,683,42,2024-11-02 09:31:37.193226,1,157.62,Completed,157.62
3927,343,35,2024-06-05 07:07:04.458616,1,228.18,Completed,228.18
3928,79,39,2025-10-13 22:38:44.814789,1,71.92,Returned,71.92
3929,779,47,2024-05-14 09:03:05.894015,1,89.76,Completed,89.76
3930,609,5,2024-02-09 05:33:53.259583,1,18.8,Completed,18.8
3931,486,42,2025-10-15 07:38:21.919111,1,157.62,Completed,157.62
3931,486,38,2025-10-15 07:38:21.919111,3,220.99,Completed,662.97
3932,254,13,2024-11-08 19:55:15.005856,2,241.68,Completed,483.36
3932,254,33,2024-11-08 19:55:15.005856,1,26.55,Completed,26.55
3933,697,33,2025-12-04 06:10:05.784729,1,35.23,Returned,35.23
3933,697,48,2025-12-04 06:10:05.784729,3,83.25,Returned,249.75
3934,538,2,2024-08-04 17:46:31.047548,1,72.13,Returned,72.13
3935,774,23,2024-05-24 23:33:54.052330,2,14.09,Completed,28.18
3935,774,55,2024-05-24 23:33:54.052330,1,229.05,Completed,229.05
3936,754,37,2025-11-18 14:49:03.395197,1,198.15,Completed,198.15
3937,503,60,2024-12-17 14:04:28.084290,1,196.88,Completed,196.88
3937,503,3,2024-12-17 14:04:28.084290,4,101.78,Completed,407.12
3938,264,10,2025-01-25 22:04:12.777072,1,108.18,Completed,108.18
3938,264,21,2025-01-25 22:04:12.777072,1,237.67,Completed,237.67
3939,470,17,2025-07-26 05:10:53.395538,2,13.46,Completed,26.92
3940,728,36,2025-12-05 21:08:02.008785,1,33.56,Completed,33.56
3941,531,25,2024-11-14 20:27:19.624667,1,207.06,Returned,207.06
3942,611,55,2025-10-28 04:42:49.568994,1,229.05,Cancelled,229.05
3942,611,44,2025-10-28 04:42:49.568994,1,220.71,Completed,220.71
3942,611,35,2025-10-28 04:42:49.568994,3,241.49,Completed,724.47
3943,656,16,2025-02-20 07:57:05.557754,1,97.92,Completed,97.92
3944,226,41,2025-08-23 19:14:06.064800,1,49.67,Completed,49.67
3945,146,43,2025-02-13 11:06:57.292270,2,105.22,Completed,210.44
3946,32,44,2025-10-14 11:00:47.360025,1,220.71,Completed,220.71
3946,32,14,2025-10-14 11:00:47.360025,1,234.6,Completed,234.6
3947,442,35,2024-05-24 22:46:14.913111,1,241.49,Cancelled,241.49
3948,763,38,2025-06-11 14:07:08.117217,1,206.43,Completed,206.43
3948,763,44,2025-06-11 14:07:08.117217,1,220.71,Completed,220.71
3949,111,41,2025-02-26 07:08:00.935132,1,49.67,Completed,49.67
3950,642,58,2024-04-15 13:41:38.533696,2,199.54,Completed,399.08
3951,461,24,2025-04-29 18:22:57.719052,1,173.32,Completed,173.32
3951,461,25,2025-04-29 18:22:57.719052,1,207.06,Completed,207.06
3952,180,10,2025-08-24 03:47:13.038070,1,108.18,Completed,108.18
3952,180,43,2025-08-24 03:47:13.038070,1,105.22,Completed,105.22
3952,180,25,2025-08-24 03:47:13.038070,1,207.06,Completed,207.06
3953,401,30,2025-06-20 01:55:38.699372,1,133.76,Completed,133.76
3954,283,34,2025-08-25 10:06:57.676896,2,145.12,Completed,290.24
3954,283,54,2025-08-25 10:06:57.676896,1,25.29,Completed,25.29
3955,352,18,2025-06-19 04:22:42.197221,1,133.07,Completed,133.07
3956,126,42,2024-01-11 08:33:08.480675,4,157.62,Cancelled,630.48
3956,126,38,2024-01-11 08:33:08.480675,1,220.99,Completed,220.99
3956,126,59,2024-01-11 08:33:08.480675,2,179.72,Completed,359.44
3957,356,48,2025-10-16 10:41:58.162636,1,83.25,Completed,83.25
3958,9,7,2025-11-12 16:30:57.157873,1,144.55,Completed,144.55
3959,702,17,2024-12-30 14:17:17.193665,4,14.53,Completed,58.12
3960,536,10,2024-08-18 23:27:55.146990,1,108.18,Completed,108.18
3961,639,59,2025-08-01 04:08:04.801393,1,179.72,Completed,179.72
3961,639,12,2025-08-01 04:08:04.801393,1,101.68,Returned,101.68
3962,499,10,2025-05-06 23:31:18.640220,1,108.18,Completed,108.18
3963,302,42,2024-07-10 20:18:11.525241,2,119.51,Completed,239.02
3964,290,47,2025-06-11 06:27:04.996816,1,89.76,Completed,89.76
3965,127,21,2025-12-22 09:56:25.372365,2,192.79,Completed,385.58
3965,127,40,2025-12-22 09:56:25.372365,1,146.43,Completed,146.43
3966,677,58,2025-11-19 15:01:55.249414,1,199.54,Completed,199.54
3967,52,5,2025-09-17 19:19:08.498580,1,18.8,Returned,18.8
3967,52,17,2025-09-17 19:19:08.498580,1,16.4,Completed,16.4
3967,52,26,2025-09-17 19:19:08.498580,3,152.0,Completed,456.0
3968,515,20,2025-04-08 00:48:51.433875,1,237.72,Completed,237.72
3968,515,41,2025-04-08 00:48:51.433875,1,49.67,Completed,49.67
3969,159,39,2025-04-11 09:48:54.889221,2,71.92,Completed,143.84
3970,731,39,2025-02-26 05:09:55.191924,2,71.92,Completed,143.84
3970,731,35,2025-02-26 05:09:55.191924,1,241.49,Completed,241.49
3971,202,36,2024-01-27 15:14:03.203856,2,33.56,Completed,67.12
3971,202,1,2024-01-27 15:14:03.203856,1,121.97,Completed,121.97
3972,298,7,2025-06-28 08:47:46.060513,2,144.55,Completed,289.1
3973,485,10,2024-05-16 23:44:58.655931,1,108.18,Completed,108.18
3973,485,53,2024-05-16 23:44:58.655931,1,184.37,Completed,184.37
3973,485,47,2024-05-16 23:44:58.655931,1,89.76,Completed,89.76
3974,396,53,2025-05-23 09:44:07.634253,2,184.37,Completed,368.74
3975,101,57,2025-07-19 07:12:52.594591,4,98.49,Completed,393.96
3976,310,23,2025-03-14 16:31:39.574510,1,18.33,Completed,18.33
3977,178,42,2024-06-06 18:43:30.848588,1,157.62,Completed,157.62
3978,696,46,2024-06-02 03:02:56.951917,3,73.0,Completed,219.0
3979,593,60,2024-05-19 13:06:20.591323,3,177.89,Completed,533.67
3980,257,51,2025-05-11 03:05:12.503372,1,69.49,Completed,69.49
3981,309,35,2025-11-28 05:25:48.214704,1,241.49,Completed,241.49
3981,309,4,2025-11-28 05:25:48.214704,1,100.31,Completed,100.31
3982,644,50,2024-09-27 06:53:32.613954,1,243.34,Completed,243.34
3983,188,44,2024-09-22 13:40:43.775109,2,220.71,Completed,441.42
3984,448,24,2024-08-08 10:04:01.682841,1,148.24,Completed,148.24
3984,448,27,2024-08-08 10:04:01.682841,1,183.96,Completed,183.96
3985,516,8,2024-08-12 02:02:03.090127,1,176.55,Completed,176.55
3986,730,6,2025-08-20 21:46:57.346514,1,71.74,Returned,71.74
3987,363,25,2024-04-01 01:32:18.829745,2,207.06,Completed,414.12
3987,363,54,2024-04-01 01:32:18.829745,4,29.61,Returned,118.44
3988,421,55,2024-12-30 08:46:09.217111,1,229.05,Completed,229.05
3989,573,43,2025-12-30 07:19:26.138785,2,95.05,Completed,190.1
3990,91,2,2024-10-29 06:13:16.623533,2,72.13,Completed,144.26
3991,630,24,2024-09-13 18:17:30.125458,1,173.32,Completed,173.32
3992,249,49,2025-08-27 13:48:58.586140,1,215.69,Completed,215.69
3993,383,15,2024-11-06 20:52:40.473864,2,55.84,Completed,111.68
3993,383,22,2024-11-06 20:52:40.473864,1,59.28,Completed,59.28
3994,301,26,2025-12-12 01:42:33.120846,1,139.69,Completed,139.69
3995,129,40,2024-09-02 03:40:56.188982,3,146.43,Completed,439.29
3996,7,52,2025-11-07 05:37:55.228007,1,195.32,Completed,195.32
3997,782,48,2024-11-30 22:35:19.882856,4,83.25,Completed,333.0
3998,472,60,2024-09-29 09:05:18.392243,3,196.88,Completed,590.64
3998,472,49,2024-09-29 09:05:18.392243,1,173.42,Completed,173.42
3999,666,30,2025-02-07 12:14:33.301251,1,116.22,Completed,116.22
4000,298,15,2024-04-28 17:45:11.025521,1,65.03,Cancelled,65.03
4001,708,52,2024-11-14 04:33:01.397071,1,195.32,Completed,195.32
4002,63,28,2024-07-27 01:41:21.912965,1,25.19,Completed,25.19
4003,524,46,2025-04-26 12:17:24.722970,1,73.0,Completed,73.0
4004,55,47,2025-05-11 14:32:15.964847,1,89.76,Completed,89.76
4005,529,15,2025-04-07 21:33:31.475726,1,58.4,Completed,58.4
4005,529,49,2025-04-07 21:33:31.475726,1,215.69,Cancelled,215.69
4006,229,9,2025-05-27 12:39:45.878268,1,169.69,Completed,169.69
4006,229,60,2025-05-27 12:39:45.878268,1,196.88,Completed,196.88
4007,159,19,2025-11-15 16:02:05.526104,1,245.83,Completed,245.83
4008,319,49,2025-10-23 07:03:57.897096,1,215.69,Completed,215.69
4009,7,42,2024-03-13 10:25:23.398557,2,157.62,Completed,315.24
4009,7,40,2024-03-13 10:25:23.398557,2,146.43,Completed,292.86
4010,206,47,2024-03-04 23:06:20.143048,2,67.32,Completed,134.64
4010,206,54,2024-03-04 23:06:20.143048,1,29.61,Completed,29.61
4011,124,31,2025-09-03 04:20:55.187849,3,10.99,Completed,32.97
4011,124,25,2025-09-03 04:20:55.187849,1,207.06,Completed,207.06
4012,107,32,2024-03-06 10:27:24.151785,1,150.19,Completed,150.19
4013,518,19,2024-01-12 23:47:31.788485,1,245.83,Completed,245.83
4014,57,29,2025-11-11 17:20:35.137661,2,141.6,Completed,283.2
4015,308,11,2024-03-16 16:23:28.653501,1,63.06,Completed,63.06
4015,308,50,2024-03-16 16:23:28.653501,1,243.34,Completed,243.34
4016,241,27,2025-07-01 11:00:47.735227,1,183.96,Completed,183.96
4016,241,44,2025-07-01 11:00:47.735227,2,220.71,Returned,441.42
4017,628,22,2025-03-31 09:25:33.988945,1,59.28,Completed,59.28
4018,674,20,2025-02-01 15:44:06.520689,1,237.72,Completed,237.72
4018,674,50,2025-02-01 15:44:06.520689,1,243.34,Completed,243.34
4019,652,26,2025-04-07 11:21:38.345501,1,118.31,Completed,118.31
4019,652,58,2025-04-07 11:21:38.345501,1,199.54,Completed,199.54
4020,247,19,2025-01-02 10:53:37.791417,1,245.83,Completed,245.83
4020,247,47,2025-01-02 10:53:37.791417,2,89.76,Completed,179.52
4020,247,41,2025-01-02 10:53:37.791417,1,49.67,Completed,49.67
4021,488,18,2025-08-11 06:51:13.320895,1,133.07,Completed,133.07
4022,297,37,2025-05-02 10:16:53.638306,1,198.15,Completed,198.15
4023,603,9,2025-09-13 17:52:33.922721,1,169.69,Completed,169.69
4023,603,57,2025-09-13 17:52:33.922721,1,98.49,Returned,98.49
4024,401,36,2024-06-03 15:58:55.688375,1,33.56,Completed,33.56
4024,401,45,2024-06-03 15:58:55.688375,3,19.93,Completed,59.79
4025,476,23,2025-07-21 02:56:31.302603,4,18.33,Completed,73.32
4025,476,58,2025-07-21 02:56:31.302603,2,199.54,Completed,399.08
4026,29,52,2025-02-06 15:49:12.804543,1,195.32,Completed,195.32
4027,124,15,2024-03-24 14:03:33.708174,1,65.03,Completed,65.03
4027,124,17,2024-03-24 14:03:33.708174,1,13.29,Completed,13.29
4028,661,23,2025-09-17 03:07:22.491610,1,18.33,Completed,18.33
4029,673,16,2025-11-24 21:39:43.948343,1,103.54,Completed,103.54
4030,44,23,2024-09-12 22:45:06.228106,1,18.33,Completed,18.33
4031,364,25,2025-08-02 10:31:16.745022,3,207.06,Completed,621.1800000000001
4032,480,1,2024-12-04 16:21:13.248123,1,121.97,Completed,121.97
4033,470,17,2025-10-24 20:02:50.360766,1,16.4,Completed,16.4
4034,163,5,2025-04-15 17:56:13.090138,1,18.8,Completed,18.8
4035,516,44,2025-07-26 18:48:29.402231,1,220.71,Returned,220.71
4036,724,50,2024-10-15 22:33:57.196252,1,243.34,Completed,243.34
4037,526,46,2025-11-16 22:05:11.414867,1,64.33,Completed,64.33
4037,526,53,2025-11-16 22:05:11.414867,4,184.37,Completed,737.48
4038,737,29,2025-07-25 00:04:29.520468,1,141.6,Completed,141.6
4039,471,20,2025-01-05 12:27:55.663754,1,237.72,Completed,237.72
4040,144,21,2024-07-14 08:30:43.732955,1,237.67,Returned,237.67
4041,781,3,2025-04-25 20:06:21.118137,1,101.78,Completed,101.78
4042,404,52,2024-08-12 09:35:23.802341,4,179.28,Completed,717.12
4043,496,4,2025-10-20 22:49:55.501189,1,100.31,Returned,100.31
4043,496,34,2025-10-20 22:49:55.501189,3,145.12,Completed,435.36
4044,675,21,2025-10-25 19:35:48.042203,1,237.67,Completed,237.67
4045,726,4,2025-05-06 12:13:48.811813,1,100.31,Completed,100.31
4046,795,30,2024-01-04 00:50:25.456540,3,133.76,Completed,401.28
4047,266,13,2025-10-25 14:42:52.451279,1,196.92,Completed,196.92
4048,595,10,2024-01-24 20:27:33.047993,1,108.18,Completed,108.18
4049,633,10,2024-01-20 03:50:39.245773,1,108.18,Completed,108.18
4050,70,29,2025-07-31 01:44:14.808844,3,130.33,Completed,390.99
4050,70,21,2025-07-31 01:44:14.808844,3,237.67,Completed,713.01
4051,99,3,2025-09-05 18:17:01.777565,1,101.78,Completed,101.78
4052,512,46,2025-01-13 20:14:09.864122,1,73.0,Completed,73.0
4052,512,56,2025-01-13 20:14:09.864122,2,125.24,Cancelled,250.48
4053,779,45,2025-06-25 02:37:11.805585,2,19.93,Completed,39.86
4054,791,45,2024-08-19 18:05:28.566709,1,19.93,Completed,19.93
4055,751,1,2024-05-04 09:35:46.949650,3,121.97,Completed,365.90999999999997
4056,108,49,2025-02-21 16:43:26.594388,1,215.69,Completed,215.69
4057,179,23,2024-11-09 21:56:41.631462,3,18.33,Completed,54.989999999999995
4058,394,41,2025-02-09 16:33:26.877267,1,49.67,Completed,49.67
4059,431,46,2024-10-12 16:40:08.841690,4,73.0,Completed,292.0
4060,64,46,2025-03-25 21:00:50.054164,1,73.0,Completed,73.0
4061,118,35,2024-10-14 02:55:36.677568,2,217.34,Completed,434.68
4062,453,52,2024-02-07 15:41:56.443545,1,195.32,Completed,195.32
4063,622,48,2025-11-11 07:35:42.774617,3,83.25,Completed,249.75
4064,31,55,2024-11-09 05:52:29.355460,1,229.05,Completed,229.05
4064,31,43,2024-11-09 05:52:29.355460,1,105.22,Completed,105.22
4065,716,15,2025-11-16 18:08:34.223551,1,65.03,Completed,65.03
4066,137,20,2024-10-12 00:00:46.563236,1,237.72,Completed,237.72
4067,588,28,2025-06-15 12:32:04.614667,1,29.06,Completed,29.06
4068,201,7,2024-10-21 06:38:42.794753,1,144.55,Completed,144.55
4069,449,33,2024-08-20 05:32:56.615275,2,35.23,Completed,70.46
4070,231,58,2024-04-25 15:55:58.230381,1,199.54,Completed,199.54
4071,166,27,2024-06-17 14:35:08.572928,2,183.96,Completed,367.92
4072,542,25,2025-06-02 07:38:08.096073,1,207.06,Completed,207.06
4072,542,59,2025-06-02 07:38:08.096073,1,179.72,Completed,179.72
4073,597,18,2024-04-02 05:18:23.582309,1,125.35,Completed,125.35
4074,99,31,2024-03-27 09:53:24.710810,1,10.99,Completed,10.99
4075,144,4,2025-02-25 03:52:45.316824,1,100.31,Completed,100.31
4076,369,1,2024-10-13 04:03:12.073682,1,121.97,Completed,121.97
4077,582,54,2025-07-10 09:15:04.133140,1,29.61,Completed,29.61
4078,74,57,2025-10-31 03:58:37.729119,2,98.49,Completed,196.98
4079,699,10,2025-09-03 06:09:34.640936,1,108.18,Returned,108.18
4080,746,60,2024-04-26 02:36:41.463100,1,196.88,Cancelled,196.88
4081,509,1,2024-08-23 08:31:44.949526,4,121.97,Completed,487.88
4082,213,28,2024-03-09 01:49:03.114192,3,29.06,Completed,87.17999999999999
4083,486,30,2024-01-19 17:13:00.596627,1,133.76,Completed,133.76
4084,366,24,2024-01-09 10:08:52.481849,1,173.32,Completed,173.32
4085,573,41,2025-07-16 02:57:52.902625,1,49.67,Completed,49.67
4085,573,22,2025-07-16 02:57:52.902625,1,59.28,Completed,59.28
4086,450,12,2024-04-21 17:24:42.080324,2,101.68,Completed,203.36
4087,386,28,2025-03-27 05:06:20.658157,2,29.06,Completed,58.12
4087,386,50,2025-03-27 05:06:20.658157,1,243.34,Completed,243.34
4088,131,10,2025-01-31 21:08:31.071561,1,108.18,Completed,108.18
4088,131,56,2025-01-31 21:08:31.071561,1,125.24,Completed,125.24
4089,121,10,2025-12-10 20:26:45.455842,3,108.18,Completed,324.54
4090,53,44,2025-02-21 09:49:40.744343,1,220.71,Completed,220.71
4090,53,56,2025-02-21 09:49:40.744343,1,125.24,Completed,125.24
4091,230,57,2024-01-19 11:04:43.079851,1,98.49,Completed,98.49
4092,297,20,2025-06-19 22:38:37.498090,4,237.72,Completed,950.88
4093,258,59,2025-12-18 21:24:59.880470,1,179.72,Completed,179.72
4094,367,12,2025-04-08 03:47:39.862015,1,93.98,Completed,93.98
4095,295,36,2025-07-21 15:22:20.616621,1,29.03,Cancelled,29.03
4096,531,35,2024-05-16 04:26:47.764791,2,241.49,Completed,482.98
4097,513,40,2025-04-21 08:11:52.972874,3,146.43,Completed,439.29
4098,634,20,2024-06-10 21:09:05.469101,1,211.45,Completed,211.45
4099,114,17,2024-05-21 11:52:57.300288,3,16.4,Completed,49.199999999999996
4100,270,31,2025-09-05 12:48:10.851211,1,10.99,Completed,10.99
4101,34,50,2025-06-14 04:59:49.618406,1,243.34,Completed,243.34
4102,268,22,2025-08-12 04:20:46.970010,1,59.28,Completed,59.28
4103,784,35,2024-10-03 00:26:02.020503,1,190.98,Completed,190.98
4104,752,49,2024-07-09 03:36:17.111673,1,215.69,Completed,215.69
4104,752,33,2024-07-09 03:36:17.111673,1,35.23,Cancelled,35.23
4105,64,11,2024-02-07 18:38:24.501666,1,63.06,Completed,63.06
4105,64,3,2024-02-07 18:38:24.501666,2,95.63,Completed,191.26
4106,625,35,2024-03-01 13:31:05.628633,4,241.49,Returned,965.96
4106,625,17,2024-03-01 13:31:05.628633,2,16.4,Completed,32.8
4106,625,16,2024-03-01 13:31:05.628633,1,97.97,Completed,97.97
4107,427,29,2024-04-14 22:50:31.775112,1,141.6,Completed,141.6
4108,628,33,2024-01-17 21:25:37.965360,3,35.23,Completed,105.69
4108,628,23,2024-01-17 21:25:37.965360,1,18.33,Completed,18.33
4109,491,32,2025-12-19 21:39:29.343450,1,150.19,Completed,150.19
4110,278,2,2025-09-24 20:46:19.525671,1,72.13,Completed,72.13
4111,107,14,2024-03-21 23:31:12.773586,1,199.77,Completed,199.77
4112,666,56,2025-11-07 20:31:36.931388,1,125.24,Completed,125.24
4113,490,4,2024-03-30 13:25:45.626270,1,100.31,Completed,100.31
4114,234,4,2024-04-13 12:57:21.476854,1,76.34,Completed,76.34
4115,793,50,2024-07-10 06:08:48.079573,1,243.34,Completed,243.34
4115,793,11,2024-07-10 06:08:48.079573,1,63.06,Completed,63.06
4116,623,2,2024-05-11 20:35:50.099340,1,72.13,Completed,72.13
4116,623,48,2024-05-11 20:35:50.099340,1,83.25,Completed,83.25
4117,756,58,2024-02-26 11:43:21.444997,1,168.9,Completed,168.9
4117,756,1,2024-02-26 11:43:21.444997,2,121.97,Completed,243.94
4118,387,16,2025-09-08 13:48:20.523547,4,103.54,Completed,414.16
4119,441,55,2025-10-28 06:50:20.923929,1,229.05,Completed,229.05
4119,441,1,2025-10-28 06:50:20.923929,1,121.97,Completed,121.97
4120,119,49,2024-05-31 19:40:38.678996,2,215.69,Completed,431.38
4120,119,35,2024-05-31 19:40:38.678996,2,241.49,Completed,482.98
4121,377,30,2024-03-14 11:46:06.704472,2,133.76,Completed,267.52
4122,352,2,2025-08-03 16:08:03.531923,1,72.13,Completed,72.13
4123,60,32,2024-10-29 00:48:52.723717,1,150.19,Completed,150.19
4124,95,1,2024-12-21 03:46:58.826298,3,121.97,Completed,365.90999999999997
4125,233,22,2025-04-01 17:57:42.841514,1,59.28,Completed,59.28
4126,771,53,2024-06-02 12:23:07.601409,1,184.37,Completed,184.37
4127,550,38,2024-11-02 12:46:21.758839,2,220.99,Completed,441.98
4128,16,18,2025-10-11 11:46:51.174935,4,133.07,Completed,532.28
4129,256,14,2025-04-07 11:49:39.008356,1,234.6,Returned,234.6
4130,79,12,2024-11-25 03:23:30.600913,1,85.18,Cancelled,85.18
4130,79,11,2024-11-25 03:23:30.600913,1,63.06,Completed,63.06
4130,79,21,2024-11-25 03:23:30.600913,1,237.67,Completed,237.67
4131,617,51,2024-04-27 14:32:09.085874,1,80.72,Completed,80.72
4131,617,36,2024-04-27 14:32:09.085874,4,33.56,Completed,134.24
4132,300,38,2024-08-06 02:11:14.270483,1,183.33,Completed,183.33
4133,674,27,2025-10-21 15:44:26.689818,1,140.8,Completed,140.8
4133,674,31,2025-10-21 15:44:26.689818,1,10.99,Completed,10.99
4134,557,32,2025-04-26 13:21:18.767904,1,150.19,Completed,150.19
4135,723,12,2025-04-05 18:51:31.647271,1,101.68,Completed,101.68
4136,366,25,2025-09-16 00:15:08.632180,1,207.06,Completed,207.06
4137,226,49,2024-03-26 13:28:08.705761,2,215.69,Completed,431.38
4138,310,40,2024-09-07 06:02:20.824619,2,146.43,Completed,292.86
4138,310,31,2024-09-07 06:02:20.824619,1,10.99,Completed,10.99
4139,300,37,2024-09-10 03:39:03.012521,1,198.15,Completed,198.15
4140,251,12,2025-12-27 06:55:45.026780,1,101.68,Completed,101.68
4141,274,50,2025-03-13 23:52:30.164537,1,243.34,Completed,243.34
4142,555,8,2024-01-04 15:51:18.003259,1,176.55,Completed,176.55
4143,56,55,2025-01-15 21:02:04.909039,2,229.05,Returned,458.1
4144,421,36,2024-07-04 18:51:28.450216,1,33.56,Completed,33.56
4144,421,6,2024-07-04 18:51:28.450216,1,71.74,Completed,71.74
4145,287,46,2024-03-29 18:19:12.225995,1,68.07,Completed,68.07
4145,287,17,2024-03-29 18:19:12.225995,1,16.4,Completed,16.4
4146,534,51,2025-03-18 11:03:38.750394,1,80.72,Completed,80.72
4147,760,35,2025-01-26 05:55:01.886513,2,241.49,Completed,482.98
4148,126,33,2025-01-13 03:16:15.704109,4,35.23,Completed,140.92
4149,146,51,2025-07-09 12:02:10.611056,3,64.34,Returned,193.02
4149,146,34,2025-07-09 12:02:10.611056,1,145.12,Completed,145.12
4150,783,40,2024-06-06 21:41:25.393765,1,146.43,Completed,146.43
4151,117,53,2024-09-23 08:53:02.655441,1,169.12,Completed,169.12
4152,277,28,2025-10-17 22:59:16.648451,1,29.06,Completed,29.06
4153,394,33,2024-01-22 12:47:53.789830,1,35.23,Completed,35.23
4154,87,30,2024-04-11 03:39:32.967326,1,123.18,Completed,123.18
4155,394,33,2024-03-01 21:55:01.788088,1,35.23,Completed,35.23
4155,394,39,2024-03-01 21:55:01.788088,2,71.92,Completed,143.84
4156,394,18,2025-05-19 20:51:43.872071,1,133.07,Completed,133.07
4156,394,12,2025-05-19 20:51:43.872071,1,101.68,Completed,101.68
4157,389,35,2024-04-02 09:41:09.388395,1,241.49,Completed,241.49
4157,389,19,2024-04-02 09:41:09.388395,1,245.83,Completed,245.83
4158,54,45,2024-07-18 18:38:12.370459,1,19.93,Completed,19.93
4159,33,58,2024-05-25 10:38:29.653953,1,199.54,Completed,199.54
4159,33,15,2024-05-25 10:38:29.653953,3,65.03,Completed,195.09
4160,27,30,2024-03-08 03:18:41.926689,1,133.76,Completed,133.76
4161,773,17,2025-05-31 21:37:27.186423,4,16.4,Cancelled,65.6
4162,269,25,2025-04-20 21:43:03.979775,3,207.06,Completed,621.1800000000001
4162,269,16,2025-04-20 21:43:03.979775,3,103.54,Completed,310.62
4163,776,51,2024-12-06 22:36:23.279509,2,72.26,Completed,144.52
4163,776,60,2024-12-06 22:36:23.279509,1,196.88,Completed,196.88
4164,438,18,2025-08-13 13:53:07.914377,1,133.07,Returned,133.07
4164,438,44,2025-08-13 13:53:07.914377,3,220.71,Returned,662.13
4165,771,29,2024-11-14 07:48:21.808702,1,109.29,Completed,109.29
4166,398,12,2025-11-21 19:58:34.413043,1,101.68,Completed,101.68
4167,695,32,2025-11-04 07:32:19.262607,1,150.19,Completed,150.19
4168,548,46,2024-07-01 13:37:55.058866,1,73.0,Completed,73.0
4169,587,54,2024-05-24 10:47:43.051841,1,29.61,Completed,29.61
4170,788,34,2025-09-09 14:32:48.570017,1,145.12,Completed,145.12
4171,167,26,2025-06-07 16:46:49.010461,1,152.0,Cancelled,152.0
4171,167,23,2025-06-07 16:46:49.010461,1,18.33,Completed,18.33
4172,244,11,2025-12-03 03:59:06.576467,1,47.49,Returned,47.49
4172,244,8,2025-12-03 03:59:06.576467,1,176.55,Returned,176.55
4173,281,47,2024-03-16 02:42:48.280833,1,71.81,Completed,71.81
4173,281,38,2024-03-16 02:42:48.280833,3,220.99,Completed,662.97
4174,346,8,2025-08-02 00:02:40.654133,1,176.55,Completed,176.55
4175,40,50,2025-03-04 22:22:55.597366,1,243.34,Completed,243.34
4176,371,12,2024-04-30 22:14:33.298733,3,101.68,Completed,305.04
4177,257,59,2024-05-30 06:10:23.481146,1,179.72,Completed,179.72
4178,791,27,2025-06-11 02:29:50.316228,2,183.96,Completed,367.92
4178,791,46,2025-06-11 02:29:50.316228,1,63.05,Completed,63.05
4179,329,5,2024-11-12 10:25:25.256279,1,18.8,Completed,18.8
4180,184,37,2024-11-21 16:41:00.616061,1,198.15,Completed,198.15
4181,18,24,2025-03-11 07:41:52.136386,1,173.32,Completed,173.32
4182,478,20,2024-07-17 07:43:37.725020,1,195.35,Completed,195.35
4183,654,34,2024-08-20 16:28:37.210330,3,145.12,Returned,435.36
4184,224,7,2024-03-19 12:26:08.297477,1,144.55,Completed,144.55
4185,594,58,2024-10-06 14:57:47.720789,1,199.54,Completed,199.54
4185,594,33,2024-10-06 14:57:47.720789,1,35.23,Completed,35.23
4186,625,7,2024-05-25 19:06:28.679561,1,144.55,Completed,144.55
4186,625,41,2024-05-25 19:06:28.679561,2,49.67,Completed,99.34
4187,452,20,2024-09-14 15:04:46.786288,1,237.72,Returned,237.72
4188,785,31,2025-10-17 11:06:53.115895,1,10.99,Completed,10.99
4189,266,32,2025-08-21 02:51:59.060771,1,150.19,Completed,150.19
4190,131,53,2024-11-24 01:32:50.240938,3,184.37,Completed,553.11
4190,131,59,2024-11-24 01:32:50.240938,1,179.72,Completed,179.72
4191,633,49,2025-10-11 07:09:30.599399,1,215.69,Cancelled,215.69
4192,239,59,2025-11-30 09:52:01.694299,2,136.17,Completed,272.34
4192,239,29,2025-11-30 09:52:01.694299,1,141.6,Completed,141.6
4193,451,7,2024-07-03 17:40:31.211595,1,144.55,Completed,144.55
4194,43,56,2024-10-26 03:50:26.913365,1,125.24,Completed,125.24
4195,234,59,2025-03-16 20:00:51.522112,1,160.47,Completed,160.47
4196,266,50,2025-10-02 09:27:23.934223,1,243.34,Completed,243.34
4197,17,3,2025-11-24 18:37:26.415210,1,101.78,Completed,101.78
4198,362,43,2025-01-22 06:19:41.643412,1,105.22,Completed,105.22
4198,362,35,2025-01-22 06:19:41.643412,2,192.45,Completed,384.9
4199,112,56,2024-10-17 18:19:58.165849,1,105.05,Completed,105.05
4200,524,53,2024-03-24 16:40:01.822899,1,145.8,Completed,145.8
4201,585,23,2025-08-13 14:23:20.326110,1,18.33,Completed,18.33
4201,585,1,2025-08-13 14:23:20.326110,2,121.97,Completed,243.94
4202,426,32,2024-11-09 10:51:24.278597,1,125.45,Cancelled,125.45
4202,426,18,2024-11-09 10:51:24.278597,1,133.07,Completed,133.07
4202,426,3,2024-11-09 10:51:24.278597,2,88.69,Completed,177.38
4203,369,48,2024-05-15 17:13:44.045733,1,83.25,Completed,83.25
4204,418,56,2024-06-28 01:58:26.047815,4,125.24,Completed,500.96
4204,418,37,2024-06-28 01:58:26.047815,3,198.15,Completed,594.45
4205,302,29,2024-06-06 02:01:35.621552,3,141.6,Returned,424.79999999999995
4206,165,35,2024-09-28 07:29:18.121191,2,241.49,Completed,482.98
4207,298,17,2024-04-15 21:05:42.443233,2,16.4,Completed,32.8
4208,606,36,2024-08-17 13:12:52.989860,1,29.26,Completed,29.26
4209,321,39,2024-01-08 00:46:12.550044,2,71.92,Completed,143.84
4210,800,41,2025-05-17 10:52:59.137775,1,49.67,Completed,49.67
4211,596,50,2025-06-07 06:22:54.965191,1,243.34,Completed,243.34
4212,221,49,2024-06-05 01:17:34.517807,1,215.69,Completed,215.69
4212,221,18,2024-06-05 01:17:34.517807,1,133.07,Completed,133.07
4213,673,7,2025-02-18 06:03:40.700649,1,144.55,Completed,144.55
4214,391,46,2024-08-22 17:45:10.460239,1,73.0,Completed,73.0
4215,665,17,2024-06-18 20:00:21.449946,1,12.55,Completed,12.55
4215,665,11,2024-06-18 20:00:21.449946,1,63.06,Completed,63.06
4216,230,42,2024-02-18 08:26:22.929134,1,157.62,Completed,157.62
4217,589,43,2024-07-26 00:55:18.135012,1,105.22,Completed,105.22
4218,752,18,2024-06-03 21:18:31.980065,1,133.07,Completed,133.07
4218,752,44,2024-06-03 21:18:31.980065,2,220.71,Completed,441.42
4219,541,40,2024-06-07 17:57:32.801527,1,146.43,Completed,146.43
4219,541,41,2024-06-07 17:57:32.801527,3,49.67,Completed,149.01
4220,676,17,2025-02-13 11:59:47.155636,1,16.4,Completed,16.4
4221,452,57,2025-06-06 20:58:25.394692,1,98.49,Completed,98.49
4222,200,21,2025-11-21 18:40:08.361173,1,237.67,Completed,237.67
4223,301,58,2025-08-12 10:06:43.974411,1,199.54,Completed,199.54
4224,337,32,2025-05-05 01:57:49.711561,1,150.19,Completed,150.19
4225,787,49,2025-02-22 23:34:33.322878,2,215.69,Completed,431.38
4225,787,18,2025-02-22 23:34:33.322878,1,133.07,Completed,133.07
4226,323,37,2025-04-16 18:39:08.651998,1,198.15,Completed,198.15
4227,119,4,2025-05-12 22:57:04.579256,1,100.31,Completed,100.31
4227,119,25,2025-05-12 22:57:04.579256,1,207.06,Completed,207.06
4228,420,48,2024-11-13 16:48:05.475815,1,83.25,Completed,83.25
4229,361,43,2025-08-16 18:40:16.288604,1,105.22,Completed,105.22
4229,361,5,2025-08-16 18:40:16.288604,1,15.46,Completed,15.46
4230,496,43,2024-05-24 15:35:42.830880,1,105.22,Completed,105.22
4231,460,3,2024-02-06 06:02:19.274876,1,101.78,Completed,101.78
4232,236,19,2024-12-26 13:43:41.806536,1,245.83,Completed,245.83
4233,129,28,2024-02-04 03:47:35.184603,1,29.06,Completed,29.06
4234,251,13,2024-07-19 07:45:31.353631,1,241.68,Completed,241.68
4235,418,44,2024-03-28 01:25:05.105016,1,220.71,Completed,220.71
4236,682,7,2024-11-26 12:47:42.192277,4,115.94,Completed,463.76
4237,294,57,2025-03-15 01:03:55.805624,1,98.49,Completed,98.49
4238,121,2,2025-03-07 13:19:03.375590,2,60.17,Returned,120.34
4239,152,20,2024-06-21 14:06:43.161839,4,237.72,Completed,950.88
4240,648,16,2024-01-16 12:37:39.302380,4,103.54,Completed,414.16
4241,203,7,2024-01-14 00:29:31.105019,1,144.55,Completed,144.55
4242,465,10,2025-07-25 19:30:53.103204,1,83.75,Completed,83.75
4243,270,4,2025-02-24 07:17:35.262913,1,100.31,Completed,100.31
4243,270,24,2025-02-24 07:17:35.262913,1,173.32,Completed,173.32
4244,482,47,2024-01-04 09:24:56.584761,1,89.76,Completed,89.76
4245,130,48,2024-12-03 02:14:33.993036,1,83.25,Completed,83.25
4246,442,2,2024-04-05 16:08:13.392820,3,56.51,Completed,169.53
4246,442,19,2024-04-05 16:08:13.392820,1,209.69,Completed,209.69
4247,543,40,2025-12-06 19:16:27.393699,4,146.43,Completed,585.72
4247,543,50,2025-12-06 19:16:27.393699,2,243.34,Completed,486.68
4248,363,41,2024-01-28 00:23:00.896444,1,44.18,Completed,44.18
4248,363,26,2024-01-28 00:23:00.896444,1,152.0,Completed,152.0
4249,301,47,2025-01-24 10:20:31.194984,1,83.43,Completed,83.43
4250,345,20,2025-01-20 02:02:23.022610,3,237.72,Completed,713.16
4251,632,4,2024-09-03 07:04:13.806937,1,89.72,Completed,89.72
4252,76,2,2024-01-12 21:05:26.004718,1,72.13,Completed,72.13
4252,76,20,2024-01-12 21:05:26.004718,4,237.72,Completed,950.88
4253,460,18,2024-12-09 00:31:53.491411,1,133.07,Completed,133.07
4254,646,19,2025-08-28 18:58:32.931956,1,245.83,Completed,245.83
4255,447,52,2024-10-30 00:10:54.418643,1,195.32,Completed,195.32
4256,489,14,2024-08-07 17:29:23.046785,3,234.6,Completed,703.8
4256,489,17,2024-08-07 17:29:23.046785,2,16.4,Completed,32.8
4256,489,8,2024-08-07 17:29:23.046785,1,176.55,Completed,176.55
4257,604,56,2024-08-19 13:09:46.349899,1,125.24,Completed,125.24
4258,522,27,2024-09-09 10:50:40.854425,1,170.92,Completed,170.92
4258,522,29,2024-09-09 10:50:40.854425,2,141.6,Completed,283.2
4259,379,56,2024-02-28 05:31:17.403966,2,125.24,Completed,250.48
4259,379,40,2024-02-28 05:31:17.403966,2,146.43,Completed,292.86
4260,329,48,2025-07-19 11:13:38.567244,1,83.25,Cancelled,83.25
4261,521,34,2024-12-26 11:42:06.774999,1,145.12,Completed,145.12
4262,287,33,2024-02-04 08:42:53.821461,2,35.23,Completed,70.46
4263,100,39,2024-08-05 20:44:08.258094,1,71.92,Completed,71.92
4264,506,17,2025-12-19 07:05:56.420846,1,16.4,Cancelled,16.4
4265,578,25,2024-12-26 03:15:27.565940,1,207.06,Completed,207.06
4266,538,20,2025-04-13 00:01:18.536381,3,237.72,Completed,713.16
4266,538,3,2025-04-13 00:01:18.536381,2,101.78,Completed,203.56
4267,437,22,2025-10-26 15:27:58.646542,1,59.28,Completed,59.28
4267,437,15,2025-10-26 15:27:58.646542,1,65.03,Completed,65.03
4267,437,36,2025-10-26 15:27:58.646542,1,33.56,Completed,33.56
4268,147,39,2025-09-07 10:41:06.973297,2,67.53,Completed,135.06
4269,749,38,2025-11-15 12:34:11.275213,2,220.99,Cancelled,441.98
4270,532,58,2024-03-16 00:04:05.030338,1,199.54,Completed,199.54
4271,631,36,2024-06-12 12:43:53.530302,1,33.56,Completed,33.56
4272,356,53,2025-08-25 13:59:54.255946,1,184.37,Completed,184.37
4273,122,46,2024-04-11 06:37:37.553154,1,73.0,Completed,73.0
4274,499,26,2025-12-26 06:49:38.303660,1,152.0,Completed,152.0
4275,174,16,2025-09-20 19:31:52.526573,1,103.54,Completed,103.54
4276,266,57,2025-06-12 16:55:07.903178,2,98.49,Completed,196.98
4277,772,22,2024-06-14 05:29:55.715915,3,47.21,Completed,141.63
4277,772,15,2024-06-14 05:29:55.715915,2,65.03,Returned,130.06
4278,99,3,2024-03-05 06:03:10.567011,1,101.78,Completed,101.78
4278,99,44,2024-03-05 06:03:10.567011,1,220.71,Completed,220.71
4279,773,17,2025-06-12 14:22:14.285256,3,16.4,Completed,49.199999999999996
4280,613,48,2025-08-15 23:10:49.755874,1,83.25,Completed,83.25
4280,613,3,2025-08-15 23:10:49.755874,1,101.78,Completed,101.78
4281,553,40,2025-08-18 18:54:22.516589,3,146.43,Completed,439.29
4281,553,26,2025-08-18 18:54:22.516589,1,152.0,Completed,152.0
4282,501,44,2025-01-27 10:01:21.466015,1,220.71,Completed,220.71
4283,27,24,2024-01-04 14:34:21.374123,3,173.32,Completed,519.96
4284,289,3,2025-05-17 09:59:12.109255,1,101.78,Cancelled,101.78
4285,585,42,2024-02-08 07:38:31.176835,2,157.62,Completed,315.24
4286,456,16,2025-10-06 19:45:17.822105,4,103.54,Completed,414.16
4287,465,44,2024-02-01 10:41:40.872086,1,220.71,Returned,220.71
4287,465,41,2024-02-01 10:41:40.872086,1,44.27,Completed,44.27
4288,123,6,2024-02-05 01:01:09.816452,4,71.74,Completed,286.96
4289,443,43,2024-08-10 03:09:44.811332,1,105.22,Returned,105.22
4290,89,4,2024-07-11 12:29:57.603871,1,100.31,Returned,100.31
4291,286,37,2025-05-17 04:23:10.881999,1,198.15,Completed,198.15
4292,120,54,2025-07-31 21:19:10.516464,2,29.61,Completed,59.22
4293,81,33,2024-10-04 01:49:45.308742,1,35.23,Completed,35.23
4293,81,43,2024-10-04 01:49:45.308742,1,105.22,Completed,105.22
4294,77,60,2025-05-25 00:36:28.183245,1,196.88,Completed,196.88
4294,77,23,2025-05-25 00:36:28.183245,1,18.33,Completed,18.33
4295,283,45,2025-11-06 03:31:09.459708,2,19.93,Completed,39.86
4296,754,59,2025-03-01 22:06:00.494668,1,179.72,Completed,179.72
4297,796,59,2024-03-28 12:40:22.338704,4,159.52,Returned,638.08
4298,40,4,2024-08-21 02:42:30.828742,1,100.31,Completed,100.31
4299,723,41,2024-04-18 00:59:09.518927,1,49.67,Completed,49.67
4299,723,24,2024-04-18 00:59:09.518927,1,173.32,Completed,173.32
4300,572,23,2025-03-02 09:57:46.359532,1,18.33,Completed,18.33
4301,642,4,2025-09-12 14:41:34.119898,1,87.96,Completed,87.96
4302,9,37,2025-10-15 16:45:30.041838,1,198.15,Completed,198.15
4302,9,14,2025-10-15 16:45:30.041838,2,234.6,Completed,469.2
4303,226,3,2025-04-09 22:33:06.819602,1,101.78,Completed,101.78
4303,226,31,2025-04-09 22:33:06.819602,1,10.99,Completed,10.99
4304,156,51,2025-05-02 19:28:53.733987,1,80.72,Completed,80.72
4305,192,47,2025-01-15 21:18:00.161924,1,89.76,Completed,89.76
4306,290,17,2024-06-24 13:58:14.844868,1,14.38,Completed,14.38
4307,91,45,2024-12-14 21:16:40.264445,1,19.93,Completed,19.93
4307,91,32,2024-12-14 21:16:40.264445,1,150.19,Completed,150.19
4308,768,45,2024-12-23 18:37:09.437586,1,19.93,Completed,19.93
4308,768,41,2024-12-23 18:37:09.437586,2,49.67,Completed,99.34
4309,503,44,2024-07-23 19:05:19.870588,1,220.71,Completed,220.71
4310,214,52,2025-07-18 00:43:20.722345,2,195.32,Completed,390.64
4311,40,49,2024-12-18 09:00:52.387312,1,215.69,Cancelled,215.69
4311,40,4,2024-12-18 09:00:52.387312,1,100.31,Completed,100.31
4312,390,57,2024-03-08 00:19:30.048183,1,98.49,Cancelled,98.49
4313,241,6,2025-07-13 07:51:31.447753,1,71.74,Completed,71.74
4314,496,34,2025-06-03 07:24:06.172711,1,145.12,Completed,145.12
4314,496,26,2025-06-03 07:24:06.172711,1,152.0,Completed,152.0
4315,308,16,2024-09-14 16:43:47.639826,1,103.54,Completed,103.54
4316,300,40,2025-09-01 22:41:51.125620,1,146.43,Completed,146.43
4316,300,54,2025-09-01 22:41:51.125620,1,29.61,Completed,29.61
4317,646,55,2024-06-25 22:25:55.339679,3,229.05,Completed,687.1500000000001
4318,366,18,2025-04-17 09:47:32.820734,1,133.07,Completed,133.07
4319,303,56,2025-09-16 18:43:41.148398,1,96.74,Cancelled,96.74
4320,774,53,2025-05-22 07:47:16.586421,4,184.37,Completed,737.48
4321,430,43,2024-02-24 20:31:47.752740,3,105.22,Cancelled,315.65999999999997
4321,430,32,2024-02-24 20:31:47.752740,1,150.19,Completed,150.19
4322,679,52,2024-12-27 01:29:33.882576,1,195.32,Returned,195.32
4323,181,7,2024-06-04 02:34:12.925605,1,144.55,Completed,144.55
4324,327,1,2025-05-04 11:08:30.019112,1,121.97,Completed,121.97
4324,327,7,2025-05-04 11:08:30.019112,2,144.55,Completed,289.1
4325,408,46,2024-12-07 17:59:41.449958,3,73.0,Completed,219.0
4326,793,47,2024-10-08 02:15:18.344494,4,89.76,Completed,359.04
4327,501,28,2024-12-21 23:33:01.687030,1,29.06,Completed,29.06
4328,704,25,2024-09-05 12:41:11.192759,1,207.06,Completed,207.06
4329,298,15,2025-08-17 05:11:58.996649,1,65.03,Completed,65.03
4330,221,51,2025-07-09 23:16:34.918773,1,80.72,Completed,80.72
4330,221,36,2025-07-09 23:16:34.918773,1,33.56,Completed,33.56
4331,63,6,2025-01-10 04:00:23.744207,1,71.74,Completed,71.74
4332,331,37,2024-08-16 18:03:00.601817,1,198.15,Completed,198.15
4333,326,22,2025-11-20 09:33:41.047260,1,59.28,Completed,59.28
4334,453,30,2025-06-01 05:08:11.680307,1,133.76,Completed,133.76
4335,267,36,2025-04-23 08:40:09.138091,1,33.56,Completed,33.56
4336,275,27,2025-09-10 21:34:41.779764,1,183.96,Returned,183.96
4337,225,54,2024-03-18 03:10:17.488704,1,29.61,Completed,29.61
4338,47,24,2024-04-04 22:39:36.516825,3,173.32,Cancelled,519.96
4338,47,23,2024-04-04 22:39:36.516825,1,18.33,Completed,18.33
4339,587,18,2025-10-31 04:32:08.578315,1,133.07,Completed,133.07
4340,549,52,2024-10-08 11:17:13.627952,1,195.32,Completed,195.32
4341,641,35,2024-11-26 06:36:24.409177,2,227.88,Completed,455.76
4342,626,23,2025-03-28 22:46:31.742811,1,18.33,Completed,18.33
4342,626,25,2025-03-28 22:46:31.742811,1,207.06,Completed,207.06
4343,21,27,2024-05-28 04:55:23.323970,1,183.96,Completed,183.96
4344,22,5,2024-10-19 03:35:23.817219,1,18.8,Completed,18.8
4345,93,9,2024-02-20 02:33:38.578248,1,169.69,Completed,169.69
4345,93,28,2024-02-20 02:33:38.578248,1,29.06,Completed,29.06
4345,93,53,2024-02-20 02:33:38.578248,1,184.37,Completed,184.37
4346,785,41,2024-11-04 20:36:23.712442,1,49.67,Returned,49.67
4347,671,12,2025-05-15 23:22:49.144246,1,80.54,Completed,80.54
4348,549,2,2025-11-25 14:11:07.154417,1,72.13,Completed,72.13
4349,161,52,2025-02-25 09:17:05.235120,1,195.32,Completed,195.32
4350,406,9,2024-03-15 12:10:02.674033,3,169.69,Completed,509.07
4351,235,46,2024-12-02 11:54:58.340078,2,73.0,Completed,146.0
4352,166,1,2024-03-19 05:40:39.977561,1,121.97,Completed,121.97
4353,340,53,2024-03-21 10:41:22.527530,1,184.37,Completed,184.37
4353,340,37,2024-03-21 10:41:22.527530,3,198.15,Returned,594.45
4353,340,6,2024-03-21 10:41:22.527530,1,71.74,Completed,71.74
4354,14,27,2024-01-13 02:37:14.211032,1,138.71,Completed,138.71
4354,14,45,2024-01-13 02:37:14.211032,1,19.93,Completed,19.93
4355,105,12,2024-12-02 10:02:10.654820,1,101.68,Cancelled,101.68
4355,105,23,2024-12-02 10:02:10.654820,1,18.33,Completed,18.33
4356,44,59,2024-07-13 17:34:36.620851,1,179.72,Completed,179.72
4356,44,9,2024-07-13 17:34:36.620851,1,169.69,Completed,169.69
4357,236,60,2024-12-13 15:43:56.008829,3,196.88,Completed,590.64
4358,705,29,2025-01-22 13:06:44.529752,1,141.6,Completed,141.6
4358,705,19,2025-01-22 13:06:44.529752,1,245.83,Completed,245.83
4359,127,2,2024-09-13 22:17:00.800604,1,72.13,Completed,72.13
4360,387,58,2024-03-27 09:04:29.710487,1,199.54,Completed,199.54
4361,135,46,2025-02-05 17:19:50.567802,1,73.0,Completed,73.0
4362,277,14,2024-09-15 17:33:29.288033,1,234.6,Completed,234.6
4363,79,59,2024-06-03 19:23:48.370684,2,160.75,Completed,321.5
4364,781,52,2024-10-16 18:10:42.892412,1,195.32,Returned,195.32
4365,21,25,2024-11-10 12:27:51.763879,1,189.68,Completed,189.68
4365,21,40,2024-11-10 12:27:51.763879,1,146.43,Cancelled,146.43
4366,156,7,2024-08-31 15:06:58.035024,3,125.42,Completed,376.26
4367,401,19,2024-11-18 04:17:14.166449,1,245.83,Completed,245.83
4367,401,26,2024-11-18 04:17:14.166449,2,152.0,Completed,304.0
4368,320,47,2024-09-26 22:33:26.752870,1,89.76,Completed,89.76
4369,436,52,2024-02-05 20:50:04.930361,1,195.32,Completed,195.32
4369,436,36,2024-02-05 20:50:04.930361,1,27.01,Completed,27.01
4370,208,60,2024-10-06 05:47:40.940069,1,185.83,Completed,185.83
4371,591,55,2025-11-08 10:54:34.847918,1,229.05,Completed,229.05
4372,299,36,2024-05-21 13:40:55.545589,2,33.56,Completed,67.12
4373,228,1,2024-05-18 07:09:27.295338,1,121.97,Completed,121.97
4373,228,27,2024-05-18 07:09:27.295338,1,183.96,Completed,183.96
4374,495,45,2024-05-08 22:49:20.033720,1,19.93,Completed,19.93
4375,720,47,2024-07-20 10:13:05.740416,1,89.76,Completed,89.76
4376,251,21,2025-03-19 10:29:28.740682,4,237.67,Completed,950.68
4377,509,45,2025-01-13 14:11:43.524865,1,19.93,Completed,19.93
4378,382,42,2024-03-20 16:54:48.617794,3,157.62,Completed,472.86
4379,732,39,2024-02-06 09:44:52.063986,3,57.16,Completed,171.48
4380,26,43,2024-06-30 17:30:11.418947,1,105.22,Completed,105.22
4381,238,54,2024-03-22 02:10:13.978003,1,29.61,Completed,29.61
4382,489,59,2024-03-25 02:05:31.615099,1,179.72,Completed,179.72
4382,489,46,2024-03-25 02:05:31.615099,1,73.0,Completed,73.0
4383,341,7,2025-10-15 09:25:27.239547,1,126.62,Completed,126.62
4383,341,50,2025-10-15 09:25:27.239547,1,209.8,Completed,209.8
4384,213,33,2025-02-23 22:02:18.321504,1,35.23,Completed,35.23
4385,502,1,2024-06-23 07:12:00.590731,1,121.97,Completed,121.97
4386,86,31,2025-01-23 10:56:52.147363,1,9.6,Completed,9.6
4387,485,29,2024-07-20 02:03:00.165044,1,141.6,Completed,141.6
4388,581,16,2025-10-06 07:09:25.474094,1,103.54,Completed,103.54
4389,61,8,2025-05-25 15:27:18.423655,3,176.55,Completed,529.6500000000001
4389,61,7,2025-05-25 15:27:18.423655,2,144.55,Completed,289.1
4390,319,31,2024-10-22 07:52:50.421756,1,10.99,Completed,10.99
4391,155,33,2024-10-13 19:21:09.522541,1,31.28,Completed,31.28
4391,155,11,2024-10-13 19:21:09.522541,1,63.06,Returned,63.06
4392,6,16,2024-06-09 12:26:34.713870,4,103.54,Completed,414.16
4392,6,12,2024-06-09 12:26:34.713870,1,101.68,Completed,101.68
4393,576,38,2025-08-24 13:40:58.344161,1,220.99,Completed,220.99
4393,576,47,2025-08-24 13:40:58.344161,1,89.76,Completed,89.76
4394,321,2,2025-05-19 22:17:59.758538,1,72.13,Completed,72.13
4395,242,55,2024-12-27 11:24:26.953861,1,229.05,Completed,229.05
4396,726,17,2024-05-04 20:25:48.599069,1,16.4,Completed,16.4
4397,569,52,2024-05-28 14:38:32.648960,1,195.32,Completed,195.32
4398,751,48,2025-04-09 22:28:27.140787,2,64.19,Completed,128.38
4399,717,53,2025-05-30 06:33:02.330545,1,142.97,Cancelled,142.97
4399,717,25,2025-05-30 06:33:02.330545,1,176.83,Completed,176.83
4400,125,27,2024-07-29 05:23:08.293620,1,183.96,Completed,183.96
4401,449,35,2024-01-03 06:25:56.533611,2,241.49,Completed,482.98
4402,117,12,2024-05-15 02:34:51.702482,1,84.89,Completed,84.89
4403,175,30,2025-10-24 16:20:54.095800,1,133.76,Completed,133.76
4404,538,43,2025-03-30 03:30:48.567746,1,105.22,Completed,105.22
4404,538,2,2025-03-30 03:30:48.567746,4,72.13,Completed,288.52
4405,561,60,2025-06-23 12:52:11.809615,1,196.88,Completed,196.88
4406,10,11,2025-09-14 08:55:12.779103,1,63.06,Completed,63.06
4407,446,14,2025-05-17 04:38:14.368152,1,234.6,Completed,234.6
4408,738,56,2024-05-04 06:28:28.907911,1,125.24,Returned,125.24
4409,693,5,2025-05-12 10:52:20.399860,3,18.8,Completed,56.400000000000006
4410,331,30,2024-05-01 15:37:42.060560,4,133.76,Completed,535.04
4410,331,16,2024-05-01 15:37:42.060560,1,103.54,Completed,103.54
4411,666,42,2024-08-30 11:21:40.111065,3,157.62,Completed,472.86
4412,298,5,2024-11-28 07:23:23.698815,3,18.8,Completed,56.400000000000006
4413,210,29,2025-12-03 10:29:52.267060,1,141.6,Completed,141.6
4414,732,21,2025-05-01 04:52:11.140289,1,237.67,Completed,237.67
4414,732,52,2025-05-01 04:52:11.140289,1,195.32,Completed,195.32
4415,484,30,2024-11-08 09:12:11.032758,1,133.76,Completed,133.76
4415,484,5,2024-11-08 09:12:11.032758,1,18.8,Completed,18.8
4416,765,20,2024-01-16 04:53:10.937109,2,237.72,Completed,475.44
4417,139,42,2025-12-12 06:58:38.508437,2,157.62,Completed,315.24
4418,733,30,2025-10-05 07:37:54.752408,1,133.76,Completed,133.76
4418,733,50,2025-10-05 07:37:54.752408,2,202.77,Returned,405.54
4419,154,1,2024-05-04 15:06:14.280050,1,121.97,Completed,121.97
4419,154,48,2024-05-04 15:06:14.280050,1,83.25,Completed,83.25
4420,6,50,2025-07-08 23:46:06.165218,1,243.34,Completed,243.34
4421,193,12,2024-01-08 02:32:14.967228,2,101.68,Completed,203.36
4422,97,38,2024-09-14 01:33:23.981201,1,220.99,Completed,220.99
4422,97,35,2024-09-14 01:33:23.981201,1,241.49,Completed,241.49
4423,63,2,2024-12-11 21:30:15.875055,2,72.13,Completed,144.26
4424,609,26,2024-01-01 17:38:00.250467,1,152.0,Completed,152.0
4425,359,1,2025-09-29 10:47:19.642678,3,121.97,Completed,365.90999999999997
4425,359,41,2025-09-29 10:47:19.642678,2,49.67,Completed,99.34
4426,354,34,2024-12-10 23:23:44.320698,1,145.12,Completed,145.12
4426,354,48,2024-12-10 23:23:44.320698,1,83.25,Completed,83.25
4427,282,12,2024-02-02 23:29:33.443867,2,101.68,Completed,203.36
4428,437,50,2024-01-13 16:41:13.901864,1,243.34,Completed,243.34
4429,314,21,2025-05-11 10:24:37.728725,1,237.67,Completed,237.67
4430,786,35,2024-07-31 04:20:17.301772,1,241.49,Completed,241.49
4430,786,25,2024-07-31 04:20:17.301772,2,207.06,Completed,414.12
4431,555,3,2024-06-15 15:35:59.982134,2,101.78,Completed,203.56
4432,208,41,2025-01-02 07:07:34.208793,1,38.77,Returned,38.77
4432,208,7,2025-01-02 07:07:34.208793,2,144.55,Completed,289.1
4432,208,39,2025-01-02 07:07:34.208793,4,71.92,Completed,287.68
4433,270,9,2025-07-05 03:28:05.615805,1,169.69,Completed,169.69
4433,270,24,2025-07-05 03:28:05.615805,1,148.1,Completed,148.1
4434,661,32,2025-07-19 22:29:41.279396,2,150.19,Completed,300.38
4434,661,5,2025-07-19 22:29:41.279396,2,18.8,Completed,37.6
4435,791,31,2024-03-13 23:52:04.675029,1,10.99,Completed,10.99
4436,620,35,2025-08-09 20:11:55.198856,3,241.49,Completed,724.47
4437,755,38,2024-09-02 01:04:01.910626,1,220.99,Completed,220.99
4437,755,50,2024-09-02 01:04:01.910626,1,243.34,Completed,243.34
4438,485,45,2024-12-24 04:23:44.208622,1,19.93,Returned,19.93
4439,3,32,2024-09-13 01:41:02.119313,1,150.19,Completed,150.19
4439,3,2,2024-09-13 01:41:02.119313,1,72.13,Completed,72.13
4439,3,59,2024-09-13 01:41:02.119313,1,163.67,Completed,163.67
4440,151,38,2025-02-02 08:55:41.095499,2,186.76,Completed,373.52
4441,1,49,2025-04-29 06:55:02.265663,3,215.69,Completed,647.0699999999999
4442,54,4,2024-07-04 01:57:55.917963,1,91.43,Completed,91.43
4443,436,46,2024-11-30 21:18:48.070099,1,73.0,Completed,73.0
4444,335,54,2025-08-27 06:10:15.105683,2,29.61,Completed,59.22
4444,335,53,2025-08-27 06:10:15.105683,1,184.37,Completed,184.37
4444,335,27,2025-08-27 06:10:15.105683,1,183.96,Completed,183.96
4445,403,50,2024-08-07 19:52:05.718765,1,243.34,Completed,243.34
4446,395,15,2024-08-31 15:06:18.015541,4,65.03,Completed,260.12
4447,364,19,2025-01-13 00:24:00.340708,1,245.83,Completed,245.83
4448,535,32,2025-04-29 16:10:35.959211,1,150.19,Completed,150.19
4448,535,24,2025-04-29 16:10:35.959211,1,150.97,Completed,150.97
4449,220,9,2025-09-23 13:02:16.915772,4,169.69,Completed,678.76
4450,649,57,2025-09-07 21:34:24.766362,1,98.49,Completed,98.49
4450,649,17,2025-09-07 21:34:24.766362,1,16.4,Completed,16.4
4451,448,13,2024-12-19 13:53:48.441298,2,241.68,Completed,483.36
4451,448,40,2024-12-19 13:53:48.441298,2,146.43,Completed,292.86
4452,257,21,2024-07-16 01:18:14.585438,3,237.67,Completed,713.01
4452,257,25,2024-07-16 01:18:14.585438,2,207.06,Completed,414.12
4453,446,5,2025-01-14 02:17:30.959614,1,18.8,Completed,18.8
4454,183,37,2025-04-12 01:18:05.170568,1,163.1,Completed,163.1
4455,478,12,2024-04-17 23:12:53.239492,3,101.68,Completed,305.04
4455,478,10,2024-04-17 23:12:53.239492,1,108.18,Returned,108.18
4456,435,1,2024-10-26 12:47:16.641431,1,121.97,Returned,121.97
4456,435,19,2024-10-26 12:47:16.641431,2,245.83,Returned,491.66
4456,435,5,2024-10-26 12:47:16.641431,1,18.8,Cancelled,18.8
4457,196,1,2024-06-09 18:52:41.413768,1,121.97,Completed,121.97
4457,196,42,2024-06-09 18:52:41.413768,3,157.62,Completed,472.86
4457,196,47,2024-06-09 18:52:41.413768,4,89.76,Completed,359.04
4458,11,28,2025-12-26 16:24:19.289970,1,29.06,Completed,29.06
4458,11,37,2025-12-26 16:24:19.289970,1,198.15,Completed,198.15
4459,200,45,2024-09-17 18:02:45.514237,1,16.18,Returned,16.18
4460,97,30,2024-01-23 13:26:59.652807,1,133.76,Completed,133.76
4461,260,16,2025-02-25 15:16:30.985855,2,103.54,Completed,207.08
4461,260,42,2025-02-25 15:16:30.985855,1,126.82,Completed,126.82
4462,663,40,2025-05-22 22:31:21.447639,1,146.43,Completed,146.43
4463,491,15,2024-11-10 10:13:24.055695,1,65.03,Completed,65.03
4464,713,57,2024-05-30 14:30:27.967535,4,98.49,Completed,393.96
4465,281,41,2024-03-06 04:04:48.668028,1,49.67,Completed,49.67
4466,586,6,2025-11-03 01:44:23.714013,2,71.74,Completed,143.48
4467,736,38,2024-10-02 18:40:30.364786,1,220.99,Completed,220.99
4468,623,20,2024-03-19 18:57:45.556600,1,237.72,Returned,237.72
4469,503,23,2024-07-18 23:08:47.456820,1,18.33,Returned,18.33
4470,768,42,2025-04-02 15:08:33.773612,2,157.62,Completed,315.24
4471,769,56,2025-02-01 18:56:08.468992,1,125.24,Returned,125.24
4472,107,45,2025-10-28 01:04:50.557029,1,15.06,Completed,15.06
4472,107,11,2025-10-28 01:04:50.557029,1,63.06,Completed,63.06
4472,107,34,2025-10-28 01:04:50.557029,1,145.12,Completed,145.12
4473,754,11,2025-12-21 18:03:02.821660,1,63.06,Completed,63.06
4473,754,25,2025-12-21 18:03:02.821660,1,207.06,Completed,207.06
4474,85,27,2025-10-01 13:08:47.616246,2,183.96,Completed,367.92
4475,123,59,2024-05-07 17:09:48.200074,2,157.7,Completed,315.4
4476,64,25,2025-10-26 12:56:05.691481,2,207.06,Completed,414.12
4477,558,11,2024-09-11 15:45:55.394420,1,63.06,Completed,63.06
4478,199,13,2024-08-29 18:32:53.317126,1,241.68,Completed,241.68
4479,756,42,2025-03-06 01:52:12.506391,1,144.61,Completed,144.61
4479,756,26,2025-03-06 01:52:12.506391,1,152.0,Completed,152.0
4480,325,16,2025-11-21 01:04:08.692432,1,103.54,Returned,103.54
4481,174,20,2024-07-20 15:50:59.055823,4,237.72,Completed,950.88
4482,601,38,2024-05-19 02:49:59.092056,1,220.99,Completed,220.99
4482,601,32,2024-05-19 02:49:59.092056,2,150.19,Completed,300.38
4483,15,57,2025-02-27 01:08:05.623806,2,98.49,Completed,196.98
4484,413,25,2025-05-27 08:09:37.163266,1,207.06,Completed,207.06
4485,684,21,2025-08-31 22:41:09.133705,2,237.67,Completed,475.34
4486,67,57,2024-03-30 18:16:52.818277,4,98.49,Completed,393.96
4486,67,55,2024-03-30 18:16:52.818277,1,229.05,Completed,229.05
4486,67,19,2024-03-30 18:16:52.818277,1,197.48,Completed,197.48
4487,177,56,2025-08-03 14:13:56.957040,1,125.24,Completed,125.24
4487,177,51,2025-08-03 14:13:56.957040,1,80.72,Completed,80.72
4488,204,53,2025-02-17 15:55:32.818134,2,184.37,Completed,368.74
4489,420,14,2025-08-01 13:02:52.471452,1,234.6,Completed,234.6
4490,765,35,2024-09-10 07:24:06.158612,1,241.49,Returned,241.49
4490,765,31,2024-09-10 07:24:06.158612,1,10.99,Completed,10.99
4490,765,24,2024-09-10 07:24:06.158612,1,173.32,Completed,173.32
4491,575,32,2024-03-21 10:32:20.108973,1,150.19,Completed,150.19
4492,350,18,2024-01-07 02:01:37.477194,1,133.07,Completed,133.07
4493,714,17,2025-11-07 21:07:21.702169,3,15.35,Completed,46.05
4494,91,52,2024-04-17 09:44:12.037218,1,150.03,Completed,150.03
4495,748,53,2025-05-12 01:46:19.754519,1,149.99,Completed,149.99
4496,642,14,2025-01-16 22:13:18.071124,3,234.6,Completed,703.8
4496,642,34,2025-01-16 22:13:18.071124,1,145.12,Completed,145.12
4496,642,20,2025-01-16 22:13:18.071124,1,237.72,Completed,237.72
4497,223,7,2024-07-30 12:58:36.191506,1,144.55,Completed,144.55
4497,223,8,2024-07-30 12:58:36.191506,1,176.55,Completed,176.55
4498,742,40,2025-02-11 10:37:39.631675,2,146.43,Completed,292.86
4499,316,4,2024-04-28 16:52:17.523004,1,100.31,Completed,100.31
4500,658,53,2024-12-21 09:10:13.643780,1,184.37,Completed,184.37
4500,658,17,2024-12-21 09:10:13.643780,1,16.4,Completed,16.4
4501,766,20,2024-02-17 04:04:51.407961,2,237.72,Completed,475.44
4502,136,56,2024-08-03 03:36:44.283603,1,125.24,Completed,125.24
4502,136,2,2024-08-03 03:36:44.283603,2,72.13,Completed,144.26
4502,136,37,2024-08-03 03:36:44.283603,2,198.15,Completed,396.3
4503,286,14,2024-11-27 07:35:43.263893,1,190.76,Completed,190.76
4504,232,30,2024-06-07 15:32:21.453225,2,133.76,Completed,267.52
4505,280,34,2025-08-25 14:14:41.744419,1,145.12,Completed,145.12
4506,182,21,2024-03-31 02:35:40.626918,1,237.67,Cancelled,237.67
4507,266,10,2024-12-22 12:10:48.243516,1,108.18,Completed,108.18
4508,271,45,2024-01-04 17:10:52.079002,3,16.36,Returned,49.08
4509,373,56,2024-09-14 03:31:00.199919,2,125.24,Completed,250.48
4510,658,29,2025-08-31 21:36:29.161793,1,141.6,Completed,141.6
4511,647,56,2024-02-06 10:17:01.852249,1,125.24,Completed,125.24
4511,647,59,2024-02-06 10:17:01.852249,1,179.72,Returned,179.72
4511,647,52,2024-02-06 10:17:01.852249,1,195.32,Completed,195.32
4512,600,29,2024-04-10 12:49:59.172087,3,141.6,Completed,424.79999999999995
4512,600,52,2024-04-10 12:49:59.172087,1,195.32,Completed,195.32
4513,216,49,2025-10-03 11:12:40.045842,1,215.69,Completed,215.69
4514,445,4,2025-07-27 05:48:46.787689,2,100.31,Completed,200.62
4515,699,51,2025-01-01 10:55:17.408266,1,80.72,Completed,80.72
4516,213,60,2025-11-30 17:20:44.175022,1,196.88,Completed,196.88
4517,516,11,2025-02-13 08:19:28.163294,3,63.06,Completed,189.18
4517,516,60,2025-02-13 08:19:28.163294,2,196.88,Completed,393.76
4518,276,1,2025-11-27 04:33:56.371783,1,110.34,Completed,110.34
4518,276,31,2025-11-27 04:33:56.371783,1,10.99,Completed,10.99
4518,276,41,2025-11-27 04:33:56.371783,1,49.67,Completed,49.67
4519,33,57,2025-06-04 15:12:47.440674,2,98.49,Cancelled,196.98
4519,33,10,2025-06-04 15:12:47.440674,1,108.18,Completed,108.18
4519,33,54,2025-06-04 15:12:47.440674,1,29.61,Completed,29.61
4520,487,43,2024-04-14 03:07:38.534800,1,91.26,Completed,91.26
4521,382,29,2025-06-19 03:05:27.290189,1,141.6,Returned,141.6
4522,675,43,2024-11-11 09:31:47.037229,1,105.22,Completed,105.22
4522,675,41,2024-11-11 09:31:47.037229,1,44.22,Cancelled,44.22
4523,645,58,2025-11-01 07:54:44.460377,1,199.54,Completed,199.54
4524,9,11,2024-07-31 06:51:05.379803,1,63.06,Completed,63.06
4525,487,31,2024-01-24 11:02:05.290974,1,10.99,Cancelled,10.99
4525,487,19,2024-01-24 11:02:05.290974,1,245.83,Completed,245.83
4526,103,56,2025-11-12 01:01:01.415429,1,125.24,Completed,125.24
4527,367,14,2024-06-30 13:43:24.258795,1,234.6,Completed,234.6
4527,367,37,2024-06-30 13:43:24.258795,1,198.15,Completed,198.15
4528,191,57,2025-05-10 07:19:29.475988,1,98.49,Completed,98.49
4528,191,27,2025-05-10 07:19:29.475988,1,183.96,Completed,183.96
4529,632,20,2024-10-08 22:56:21.986492,1,237.72,Completed,237.72
4529,632,18,2024-10-08 22:56:21.986492,1,133.07,Completed,133.07
4530,446,9,2024-10-18 08:28:13.148845,1,169.69,Completed,169.69
4531,485,24,2025-10-22 00:55:57.691152,4,173.32,Completed,693.28
4532,259,47,2025-10-13 21:56:57.776333,1,89.76,Returned,89.76
4533,616,15,2025-11-02 17:48:04.098980,1,65.03,Completed,65.03
4534,695,54,2025-03-11 20:07:10.745711,3,29.61,Completed,88.83
4534,695,7,2025-03-11 20:07:10.745711,1,135.27,Completed,135.27
4535,240,43,2024-05-06 12:15:01.801363,3,105.22,Completed,315.65999999999997
4535,240,15,2024-05-06 12:15:01.801363,4,65.03,Cancelled,260.12
4536,520,6,2024-11-14 03:30:03.825655,1,59.92,Completed,59.92
4537,276,9,2025-10-01 10:20:08.667805,1,169.69,Completed,169.69
4538,411,58,2025-08-10 04:44:31.116297,3,199.54,Completed,598.62
4539,168,15,2024-04-11 14:22:11.308753,1,65.03,Completed,65.03
4539,168,9,2024-04-11 14:22:11.308753,1,169.69,Completed,169.69
4540,612,15,2025-07-14 09:24:34.134118,1,65.03,Completed,65.03
4541,537,4,2024-07-01 12:21:29.532529,1,100.31,Returned,100.31
4542,582,4,2024-10-30 21:47:29.625180,3,100.31,Completed,300.93
4543,134,35,2024-05-25 15:38:45.726126,3,241.49,Completed,724.47
4544,56,13,2024-08-10 15:31:53.781765,1,241.68,Completed,241.68
4545,317,24,2024-08-05 01:17:39.272360,1,173.32,Completed,173.32
4546,145,48,2025-11-07 19:07:07.417091,1,83.25,Completed,83.25
4547,470,5,2024-12-02 15:25:29.245670,1,18.8,Completed,18.8
4548,472,28,2024-05-13 20:40:49.666078,1,22.65,Returned,22.65
4549,177,4,2025-07-25 03:44:54.400463,2,100.31,Completed,200.62
4550,83,10,2025-08-31 17:05:35.199479,1,108.18,Completed,108.18
4551,209,16,2024-03-11 02:39:39.870749,1,103.54,Completed,103.54
4552,742,20,2025-01-19 09:31:51.107776,1,237.72,Completed,237.72
4553,702,10,2025-05-21 17:13:01.070003,3,108.18,Returned,324.54
4553,702,37,2025-05-21 17:13:01.070003,1,198.15,Completed,198.15
4554,6,14,2025-01-02 18:50:30.630409,1,234.6,Completed,234.6
4555,353,16,2025-05-15 04:03:38.378289,1,89.04,Completed,89.04
4555,353,1,2025-05-15 04:03:38.378289,3,121.97,Completed,365.90999999999997
4555,353,15,2025-05-15 04:03:38.378289,1,65.03,Completed,65.03
4556,484,33,2024-09-18 00:26:00.713428,3,35.23,Completed,105.69
4556,484,33,2024-09-18 00:26:00.713428,1,35.23,Completed,35.23
4557,724,46,2024-09-15 13:28:34.323505,1,73.0,Completed,73.0
4558,99,50,2024-12-06 14:00:02.981953,1,243.34,Completed,243.34
4559,326,20,2025-12-02 20:33:00.239396,1,237.72,Completed,237.72
4559,326,42,2025-12-02 20:33:00.239396,1,142.59,Completed,142.59
4560,290,48,2024-12-02 17:41:43.313099,1,83.25,Completed,83.25
4560,290,22,2024-12-02 17:41:43.313099,1,59.28,Completed,59.28
4560,290,10,2024-12-02 17:41:43.313099,1,108.18,Completed,108.18
4561,404,10,2025-10-28 04:01:16.564410,2,108.18,Completed,216.36
4561,404,7,2025-10-28 04:01:16.564410,2,144.55,Completed,289.1
4562,686,19,2024-01-20 06:54:55.972446,1,245.83,Completed,245.83
4562,686,27,2024-01-20 06:54:55.972446,1,183.96,Completed,183.96
4563,228,59,2025-07-13 17:48:18.700578,1,179.72,Completed,179.72
4564,183,51,2024-03-05 13:16:33.082808,3,80.72,Completed,242.16
4565,378,47,2024-04-12 15:03:34.396328,4,89.76,Completed,359.04
4566,514,48,2025-10-23 23:59:26.445401,4,83.25,Completed,333.0
4567,626,48,2025-07-28 05:47:38.405555,2,83.25,Completed,166.5
4567,626,8,2025-07-28 05:47:38.405555,3,176.55,Completed,529.6500000000001
4568,80,13,2025-02-27 15:14:55.576658,2,241.68,Completed,483.36
4569,142,52,2024-09-29 08:54:26.585698,1,195.32,Completed,195.32
4570,46,14,2025-03-29 05:59:17.823177,2,234.6,Completed,469.2
4571,446,16,2025-10-18 22:27:55.756776,1,85.61,Completed,85.61
4572,185,11,2025-10-02 19:08:51.793732,1,63.06,Returned,63.06
4573,292,56,2024-02-09 01:57:04.222223,3,125.24,Completed,375.71999999999997
4573,292,47,2024-02-09 01:57:04.222223,2,89.76,Completed,179.52
4573,292,19,2024-02-09 01:57:04.222223,2,245.83,Completed,491.66
4574,268,18,2025-09-08 22:16:50.290273,2,133.07,Completed,266.14
4575,432,52,2024-04-01 22:23:45.340128,1,195.32,Completed,195.32
4576,408,11,2025-05-04 03:47:17.276967,1,63.06,Completed,63.06
4577,109,19,2024-12-03 20:23:34.685093,3,245.83,Completed,737.49
4578,85,32,2025-07-10 23:40:53.299439,1,150.19,Completed,150.19
4579,751,44,2025-01-13 03:30:18.251871,1,203.6,Completed,203.6
4580,13,12,2025-09-04 14:44:58.677138,2,101.68,Completed,203.36
4581,132,18,2024-03-02 19:13:38.284416,4,133.07,Completed,532.28
4581,132,7,2024-03-02 19:13:38.284416,2,144.55,Completed,289.1
4582,466,21,2024-07-16 05:27:47.810326,1,209.33,Completed,209.33
4583,687,28,2025-12-20 21:45:36.432818,1,29.06,Returned,29.06
4584,790,11,2024-03-19 03:29:49.250206,1,52.65,Returned,52.65
4585,760,59,2025-03-09 20:49:52.573064,2,179.72,Completed,359.44
4586,619,31,2025-08-23 00:23:28.109600,1,10.99,Completed,10.99
4587,462,43,2025-02-16 18:34:06.134609,3,105.22,Completed,315.65999999999997
4588,800,37,2025-05-19 03:11:15.539352,1,198.15,Completed,198.15
4589,344,7,2025-09-22 22:47:00.456782,3,144.55,Completed,433.65000000000003
4590,374,50,2024-03-29 15:40:32.782810,1,191.21,Completed,191.21
4591,435,57,2025-03-02 18:29:54.055573,1,98.49,Completed,98.49
4592,393,24,2025-01-07 21:34:53.984529,3,173.32,Completed,519.96
4592,393,33,2025-01-07 21:34:53.984529,1,26.47,Completed,26.47
4593,725,36,2025-06-07 08:59:17.318569,2,33.56,Completed,67.12
4593,725,47,2025-06-07 08:59:17.318569,1,89.76,Completed,89.76
4594,630,17,2025-05-27 03:33:11.165348,3,16.4,Completed,49.199999999999996
4594,630,40,2025-05-27 03:33:11.165348,1,146.43,Completed,146.43
4595,50,41,2025-01-11 20:56:44.895192,1,49.67,Completed,49.67
4596,41,6,2025-02-14 07:06:10.475191,1,60.83,Completed,60.83
4597,376,42,2025-12-07 02:43:07.146960,1,137.11,Completed,137.11
4598,379,48,2024-04-09 13:46:34.260026,2,83.25,Cancelled,166.5
4599,346,56,2025-10-15 09:19:01.263572,2,125.24,Completed,250.48
4599,346,13,2025-10-15 09:19:01.263572,1,241.68,Completed,241.68
4600,25,29,2025-04-11 22:59:08.187112,1,141.6,Completed,141.6
4601,184,28,2024-04-22 23:40:00.026240,1,29.06,Completed,29.06
4601,184,21,2024-04-22 23:40:00.026240,4,237.67,Completed,950.68
4602,458,13,2025-04-03 14:45:19.385473,1,241.68,Completed,241.68
4603,652,13,2025-06-08 23:22:06.874264,1,186.66,Completed,186.66
4603,652,9,2025-06-08 23:22:06.874264,1,169.69,Completed,169.69
4603,652,38,2025-06-08 23:22:06.874264,2,220.99,Completed,441.98
4604,406,53,2025-11-14 16:01:36.382740,1,184.37,Completed,184.37
4605,87,50,2025-08-11 02:24:25.605795,3,243.34,Completed,730.02
4606,130,53,2025-03-31 06:35:30.907823,1,184.37,Completed,184.37
4606,130,32,2025-03-31 06:35:30.907823,2,150.19,Completed,300.38
4607,442,50,2024-05-26 12:15:42.460702,3,243.34,Completed,730.02
4608,354,3,2024-02-19 00:19:44.127491,1,101.78,Completed,101.78
4609,706,58,2024-04-21 16:56:48.955114,1,199.54,Completed,199.54
4610,751,45,2025-10-04 07:49:53.708982,1,19.93,Completed,19.93
4611,583,44,2025-01-14 11:17:28.565654,1,220.71,Completed,220.71
4612,79,39,2024-06-29 11:03:02.253185,1,71.92,Completed,71.92
4612,79,28,2024-06-29 11:03:02.253185,1,25.34,Completed,25.34
4613,742,38,2024-03-16 15:11:42.268301,1,220.99,Completed,220.99
4613,742,57,2024-03-16 15:11:42.268301,1,98.49,Completed,98.49
4614,392,18,2024-01-18 23:58:47.447678,1,133.07,Completed,133.07
4614,392,25,2024-01-18 23:58:47.447678,1,207.06,Completed,207.06
4615,346,51,2025-01-04 05:41:41.725521,2,80.72,Completed,161.44
4616,768,15,2024-10-12 05:18:26.677697,1,65.03,Completed,65.03
4617,411,26,2025-11-07 00:17:55.087903,3,142.89,Completed,428.66999999999996
4618,264,32,2024-08-06 22:39:51.279884,1,150.19,Completed,150.19
4618,264,40,2024-08-06 22:39:51.279884,1,146.43,Completed,146.43
4619,82,1,2024-12-19 02:45:58.044313,1,121.97,Completed,121.97
4620,444,28,2024-05-14 08:26:59.544066,1,29.06,Completed,29.06
4620,444,30,2024-05-14 08:26:59.544066,3,133.76,Completed,401.28
4621,585,38,2024-06-20 11:56:09.623430,2,220.99,Completed,441.98
4622,311,21,2025-09-10 20:11:58.472668,1,237.67,Completed,237.67
4622,311,16,2025-09-10 20:11:58.472668,1,103.54,Completed,103.54
4623,250,36,2024-07-08 23:57:25.659147,1,33.56,Completed,33.56
4624,51,55,2025-03-23 07:33:22.325269,2,229.05,Completed,458.1
4624,51,43,2025-03-23 07:33:22.325269,1,105.22,Completed,105.22
4625,779,22,2024-11-16 13:33:17.943999,2,59.28,Completed,118.56
4625,779,4,2024-11-16 13:33:17.943999,2,100.31,Completed,200.62
4626,706,60,2025-04-25 10:57:04.642663,2,196.88,Completed,393.76
4626,706,37,2025-04-25 10:57:04.642663,1,198.15,Completed,198.15
4627,688,45,2024-03-30 22:24:11.576941,1,16.54,Completed,16.54
4628,186,30,2024-04-16 18:14:11.108109,1,133.76,Completed,133.76
4629,280,59,2024-01-16 19:26:45.684198,4,142.24,Completed,568.96
4630,425,1,2024-04-13 10:20:31.050387,3,121.97,Completed,365.90999999999997
4631,282,60,2025-06-27 13:21:55.988270,1,196.88,Completed,196.88
4632,614,34,2024-06-24 16:44:48.506412,1,145.12,Completed,145.12
4633,651,11,2025-01-08 09:44:33.893790,1,63.06,Completed,63.06
4634,227,49,2025-05-25 17:29:39.011657,3,215.69,Completed,647.0699999999999
4634,227,1,2025-05-25 17:29:39.011657,2,121.97,Completed,243.94
4634,227,55,2025-05-25 17:29:39.011657,3,229.05,Cancelled,687.1500000000001
4635,627,18,2024-05-26 06:09:00.834786,1,133.07,Completed,133.07
4636,730,20,2024-12-16 17:46:20.869928,1,237.72,Completed,237.72
4636,730,57,2024-12-16 17:46:20.869928,1,98.49,Completed,98.49
4637,431,38,2024-07-30 07:08:49.450014,1,220.99,Completed,220.99
4638,337,2,2024-03-14 00:20:41.611378,1,72.13,Completed,72.13
4639,488,14,2025-03-05 19:08:30.359915,1,234.6,Returned,234.6
4640,13,3,2024-09-25 03:47:11.104287,1,101.78,Completed,101.78
4641,328,23,2024-07-19 21:10:38.016137,1,18.33,Completed,18.33
4641,328,17,2024-07-19 21:10:38.016137,2,16.4,Completed,32.8
4642,474,28,2024-10-08 15:34:48.795775,1,29.06,Completed,29.06
4642,474,57,2024-10-08 15:34:48.795775,1,98.49,Cancelled,98.49
4643,546,45,2025-08-06 21:27:46.908588,1,19.93,Completed,19.93
4643,546,32,2025-08-06 21:27:46.908588,1,150.19,Completed,150.19
4644,262,28,2024-12-04 16:38:38.358780,3,29.06,Completed,87.17999999999999
4644,262,17,2024-12-04 16:38:38.358780,1,16.4,Completed,16.4
4645,586,18,2025-08-16 20:24:28.663584,3,133.07,Completed,399.21
4645,586,42,2025-08-16 20:24:28.663584,1,157.62,Completed,157.62
4646,575,28,2024-04-18 03:52:39.382851,2,29.06,Completed,58.12
4646,575,36,2024-04-18 03:52:39.382851,1,30.19,Completed,30.19
4647,543,12,2024-07-25 21:33:26.271102,2,101.68,Completed,203.36
4648,299,4,2024-03-28 16:36:58.448986,1,100.31,Completed,100.31
4649,463,29,2024-10-11 06:48:10.988331,1,141.6,Completed,141.6
4650,31,30,2025-02-27 19:01:37.400032,1,133.76,Completed,133.76
4650,31,43,2025-02-27 19:01:37.400032,1,105.22,Completed,105.22
4651,640,39,2024-01-25 21:08:37.196586,1,71.92,Completed,71.92
4651,640,24,2024-01-25 21:08:37.196586,1,173.32,Completed,173.32
4651,640,27,2024-01-25 21:08:37.196586,2,183.96,Completed,367.92
4652,24,13,2025-04-19 19:23:56.972270,1,241.68,Completed,241.68
4652,24,37,2025-04-19 19:23:56.972270,1,198.15,Completed,198.15
4653,762,36,2025-04-24 17:59:38.824181,1,33.56,Completed,33.56
4654,241,22,2024-11-20 11:16:43.697926,1,59.28,Completed,59.28
4654,241,56,2024-11-20 11:16:43.697926,1,125.24,Completed,125.24
4654,241,32,2024-11-20 11:16:43.697926,1,150.19,Completed,150.19
4655,127,36,2025-10-24 22:03:29.095672,1,26.64,Completed,26.64
4656,114,60,2024-09-15 22:48:53.337706,2,196.88,Completed,393.76
4656,114,15,2024-09-15 22:48:53.337706,1,65.03,Completed,65.03
4657,163,18,2024-04-11 16:35:51.853620,2,133.07,Completed,266.14
4658,753,32,2025-10-06 04:04:18.421937,1,150.19,Returned,150.19
4659,564,14,2024-11-30 14:17:42.312788,1,234.6,Completed,234.6
4659,564,56,2024-11-30 14:17:42.312788,1,125.24,Completed,125.24
4660,429,23,2024-01-07 15:47:00.541486,2,18.33,Completed,36.66
4661,286,10,2024-04-25 13:40:13.957100,1,108.18,Completed,108.18
4662,372,30,2024-12-31 11:11:03.876405,1,133.76,Completed,133.76
4663,681,55,2025-09-20 13:06:29.877753,1,229.05,Completed,229.05
4664,649,60,2024-06-02 20:52:04.919832,1,196.88,Completed,196.88
4665,326,25,2025-10-20 20:41:06.635506,1,207.06,Completed,207.06
4665,326,11,2025-10-20 20:41:06.635506,1,63.06,Completed,63.06
4666,231,36,2025-01-18 06:58:29.944611,1,33.56,Completed,33.56
4667,507,9,2025-01-09 12:33:04.014871,1,169.69,Completed,169.69
4668,294,53,2024-05-07 09:11:07.158608,2,184.37,Completed,368.74
4668,294,36,2024-05-07 09:11:07.158608,1,33.56,Completed,33.56
4669,182,20,2024-04-20 12:34:32.008307,4,237.72,Completed,950.88
4670,4,58,2025-04-23 19:57:10.489340,2,199.54,Cancelled,399.08
4671,343,58,2025-02-15 02:20:55.736671,1,199.54,Completed,199.54
4672,672,39,2024-12-01 10:07:12.547241,1,71.92,Completed,71.92
4673,101,56,2025-09-18 19:47:29.506946,1,125.24,Completed,125.24
4674,669,5,2024-04-12 05:29:18.542397,2,18.8,Completed,37.6
4675,429,38,2025-07-27 00:30:56.326413,1,220.99,Completed,220.99
4676,652,4,2025-04-25 15:56:16.494187,1,79.73,Completed,79.73
4677,625,54,2025-11-05 03:18:57.393673,1,29.61,Completed,29.61
4678,83,45,2024-02-19 19:02:28.022831,1,19.93,Completed,19.93
4678,83,15,2024-02-19 19:02:28.022831,1,65.03,Completed,65.03
4679,24,1,2025-09-04 16:58:57.457933,1,121.97,Completed,121.97
4679,24,47,2025-09-04 16:58:57.457933,1,89.76,Completed,89.76
4680,583,5,2024-12-19 03:12:23.279726,1,18.8,Completed,18.8
4681,701,60,2025-12-03 15:57:49.569355,1,162.24,Completed,162.24
4682,761,42,2025-03-18 06:20:53.885325,1,157.62,Completed,157.62
4683,670,17,2024-05-11 16:09:42.812160,1,16.4,Completed,16.4
4684,524,17,2025-06-01 04:55:23.578627,1,16.4,Completed,16.4
4685,166,57,2025-01-05 02:17:36.673648,1,98.49,Completed,98.49
4686,741,3,2025-04-26 00:01:02.484033,1,101.78,Completed,101.78
4687,180,32,2024-07-08 05:38:23.386138,3,150.19,Completed,450.57
4688,730,53,2025-05-24 08:54:27.794408,1,184.37,Completed,184.37
4689,331,24,2025-03-05 20:41:19.634831,1,132.24,Cancelled,132.24
4690,32,60,2025-02-27 22:17:49.462894,1,196.88,Completed,196.88
4691,473,17,2025-03-02 16:19:16.652699,1,16.4,Completed,16.4
4692,701,37,2025-08-28 19:36:26.702070,1,198.15,Completed,198.15
4693,248,3,2024-02-19 07:49:33.237361,1,101.78,Completed,101.78
4694,473,14,2024-01-22 13:13:21.756037,1,234.6,Completed,234.6
4695,114,10,2025-06-19 00:00:49.777208,2,108.18,Completed,216.36
4695,114,23,2025-06-19 00:00:49.777208,1,18.33,Completed,18.33
4696,164,3,2024-06-18 03:27:34.259367,1,101.78,Completed,101.78
4696,164,27,2024-06-18 03:27:34.259367,1,183.96,Completed,183.96
4697,72,23,2025-04-30 15:22:19.987125,2,13.87,Completed,27.74
4697,72,7,2025-04-30 15:22:19.987125,1,144.55,Completed,144.55
4698,533,39,2024-12-30 14:04:55.218080,1,71.92,Completed,71.92
4699,395,17,2025-05-10 21:43:34.597466,2,13.67,Completed,27.34
4700,267,51,2024-08-24 06:30:44.476648,1,80.72,Completed,80.72
4701,551,49,2024-06-18 00:29:08.418998,1,195.27,Completed,195.27
4702,663,58,2025-07-17 08:56:34.584575,3,199.54,Returned,598.62
4703,732,51,2025-10-31 14:32:24.121849,1,68.3,Completed,68.3
4704,744,30,2025-08-03 18:59:54.213765,2,122.03,Completed,244.06
4705,743,31,2024-03-17 23:09:55.074581,1,10.99,Completed,10.99
4705,743,25,2024-03-17 23:09:55.074581,1,207.06,Completed,207.06
4705,743,25,2024-03-17 23:09:55.074581,2,207.06,Completed,414.12
4706,524,46,2025-10-04 22:50:05.275953,3,73.0,Completed,219.0
4706,524,52,2025-10-04 22:50:05.275953,1,195.32,Completed,195.32
4706,524,28,2025-10-04 22:50:05.275953,1,29.06,Completed,29.06
4707,107,3,2025-06-15 13:25:06.801191,1,81.68,Completed,81.68
4708,594,56,2024-10-07 09:08:32.173440,1,125.24,Completed,125.24
4708,594,36,2024-10-07 09:08:32.173440,1,26.3,Completed,26.3
4709,423,16,2025-12-11 12:33:41.842273,2,103.54,Cancelled,207.08
4710,146,30,2025-11-04 08:01:26.375921,1,133.76,Completed,133.76
4710,146,58,2025-11-04 08:01:26.375921,4,199.54,Completed,798.16
4711,216,21,2024-02-15 04:57:17.361589,1,237.67,Returned,237.67
4712,338,12,2024-07-01 20:28:37.324597,1,101.68,Completed,101.68
4713,76,6,2024-01-28 07:34:05.436393,1,71.74,Completed,71.74
4714,727,54,2025-07-01 10:51:36.666443,2,29.61,Completed,59.22
4715,251,13,2024-11-18 07:34:42.566158,1,241.68,Completed,241.68
4716,351,13,2024-09-30 06:07:24.339103,4,241.68,Completed,966.72
4717,456,25,2025-04-05 20:16:18.673930,1,207.06,Completed,207.06
4718,462,5,2024-01-22 12:07:46.654281,3,18.8,Completed,56.400000000000006
4719,582,19,2024-05-07 01:39:28.890382,1,245.83,Completed,245.83
4719,582,13,2024-05-07 01:39:28.890382,1,188.03,Completed,188.03
4720,535,46,2024-03-19 14:13:15.007655,1,73.0,Completed,73.0
4721,227,12,2024-11-24 03:24:31.442057,1,101.68,Completed,101.68
4722,578,8,2024-04-07 05:57:20.029112,3,176.55,Completed,529.6500000000001
4722,578,39,2024-04-07 05:57:20.029112,1,71.92,Completed,71.92
4723,734,22,2025-04-10 07:10:26.234560,3,59.28,Returned,177.84
4724,650,50,2025-02-10 05:19:23.575191,1,243.34,Completed,243.34
4725,731,12,2024-05-22 20:58:42.389524,1,101.68,Completed,101.68
4725,731,23,2024-05-22 20:58:42.389524,1,18.33,Completed,18.33
4726,762,46,2024-12-24 12:07:29.620662,4,73.0,Completed,292.0
4727,132,47,2025-05-10 13:26:05.467759,3,72.57,Completed,217.70999999999998
4727,132,31,2025-05-10 13:26:05.467759,1,10.99,Completed,10.99
4728,653,35,2024-06-13 14:41:57.738235,1,241.49,Completed,241.49
4728,653,8,2024-06-13 14:41:57.738235,3,176.55,Completed,529.6500000000001
4729,598,11,2025-06-25 18:32:11.193275,2,63.06,Completed,126.12
4730,599,19,2024-11-12 20:47:02.074049,2,202.28,Completed,404.56
4731,521,52,2025-01-20 19:50:09.399246,2,195.32,Completed,390.64
4731,521,53,2025-01-20 19:50:09.399246,3,184.37,Completed,553.11
4732,416,24,2025-07-30 16:52:26.010402,4,173.32,Completed,693.28
4732,416,6,2025-07-30 16:52:26.010402,4,71.74,Completed,286.96
4733,353,59,2024-03-03 19:02:26.118768,1,179.72,Completed,179.72
4734,602,5,2024-01-18 16:44:17.902571,1,18.8,Cancelled,18.8
4735,322,4,2025-12-01 16:15:45.222980,1,100.31,Returned,100.31
4736,388,25,2024-03-11 05:31:52.098688,3,207.06,Completed,621.1800000000001
4737,497,18,2024-01-25 06:21:02.308056,1,133.07,Completed,133.07
4737,497,18,2024-01-25 06:21:02.308056,1,133.07,Cancelled,133.07
4738,496,3,2024-04-12 14:39:23.874645,1,101.78,Returned,101.78
4739,15,21,2024-01-04 19:44:23.006853,2,237.67,Completed,475.34
4740,67,23,2025-07-19 07:14:13.065114,1,18.33,Completed,18.33
4740,67,56,2025-07-19 07:14:13.065114,1,125.24,Returned,125.24
4740,67,47,2025-07-19 07:14:13.065114,3,89.76,Completed,269.28000000000003
4741,285,15,2025-02-18 20:31:44.031732,1,65.03,Completed,65.03
4742,747,47,2025-09-23 01:53:06.302863,1,89.76,Completed,89.76
4742,747,36,2025-09-23 01:53:06.302863,4,33.56,Completed,134.24
4743,366,60,2024-09-05 17:15:43.863305,2,196.88,Completed,393.76
4744,584,31,2025-05-13 02:58:05.977932,1,10.99,Completed,10.99
4745,13,19,2025-11-30 03:40:05.237903,1,245.83,Completed,245.83
4745,13,20,2025-11-30 03:40:05.237903,2,237.72,Completed,475.44
4746,537,46,2025-06-15 15:31:38.289976,1,73.0,Completed,73.0
4747,760,45,2025-01-20 13:16:00.846367,1,19.93,Completed,19.93
4748,681,32,2024-05-18 19:11:54.606349,1,131.46,Cancelled,131.46
4748,681,45,2024-05-18 19:11:54.606349,1,19.93,Completed,19.93
4748,681,11,2024-05-18 19:11:54.606349,3,63.06,Completed,189.18
4749,278,45,2024-05-31 10:57:29.315452,1,19.93,Completed,19.93
4749,278,13,2024-05-31 10:57:29.315452,1,241.68,Completed,241.68
4750,760,57,2025-08-27 03:07:37.027704,2,98.49,Completed,196.98
4751,82,20,2024-12-31 14:53:49.190207,2,237.72,Completed,475.44
4751,82,12,2024-12-31 14:53:49.190207,1,87.78,Completed,87.78
4751,82,26,2024-12-31 14:53:49.190207,4,152.0,Completed,608.0
4752,263,41,2024-09-17 05:37:14.068637,1,49.67,Completed,49.67
4753,188,2,2025-10-18 19:43:15.152138,1,72.13,Completed,72.13
4754,667,27,2025-09-14 23:56:47.136285,1,183.96,Completed,183.96
4755,234,58,2025-08-08 03:57:35.944577,2,199.54,Completed,399.08
4756,468,25,2024-11-16 09:08:37.162568,1,207.06,Completed,207.06
4757,624,12,2025-04-01 14:14:48.033421,2,101.68,Completed,203.36
4758,285,48,2025-09-30 00:04:31.144123,3,65.6,Completed,196.79999999999998
4758,285,39,2025-09-30 00:04:31.144123,1,71.92,Returned,71.92
4759,66,31,2025-02-19 11:33:01.612830,1,10.99,Cancelled,10.99
4760,136,34,2024-04-02 20:24:38.035661,1,145.12,Completed,145.12
4761,63,50,2025-01-12 14:09:54.392778,3,243.34,Completed,730.02
4761,63,28,2025-01-12 14:09:54.392778,1,29.06,Completed,29.06
4762,780,57,2024-03-14 15:59:44.986123,2,98.49,Completed,196.98
4763,476,14,2024-12-30 01:26:18.613677,1,217.32,Completed,217.32
4764,53,52,2024-02-07 13:54:44.043344,1,195.32,Completed,195.32
4765,650,59,2025-01-29 14:13:34.180194,2,151.98,Completed,303.96
4766,453,6,2024-01-17 10:56:39.192797,4,56.64,Cancelled,226.56
4767,556,45,2025-08-22 13:39:47.321796,1,19.93,Completed,19.93
4767,556,44,2025-08-22 13:39:47.321796,1,220.71,Completed,220.71
4768,308,34,2024-07-30 14:59:10.796652,1,145.12,Completed,145.12
4769,596,28,2025-08-27 13:09:42.255333,1,29.06,Completed,29.06
4770,115,58,2024-10-12 00:16:14.532402,2,199.54,Completed,399.08
4771,454,21,2024-09-18 06:29:56.438202,1,237.67,Completed,237.67
4771,454,38,2024-09-18 06:29:56.438202,1,220.99,Completed,220.99
4772,651,35,2025-09-28 21:11:35.573729,1,241.49,Completed,241.49
4772,651,18,2025-09-28 21:11:35.573729,1,133.07,Completed,133.07
4773,1,29,2024-04-25 05:45:36.439026,2,141.6,Completed,283.2
4773,1,20,2024-04-25 05:45:36.439026,2,237.72,Completed,475.44
4774,278,37,2024-07-29 06:58:07.680193,1,198.15,Completed,198.15
4774,278,7,2024-07-29 06:58:07.680193,3,144.55,Completed,433.65000000000003
4775,520,32,2025-01-25 03:06:18.548104,4,150.19,Completed,600.76
4776,291,35,2024-06-25 05:17:59.914104,3,241.49,Completed,724.47
4777,307,26,2025-01-12 23:09:03.251323,2,152.0,Completed,304.0
4777,307,25,2025-01-12 23:09:03.251323,3,207.06,Completed,621.1800000000001
4778,350,40,2025-03-22 05:03:13.299530,1,146.43,Completed,146.43
4778,350,18,2025-03-22 05:03:13.299530,1,133.07,Completed,133.07
4779,317,26,2024-08-15 22:25:58.520999,1,152.0,Completed,152.0
4780,115,15,2025-03-27 14:39:32.138370,1,65.03,Completed,65.03
4780,115,15,2025-03-27 14:39:32.138370,1,65.03,Completed,65.03
4781,500,7,2025-02-02 12:53:49.781677,1,134.24,Completed,134.24
4782,522,18,2025-10-13 00:28:57.925275,1,133.07,Completed,133.07
4782,522,43,2025-10-13 00:28:57.925275,1,105.22,Completed,105.22
4782,522,55,2025-10-13 00:28:57.925275,1,191.58,Completed,191.58
4783,312,38,2025-03-01 10:10:27.862525,1,203.84,Completed,203.84
4784,351,23,2025-11-14 22:57:32.542681,1,18.33,Completed,18.33
4785,552,48,2025-12-20 00:02:32.808685,2,83.25,Returned,166.5
4786,199,39,2025-04-21 20:37:28.766538,1,71.92,Returned,71.92
4787,782,12,2024-01-24 13:27:11.491253,1,101.68,Completed,101.68
4788,315,32,2024-11-03 15:01:40.141525,1,150.19,Completed,150.19
4789,328,15,2024-05-26 08:57:25.992847,1,65.03,Completed,65.03
4790,484,13,2025-10-10 06:15:03.991722,3,195.76,Completed,587.28
4791,625,41,2024-02-13 08:32:50.268139,3,49.67,Completed,149.01
4792,689,53,2024-05-29 02:10:03.185918,4,184.37,Completed,737.48
4793,161,42,2025-08-19 05:40:36.725345,1,157.62,Completed,157.62
4794,406,39,2024-08-28 14:45:09.569680,1,71.92,Completed,71.92
4795,162,23,2025-07-06 20:40:49.014481,1,18.33,Completed,18.33
4796,161,31,2025-10-27 23:50:18.031328,3,10.99,Completed,32.97
4796,161,22,2025-10-27 23:50:18.031328,3,59.28,Completed,177.84
4797,486,1,2024-02-15 11:59:43.422661,2,121.97,Cancelled,243.94
4798,427,59,2024-12-26 07:05:08.163860,3,179.72,Completed,539.16
4799,276,18,2025-08-11 03:11:58.256117,1,133.07,Completed,133.07
4800,270,55,2025-02-15 14:45:38.162570,1,229.05,Returned,229.05
4801,311,54,2025-03-21 07:13:47.905176,3,29.61,Completed,88.83
4801,311,52,2025-03-21 07:13:47.905176,1,195.32,Completed,195.32
4802,745,40,2025-09-01 13:15:37.990510,3,146.43,Completed,439.29
4803,764,2,2025-08-12 11:10:51.316619,1,72.13,Completed,72.13
4803,764,8,2025-08-12 11:10:51.316619,2,176.55,Completed,353.1
4804,577,30,2024-09-09 11:12:51.949306,2,133.76,Completed,267.52
4805,428,42,2024-02-21 15:46:09.980828,1,147.85,Completed,147.85
4806,57,14,2024-10-30 20:31:40.321042,1,234.6,Completed,234.6
4807,363,55,2025-06-23 16:21:00.571553,2,229.05,Completed,458.1
4808,144,47,2025-11-09 10:27:00.134604,2,89.76,Completed,179.52
4809,786,19,2025-10-09 21:19:35.254645,1,245.83,Completed,245.83
4810,722,38,2024-12-15 12:04:35.101316,1,220.99,Completed,220.99
4811,678,29,2024-04-04 12:13:09.748424,2,141.6,Cancelled,283.2
4812,302,41,2025-06-12 00:44:15.590647,1,49.67,Completed,49.67
4812,302,47,2025-06-12 00:44:15.590647,4,74.99,Completed,299.96
4813,392,39,2024-03-16 23:09:09.039595,1,71.92,Completed,71.92
4814,574,40,2024-12-28 12:22:28.331806,3,146.43,Completed,439.29
4815,221,33,2024-06-13 10:17:35.227855,1,35.23,Completed,35.23
4815,221,18,2024-06-13 10:17:35.227855,2,133.07,Returned,266.14
4816,281,27,2024-09-12 16:30:52.584390,1,146.92,Returned,146.92
4817,334,17,2024-12-14 15:25:19.819555,1,16.4,Returned,16.4
4817,334,1,2024-12-14 15:25:19.819555,1,121.97,Cancelled,121.97
4818,608,49,2025-07-24 12:36:46.814104,3,215.69,Completed,647.0699999999999
4819,48,39,2025-10-01 19:24:01.837015,1,71.92,Cancelled,71.92
4820,400,24,2024-06-15 06:16:11.997563,1,173.32,Completed,173.32
4821,724,19,2025-11-10 19:26:21.417825,1,245.83,Completed,245.83
4822,287,35,2024-01-20 05:43:08.101719,1,241.49,Completed,241.49
4823,601,3,2025-07-24 17:31:52.555551,1,101.78,Returned,101.78
4824,104,42,2024-05-23 04:58:24.366989,1,129.02,Completed,129.02
4824,104,55,2024-05-23 04:58:24.366989,1,229.05,Completed,229.05
4825,449,29,2025-03-19 22:35:36.415968,1,141.6,Completed,141.6
4826,114,24,2024-10-03 22:53:04.508969,2,173.32,Completed,346.64
4826,114,22,2024-10-03 22:53:04.508969,2,59.28,Completed,118.56
4827,76,22,2025-05-14 00:35:08.053219,4,59.28,Returned,237.12
4828,794,31,2024-01-14 05:01:19.270642,1,10.99,Completed,10.99
4829,156,19,2024-12-17 23:40:36.832421,1,245.83,Completed,245.83
4829,156,50,2024-12-17 23:40:36.832421,1,243.34,Completed,243.34
4829,156,51,2024-12-17 23:40:36.832421,1,80.72,Completed,80.72
4830,576,1,2024-10-09 14:25:34.754600,1,97.46,Completed,97.46
4830,576,57,2024-10-09 14:25:34.754600,1,98.49,Completed,98.49
4831,782,52,2024-10-02 09:01:52.478760,1,195.32,Cancelled,195.32
4832,571,47,2024-04-01 10:09:32.889179,1,89.76,Completed,89.76
4832,571,20,2024-04-01 10:09:32.889179,4,237.72,Completed,950.88
4833,23,21,2025-05-26 23:26:16.946375,1,214.85,Completed,214.85
4833,23,36,2025-05-26 23:26:16.946375,1,33.56,Completed,33.56
4834,717,6,2025-02-05 04:01:37.448670,1,71.74,Completed,71.74
4835,322,22,2024-03-25 09:01:03.561727,3,59.28,Completed,177.84
4836,370,8,2024-03-27 03:13:46.543683,1,176.55,Cancelled,176.55
4837,457,29,2025-03-25 10:14:38.744406,1,141.6,Completed,141.6
4837,457,39,2025-03-25 10:14:38.744406,3,71.92,Completed,215.76
4838,329,33,2025-10-21 14:13:07.006320,1,35.23,Completed,35.23
4839,472,41,2024-09-13 19:20:41.859788,2,49.67,Returned,99.34
4840,204,42,2024-09-07 11:33:40.186183,2,157.62,Completed,315.24
4841,721,29,2025-11-01 04:33:41.995679,1,141.6,Completed,141.6
4841,721,57,2025-11-01 04:33:41.995679,1,98.49,Completed,98.49
4842,24,60,2024-06-22 20:44:31.376357,1,172.95,Completed,172.95
4843,438,30,2024-03-08 03:40:44.402877,2,133.76,Completed,267.52
4844,499,7,2024-01-08 08:04:11.542155,1,144.55,Completed,144.55
4845,542,14,2024-10-28 12:54:26.192645,1,222.38,Completed,222.38
4845,542,16,2024-10-28 12:54:26.192645,4,103.54,Completed,414.16
4845,542,52,2024-10-28 12:54:26.192645,1,195.32,Completed,195.32
4846,33,14,2025-07-03 09:00:35.983541,1,234.6,Completed,234.6
4846,33,36,2025-07-03 09:00:35.983541,1,33.56,Completed,33.56
4847,335,29,2025-08-12 15:31:03.925209,2,141.6,Completed,283.2
4848,504,57,2025-01-26 10:31:54.861208,1,98.49,Completed,98.49
4849,342,10,2024-02-03 10:03:38.492351,2,108.18,Completed,216.36
4850,753,28,2025-08-08 06:57:34.281083,4,22.33,Completed,89.32
4850,753,2,2025-08-08 06:57:34.281083,1,72.13,Completed,72.13
4850,753,59,2025-08-08 06:57:34.281083,1,140.48,Completed,140.48
4851,526,57,2025-09-29 11:26:30.419574,1,98.49,Completed,98.49
4852,90,33,2024-07-01 10:38:25.663700,1,35.23,Completed,35.23
4853,480,57,2024-02-11 12:36:05.954972,2,98.49,Cancelled,196.98
4854,196,14,2024-02-11 08:35:18.195285,1,234.6,Completed,234.6
4855,786,13,2024-11-16 03:29:56.635330,1,241.68,Completed,241.68
4856,284,55,2024-07-25 07:04:53.493693,1,229.05,Completed,229.05
4857,757,19,2024-08-17 07:29:07.705458,1,245.83,Completed,245.83
4858,339,30,2025-03-15 18:19:42.809309,1,117.65,Completed,117.65
4859,348,40,2025-10-12 00:14:26.704322,1,146.43,Completed,146.43
4860,800,7,2025-12-29 14:30:57.364165,1,144.55,Completed,144.55
4861,443,21,2024-04-04 16:37:42.965887,1,237.67,Completed,237.67
4862,412,49,2024-10-17 09:46:57.949038,3,215.69,Completed,647.0699999999999
4863,7,43,2025-04-25 00:51:03.646604,2,105.22,Completed,210.44
4864,400,59,2025-04-24 07:27:42.360234,1,142.89,Returned,142.89
4864,400,28,2025-04-24 07:27:42.360234,1,29.06,Completed,29.06
4865,266,25,2024-02-25 18:08:25.049215,2,207.06,Completed,414.12
4866,599,15,2025-11-16 00:14:41.625063,4,65.03,Completed,260.12
4867,335,50,2024-05-30 06:41:02.544228,1,243.34,Completed,243.34
4868,670,45,2025-05-29 20:04:15.096129,1,19.93,Completed,19.93
4869,789,60,2025-08-16 19:12:11.242219,2,196.88,Completed,393.76
4869,789,41,2025-08-16 19:12:11.242219,1,49.67,Completed,49.67
4870,733,56,2025-10-17 06:39:21.148182,3,125.24,Completed,375.71999999999997
4871,157,16,2025-09-18 21:28:40.646187,3,103.54,Completed,310.62
4872,152,18,2024-11-19 18:51:10.779940,1,133.07,Completed,133.07
4873,186,20,2024-08-08 23:38:07.382210,2,203.65,Completed,407.3
4874,41,57,2024-09-24 20:40:38.209675,2,98.49,Completed,196.98
4875,554,26,2025-02-06 12:37:49.254179,1,152.0,Completed,152.0
4876,71,40,2025-09-26 08:22:15.310395,1,146.43,Completed,146.43
4877,323,27,2024-06-27 06:29:07.694304,1,183.96,Completed,183.96
4878,674,21,2025-10-13 20:58:58.469246,3,237.67,Returned,713.01
4879,311,33,2024-08-20 18:24:31.636273,1,35.23,Completed,35.23
4880,278,51,2025-01-30 05:39:50.177081,1,80.72,Completed,80.72
4881,223,26,2024-03-17 04:42:20.043409,1,152.0,Completed,152.0
4882,28,50,2024-09-10 01:03:11.270241,1,226.25,Completed,226.25
4883,451,16,2024-10-26 21:48:32.950455,1,97.29,Completed,97.29
4884,27,28,2025-11-24 21:52:18.408544,1,29.06,Completed,29.06
4885,762,42,2024-12-20 22:21:31.795791,3,157.62,Completed,472.86
4886,214,19,2024-02-27 06:22:30.958254,1,245.83,Completed,245.83
4887,458,51,2025-10-27 19:06:07.936059,1,80.72,Cancelled,80.72
4888,204,13,2025-09-06 05:46:19.777330,1,241.68,Cancelled,241.68
4889,390,14,2025-01-15 07:49:53.365189,1,234.6,Completed,234.6
4889,390,10,2025-01-15 07:49:53.365189,1,102.11,Completed,102.11
4890,519,7,2024-08-10 14:32:05.288082,1,144.55,Completed,144.55
4891,742,56,2025-02-07 15:57:30.419337,1,125.24,Completed,125.24
4891,742,15,2025-02-07 15:57:30.419337,1,65.03,Completed,65.03
4892,215,50,2024-03-30 14:32:45.002532,2,206.31,Completed,412.62
4892,215,9,2024-03-30 14:32:45.002532,3,169.69,Completed,509.07
4893,768,7,2025-06-13 04:26:11.269771,4,144.55,Completed,578.2
4894,426,11,2025-07-29 04:42:35.223991,1,63.06,Completed,63.06
4895,93,28,2024-01-27 04:24:06.059051,2,29.06,Completed,58.12
4895,93,56,2024-01-27 04:24:06.059051,1,125.24,Completed,125.24
4896,262,14,2024-06-20 15:02:37.953222,1,234.6,Returned,234.6
4896,262,16,2024-06-20 15:02:37.953222,3,103.54,Completed,310.62
4896,262,20,2024-06-20 15:02:37.953222,1,196.36,Completed,196.36
4897,431,1,2024-11-17 09:39:36.798813,2,121.97,Completed,243.94
4897,431,21,2024-11-17 09:39:36.798813,1,237.67,Completed,237.67
4898,364,26,2025-07-11 20:38:36.629450,1,152.0,Completed,152.0
4899,318,31,2025-11-26 17:20:52.140609,4,10.99,Cancelled,43.96
4900,445,15,2024-01-16 12:59:40.826413,1,65.03,Completed,65.03
4901,668,23,2025-09-02 12:25:03.400024,1,18.33,Completed,18.33
4902,719,13,2024-07-16 07:37:51.562546,2,212.37,Completed,424.74
4903,400,37,2025-03-05 09:58:03.179143,1,198.15,Completed,198.15
4904,17,40,2024-08-07 07:13:59.105170,1,146.43,Completed,146.43
4905,282,26,2025-12-05 12:29:24.828524,1,152.0,Completed,152.0
4906,332,15,2024-02-13 14:17:42.454150,3,59.79,Returned,179.37
4907,182,39,2025-09-15 20:08:26.328824,1,71.92,Completed,71.92
4908,132,30,2024-10-07 06:33:47.781951,1,133.76,Completed,133.76
4909,144,28,2024-01-14 18:13:31.190015,1,29.06,Completed,29.06
4909,144,35,2024-01-14 18:13:31.190015,1,241.49,Completed,241.49
4910,63,41,2024-10-06 06:56:41.738494,1,49.67,Completed,49.67
4911,215,32,2024-11-20 03:13:32.737928,1,150.19,Completed,150.19
4912,677,22,2024-06-12 20:20:12.729381,1,59.28,Completed,59.28
4912,677,40,2024-06-12 20:20:12.729381,1,146.43,Completed,146.43
4913,162,18,2024-10-03 21:48:31.169649,2,133.07,Completed,266.14
4914,179,27,2025-04-26 17:53:53.434741,2,183.96,Completed,367.92
4915,156,8,2025-01-23 17:15:31.492663,2,176.55,Returned,353.1
4916,685,20,2025-04-27 02:15:03.749573,1,237.72,Completed,237.72
4917,113,28,2024-01-23 20:28:58.304899,1,29.06,Completed,29.06
4918,31,4,2025-07-10 23:41:43.333503,2,100.31,Completed,200.62
4919,314,9,2025-11-15 04:09:45.135038,1,169.69,Completed,169.69
4920,383,60,2025-10-26 08:08:46.062542,2,196.88,Completed,393.76
4921,272,40,2025-07-04 18:27:21.071615,2,146.43,Completed,292.86
4921,272,7,2025-07-04 18:27:21.071615,1,109.16,Completed,109.16
4922,30,56,2024-09-02 10:32:40.422430,1,125.24,Returned,125.24
4922,30,4,2024-09-02 10:32:40.422430,1,92.73,Completed,92.73
4923,418,27,2025-08-27 13:19:13.990026,1,151.84,Completed,151.84
4924,613,13,2024-07-10 15:34:24.940546,1,241.68,Completed,241.68
4925,174,40,2025-07-03 22:08:16.001858,1,146.43,Cancelled,146.43
4925,174,57,2025-07-03 22:08:16.001858,1,91.54,Completed,91.54
4925,174,26,2025-07-03 22:08:16.001858,1,144.04,Completed,144.04
4926,116,37,2024-06-07 01:51:12.597109,1,198.15,Completed,198.15
4927,476,41,2024-01-20 23:05:12.565899,1,49.67,Completed,49.67
4927,476,58,2024-01-20 23:05:12.565899,1,199.54,Completed,199.54
4928,550,3,2025-06-13 19:46:32.399748,1,101.78,Completed,101.78
4928,550,32,2025-06-13 19:46:32.399748,1,150.19,Completed,150.19
4929,653,41,2025-03-29 17:12:53.031226,4,41.98,Completed,167.92
4930,264,6,2025-09-23 23:48:17.823071,1,63.22,Completed,63.22
4931,375,58,2025-07-25 07:22:26.913315,1,199.54,Completed,199.54
4932,685,49,2025-11-08 20:29:04.788242,1,215.69,Completed,215.69
4932,685,48,2025-11-08 20:29:04.788242,3,83.25,Completed,249.75
4933,767,7,2025-07-03 06:03:38.152232,2,144.55,Completed,289.1
4934,585,58,2025-08-12 09:35:24.399484,2,199.54,Completed,399.08
4935,225,47,2025-02-07 21:42:49.408599,1,89.76,Completed,89.76
4936,147,11,2025-11-26 07:20:14.499444,1,63.06,Completed,63.06
4937,85,15,2025-11-11 16:55:17.881555,2,65.03,Completed,130.06
4938,735,24,2024-07-28 19:34:18.129819,1,173.32,Completed,173.32
4939,630,36,2025-12-24 08:24:47.124861,1,26.69,Completed,26.69
4940,190,53,2025-01-25 09:01:09.767705,3,184.37,Completed,553.11
4940,190,54,2025-01-25 09:01:09.767705,1,29.61,Completed,29.61
4941,728,57,2024-11-05 09:35:22.447872,1,98.49,Completed,98.49
4941,728,15,2024-11-05 09:35:22.447872,1,65.03,Completed,65.03
4942,533,35,2025-06-09 00:44:16.168967,1,241.49,Completed,241.49
4943,274,11,2025-07-15 09:05:46.985239,2,63.06,Completed,126.12
4943,274,26,2025-07-15 09:05:46.985239,1,126.83,Completed,126.83
4944,678,8,2024-07-08 20:57:51.894260,1,158.42,Completed,158.42
4944,678,33,2024-07-08 20:57:51.894260,1,35.23,Completed,35.23
4945,766,30,2025-12-02 00:32:37.474214,3,133.76,Completed,401.28
4946,395,8,2024-12-07 03:39:53.736564,1,176.55,Completed,176.55
4947,203,55,2025-12-25 14:34:51.967465,1,229.05,Completed,229.05
4948,15,6,2024-06-22 21:44:07.443466,1,54.29,Completed,54.29
4949,244,50,2025-10-24 15:07:28.715383,1,243.34,Completed,243.34
4950,331,59,2024-07-23 21:51:58.647144,1,152.07,Completed,152.07
4950,331,43,2024-07-23 21:51:58.647144,1,105.22,Completed,105.22
4951,193,24,2025-05-13 07:07:47.227639,3,173.32,Completed,519.96
4952,592,12,2024-07-19 07:21:44.039667,3,101.68,Completed,305.04
4952,592,35,2024-07-19 07:21:44.039667,1,241.49,Completed,241.49
4953,465,9,2025-12-30 03:04:57.773127,1,169.69,Completed,169.69
4954,559,39,2025-07-17 01:51:46.305043,1,71.92,Completed,71.92
4955,763,47,2024-08-03 22:51:09.208259,2,89.76,Completed,179.52
4955,763,57,2024-08-03 22:51:09.208259,1,98.49,Completed,98.49
4956,346,25,2025-02-20 21:22:03.778333,1,207.06,Completed,207.06
4957,191,35,2024-01-29 04:22:50.793782,2,241.49,Completed,482.98
4957,191,3,2024-01-29 04:22:50.793782,1,101.78,Returned,101.78
4958,500,49,2024-07-19 05:12:29.969697,1,215.69,Completed,215.69
4958,500,53,2024-07-19 05:12:29.969697,2,184.37,Completed,368.74
4959,99,25,2024-07-15 04:27:12.829223,1,207.06,Completed,207.06
4960,351,7,2024-07-01 20:59:33.364487,1,144.55,Completed,144.55
4961,270,58,2025-04-21 17:06:18.128915,1,164.24,Completed,164.24
4961,270,57,2025-04-21 17:06:18.128915,1,98.49,Returned,98.49
4962,557,58,2025-07-17 05:48:00.153791,1,158.72,Completed,158.72
4963,469,57,2024-01-10 00:10:52.728703,1,98.49,Completed,98.49
4963,469,50,2024-01-10 00:10:52.728703,1,217.19,Completed,217.19
4964,130,42,2024-08-12 00:48:11.277313,1,157.62,Completed,157.62
4965,315,22,2025-04-27 08:48:13.892591,1,59.28,Completed,59.28
4965,315,46,2025-04-27 08:48:13.892591,1,73.0,Completed,73.0
4966,85,16,2025-09-02 06:42:59.150668,1,103.54,Cancelled,103.54
4966,85,48,2025-09-02 06:42:59.150668,1,83.25,Returned,83.25
4967,187,42,2025-09-10 17:49:24.760967,1,157.62,Completed,157.62
4967,187,37,2025-09-10 17:49:24.760967,1,198.15,Completed,198.15
4967,187,48,2025-09-10 17:49:24.760967,1,83.25,Completed,83.25
4968,200,34,2024-11-19 23:31:41.425130,1,128.59,Completed,128.59
4969,795,6,2024-01-13 14:30:44.454589,1,64.33,Completed,64.33
4970,363,37,2024-01-07 11:24:52.915714,1,198.15,Completed,198.15
4971,799,40,2024-01-28 00:18:21.325169,1,146.43,Completed,146.43
4972,544,32,2024-09-18 20:50:18.145535,1,150.19,Completed,150.19
4973,546,1,2025-04-10 13:15:32.763091,1,121.97,Completed,121.97
4973,546,2,2025-04-10 13:15:32.763091,1,72.13,Completed,72.13
4974,544,39,2025-02-10 07:46:45.655233,1,71.92,Completed,71.92
4975,163,33,2024-10-25 06:51:45.944460,1,27.59,Completed,27.59
4976,650,12,2025-02-27 02:04:19.397946,3,101.68,Completed,305.04
4976,650,37,2025-02-27 02:04:19.397946,1,198.15,Completed,198.15
4976,650,25,2025-02-27 02:04:19.397946,4,207.06,Completed,828.24
4977,734,43,2024-02-28 01:39:41.648701,3,105.22,Completed,315.65999999999997
4978,625,7,2025-10-16 20:12:57.031793,1,144.55,Completed,144.55
4979,208,59,2025-02-06 13:22:00.099961,1,179.72,Completed,179.72
4979,208,58,2025-02-06 13:22:00.099961,3,199.54,Completed,598.62
4980,411,16,2025-11-26 21:41:54.181335,4,103.54,Completed,414.16
4980,411,37,2025-11-26 21:41:54.181335,3,198.15,Completed,594.45
4981,432,14,2024-11-17 12:30:01.162957,1,234.6,Completed,234.6
4982,480,10,2024-07-07 08:16:54.880834,1,108.18,Completed,108.18
4983,739,9,2025-07-28 07:36:34.580574,1,169.69,Completed,169.69
4983,739,52,2025-07-28 07:36:34.580574,2,156.31,Completed,312.62
4984,570,50,2024-07-08 11:09:17.511355,1,243.34,Cancelled,243.34
4985,214,28,2024-12-27 07:09:17.294930,3,29.06,Completed,87.17999999999999
4986,628,20,2024-06-15 00:22:46.067600,1,237.72,Completed,237.72
4987,69,1,2024-05-07 09:09:28.705498,1,101.49,Completed,101.49
4988,148,33,2025-09-28 00:06:37.717804,1,35.23,Completed,35.23
4989,165,30,2025-04-23 20:44:13.942090,1,133.76,Completed,133.76
4990,249,54,2024-06-18 20:25:17.004770,1,29.61,Completed,29.61
4991,164,45,2025-04-22 20:36:23.497593,3,19.93,Completed,59.79
4992,401,43,2024-05-14 12:09:22.474450,1,105.22,Completed,105.22
4992,401,57,2024-05-14 12:09:22.474450,1,98.49,Completed,98.49
4992,401,44,2024-05-14 12:09:22.474450,3,220.71,Completed,662.13
4993,232,45,2025-01-04 21:43:12.490765,1,19.93,Returned,19.93
4994,283,27,2024-11-17 10:12:41.720744,1,152.74,Completed,152.74
4995,744,48,2024-08-19 15:41:57.559551,1,83.25,Completed,83.25
4996,689,30,2025-02-07 23:42:12.129982,1,133.76,Completed,133.76
4997,455,59,2024-06-15 09:43:35.107694,1,144.69,Completed,144.69
4998,336,53,2025-11-25 17:51:01.579985,1,142.6,Completed,142.6
4999,319,56,2025-12-25 03:20:03.557252,1,125.24,Completed,125.24
5000,791,46,2025-12-12 22:56:47.007938,1,73.0,Completed,73.0
5001,483,33,2024-01-12 18:23:25.463291,1,35.23,Completed,35.23
5001,483,13,2024-01-12 18:23:25.463291,1,241.68,Completed,241.68
5001,483,58,2024-01-12 18:23:25.463291,1,199.54,Cancelled,199.54
5002,555,59,2025-09-08 19:11:21.791762,4,179.72,Completed,718.88
5002,555,42,2025-09-08 19:11:21.791762,1,157.62,Completed,157.62
5003,73,40,2025-09-12 01:36:58.823677,2,146.43,Returned,292.86
5004,773,49,2025-01-29 12:31:57.111065,1,215.69,Completed,215.69
5005,350,17,2024-02-02 15:43:23.993068,1,16.4,Completed,16.4
5006,42,27,2024-06-20 07:53:20.368861,4,183.96,Completed,735.84
5006,42,60,2024-06-20 07:53:20.368861,4,196.88,Completed,787.52
5007,116,49,2024-03-20 16:32:38.921888,1,215.69,Completed,215.69
5008,437,27,2025-01-05 01:33:09.704694,1,183.96,Completed,183.96
5008,437,48,2025-01-05 01:33:09.704694,2,83.25,Completed,166.5
5009,709,18,2024-03-23 14:57:30.639832,3,133.07,Completed,399.21
5010,499,17,2024-02-26 12:55:40.593263,1,16.4,Completed,16.4
5010,499,35,2024-02-26 12:55:40.593263,4,241.49,Completed,965.96
5010,499,34,2024-02-26 12:55:40.593263,1,137.79,Completed,137.79
5011,618,1,2024-05-28 22:48:51.699402,4,121.97,Completed,487.88
5011,618,37,2024-05-28 22:48:51.699402,1,198.15,Completed,198.15
5012,248,14,2025-02-20 08:48:37.642867,1,234.6,Completed,234.6
5012,248,13,2025-02-20 08:48:37.642867,4,241.68,Completed,966.72
5013,719,31,2025-08-28 06:29:42.661707,1,10.99,Completed,10.99
5014,432,56,2025-05-12 03:24:17.676524,2,96.56,Completed,193.12
5014,432,7,2025-05-12 03:24:17.676524,1,144.55,Completed,144.55
5015,742,15,2024-02-22 02:48:30.285988,4,65.03,Completed,260.12
5016,258,1,2024-11-07 07:50:52.030303,1,121.97,Completed,121.97
5017,337,39,2024-07-25 15:38:19.343922,1,71.92,Completed,71.92
5017,337,3,2024-07-25 15:38:19.343922,1,101.78,Completed,101.78
5018,366,54,2024-01-19 00:38:57.914899,3,22.81,Completed,68.42999999999999
5019,498,33,2025-03-19 02:03:26.212967,2,35.23,Cancelled,70.46
5020,507,39,2024-09-20 00:13:38.265070,1,71.92,Completed,71.92
5021,445,38,2025-12-12 19:43:53.344707,3,220.99,Returned,662.97
5022,107,53,2025-10-17 02:18:42.456372,3,184.37,Completed,553.11
5022,107,31,2025-10-17 02:18:42.456372,3,10.99,Completed,32.97
5023,500,59,2024-09-30 13:01:02.789612,3,179.72,Completed,539.16
5024,580,28,2025-11-19 00:14:30.218032,1,29.06,Completed,29.06
5025,532,21,2024-08-02 15:59:03.825959,3,237.67,Completed,713.01
5026,684,47,2024-01-23 17:52:39.872050,1,89.76,Completed,89.76
5027,617,8,2024-09-25 20:38:58.286669,1,162.01,Completed,162.01
5027,617,42,2024-09-25 20:38:58.286669,1,157.62,Completed,157.62
5027,617,50,2024-09-25 20:38:58.286669,2,187.12,Completed,374.24
5028,783,9,2024-07-31 08:05:18.704662,1,169.69,Completed,169.69
5029,595,55,2024-04-19 13:06:29.511037,1,229.05,Completed,229.05
5029,595,35,2024-04-19 13:06:29.511037,2,241.49,Completed,482.98
5030,432,9,2025-03-07 14:18:16.765549,1,169.69,Completed,169.69
5031,736,39,2024-03-18 13:11:11.249155,1,71.92,Completed,71.92
5032,356,40,2024-06-03 09:07:24.328221,1,146.43,Returned,146.43
5032,356,58,2024-06-03 09:07:24.328221,1,199.54,Completed,199.54
5032,356,58,2024-06-03 09:07:24.328221,1,199.54,Completed,199.54
5033,536,35,2024-08-16 13:36:46.861205,1,200.37,Completed,200.37
5033,536,3,2024-08-16 13:36:46.861205,1,101.78,Completed,101.78
5034,763,35,2025-06-06 12:15:17.437816,3,241.49,Cancelled,724.47
5034,763,36,2025-06-06 12:15:17.437816,1,33.56,Completed,33.56
5035,27,49,2025-06-25 16:36:02.397534,4,215.69,Cancelled,862.76
5036,186,19,2025-07-25 22:20:39.965370,1,230.88,Completed,230.88
5037,102,31,2025-06-04 08:57:39.572298,1,10.99,Completed,10.99
5038,423,7,2025-11-17 03:44:45.322215,1,144.55,Returned,144.55
5039,747,52,2024-10-03 13:16:17.098122,3,195.32,Completed,585.96
5040,260,11,2025-03-01 08:39:46.887802,2,63.06,Completed,126.12
5041,700,11,2025-04-24 15:40:46.199193,1,63.06,Completed,63.06
5042,255,52,2024-04-19 13:18:30.593445,1,195.32,Completed,195.32
5043,49,23,2025-07-10 16:57:33.731467,3,18.33,Completed,54.989999999999995
5044,716,42,2025-04-18 22:11:44.173807,3,157.62,Completed,472.86
5044,716,14,2025-04-18 22:11:44.173807,1,234.6,Completed,234.6
5045,165,33,2025-11-28 06:44:31.910472,1,35.23,Completed,35.23
5046,790,56,2025-11-30 19:06:46.541087,1,125.24,Completed,125.24
5047,664,50,2025-12-25 09:26:10.562517,1,243.34,Completed,243.34
5048,411,58,2025-02-16 17:50:59.218738,3,199.54,Completed,598.62
5048,411,3,2025-02-16 17:50:59.218738,1,101.78,Completed,101.78
5048,411,5,2025-02-16 17:50:59.218738,1,18.8,Returned,18.8
5049,512,37,2025-12-29 09:40:59.536748,1,198.15,Completed,198.15
5050,342,15,2025-04-05 03:16:58.995373,1,65.03,Completed,65.03
5051,552,39,2025-06-19 18:49:33.324737,1,71.92,Completed,71.92
5051,552,40,2025-06-19 18:49:33.324737,1,146.43,Completed,146.43
5052,234,24,2025-01-28 10:42:30.837286,1,173.32,Completed,173.32
5053,314,10,2024-03-29 12:09:58.952773,1,96.75,Completed,96.75
5053,314,20,2024-03-29 12:09:58.952773,1,237.72,Completed,237.72
5054,321,24,2025-10-03 06:57:45.576221,1,173.32,Completed,173.32
5055,655,30,2025-08-05 16:33:40.286744,1,133.76,Completed,133.76
5055,655,47,2025-08-05 16:33:40.286744,1,89.76,Completed,89.76
5056,272,43,2025-03-19 04:25:37.986889,1,105.22,Completed,105.22
5057,498,45,2025-04-26 05:08:41.059772,1,19.93,Completed,19.93
5058,449,47,2025-01-14 20:17:12.062494,1,89.76,Cancelled,89.76
5058,449,60,2025-01-14 20:17:12.062494,2,196.88,Completed,393.76
5059,173,44,2024-08-19 08:46:39.058380,2,220.71,Completed,441.42
5059,173,60,2024-08-19 08:46:39.058380,2,170.57,Completed,341.14
5060,519,39,2024-05-22 08:48:48.187936,1,71.92,Completed,71.92
5061,574,26,2025-02-23 22:16:12.917421,1,152.0,Completed,152.0
5062,574,37,2025-10-27 01:56:16.868625,1,198.15,Cancelled,198.15
5063,408,36,2024-08-27 22:33:08.983368,1,33.56,Completed,33.56
5064,78,4,2025-08-06 06:35:03.513438,3,100.31,Completed,300.93
5065,93,56,2025-12-14 13:21:28.014515,1,125.24,Completed,125.24
5066,680,60,2024-06-17 13:12:18.364559,1,196.88,Completed,196.88
5066,680,8,2024-06-17 13:12:18.364559,1,176.55,Completed,176.55
5067,734,24,2024-08-17 19:34:58.478479,1,173.32,Returned,173.32
5068,363,38,2025-12-10 20:23:34.214393,2,220.99,Completed,441.98
5069,395,40,2025-05-20 22:38:28.640791,1,137.82,Completed,137.82
5070,301,33,2024-11-20 20:31:52.165867,1,35.23,Returned,35.23
5071,85,39,2025-11-30 01:18:05.989029,2,71.92,Completed,143.84
5072,231,7,2024-10-26 05:54:00.920989,4,144.55,Completed,578.2
5073,42,44,2024-02-28 04:10:12.194863,3,220.71,Completed,662.13
5074,159,24,2025-02-13 03:12:32.044922,1,173.32,Completed,173.32
5074,159,30,2025-02-13 03:12:32.044922,1,133.76,Completed,133.76
5074,159,52,2025-02-13 03:12:32.044922,1,195.32,Completed,195.32
5075,712,30,2024-02-25 19:17:41.360633,4,133.76,Completed,535.04
5075,712,45,2024-02-25 19:17:41.360633,1,19.93,Returned,19.93
5076,232,8,2024-09-21 11:26:36.126536,1,176.55,Completed,176.55
5077,222,50,2024-12-19 10:23:13.852493,1,196.95,Completed,196.95
5078,22,36,2024-06-17 03:43:44.769668,1,33.56,Completed,33.56
5079,495,22,2025-07-28 00:02:54.826659,1,59.28,Completed,59.28
5080,425,43,2024-06-16 17:27:11.076377,1,105.22,Completed,105.22
5081,582,4,2025-08-27 07:25:32.698486,1,100.31,Completed,100.31
5082,191,22,2025-12-21 07:46:18.811962,1,59.28,Completed,59.28
5083,595,31,2025-11-06 18:33:39.347058,1,10.99,Completed,10.99
5083,595,39,2025-11-06 18:33:39.347058,2,71.92,Completed,143.84
5084,397,47,2024-06-27 19:25:03.555055,1,89.76,Completed,89.76
5085,724,18,2025-10-25 18:20:08.582500,1,133.07,Completed,133.07
5085,724,36,2025-10-25 18:20:08.582500,1,33.56,Completed,33.56
5086,270,51,2025-05-07 02:19:18.572806,1,80.72,Completed,80.72
5086,270,13,2025-05-07 02:19:18.572806,1,241.68,Completed,241.68
5086,270,36,2025-05-07 02:19:18.572806,1,33.56,Completed,33.56
5087,241,1,2025-05-01 02:36:52.122172,1,121.97,Completed,121.97
5088,366,30,2025-03-18 01:09:36.137640,1,118.86,Completed,118.86
5089,330,44,2025-08-03 23:23:46.413834,2,220.71,Completed,441.42
5090,720,24,2024-09-06 08:20:16.742989,1,173.32,Completed,173.32
5091,552,12,2024-03-27 02:43:46.825153,1,101.68,Completed,101.68
5092,99,26,2024-10-25 04:58:08.001689,4,152.0,Completed,608.0
5092,99,45,2024-10-25 04:58:08.001689,1,19.93,Completed,19.93
5093,520,48,2025-01-03 16:03:15.963331,2,83.25,Completed,166.5
5094,549,37,2024-04-18 07:56:34.922905,1,198.15,Completed,198.15
5095,619,40,2024-12-26 18:23:17.181442,1,146.43,Completed,146.43
5095,619,11,2024-12-26 18:23:17.181442,1,63.06,Completed,63.06
5096,719,38,2025-10-05 10:51:01.971207,3,220.99,Completed,662.97
5097,568,21,2024-05-24 14:47:09.168474,1,237.67,Completed,237.67
5098,230,7,2024-05-11 08:07:23.684005,1,144.55,Completed,144.55
5099,589,49,2024-11-27 11:17:29.122232,1,215.69,Completed,215.69
5100,472,32,2024-05-01 17:49:36.942700,1,150.19,Completed,150.19
5100,472,25,2024-05-01 17:49:36.942700,1,207.06,Completed,207.06
5101,447,31,2024-11-01 14:19:14.007081,2,10.43,Completed,20.86
5102,23,47,2025-07-12 19:43:38.803424,1,89.76,Completed,89.76
5103,573,3,2025-06-03 07:24:37.585811,3,101.78,Completed,305.34000000000003
5104,356,3,2024-12-08 23:57:06.867667,2,101.78,Completed,203.56
5104,356,51,2024-12-08 23:57:06.867667,1,80.72,Completed,80.72
5105,66,42,2024-03-14 17:26:19.989083,1,157.62,Completed,157.62
5106,67,8,2025-09-26 16:55:05.108634,1,176.55,Completed,176.55
5106,67,48,2025-09-26 16:55:05.108634,1,83.25,Returned,83.25
5107,259,26,2025-08-31 17:12:07.112705,4,152.0,Completed,608.0
5108,746,58,2024-01-18 11:16:45.280610,1,173.51,Completed,173.51
5109,442,6,2024-05-01 20:42:44.529552,1,71.74,Completed,71.74
5110,137,40,2024-02-23 07:13:03.622579,1,146.43,Completed,146.43
5111,221,17,2025-01-10 20:59:49.398293,1,16.4,Completed,16.4
5112,318,52,2025-01-21 09:30:20.259429,1,195.32,Completed,195.32
5113,691,58,2024-10-10 07:45:34.487700,1,199.54,Returned,199.54
5113,691,51,2024-10-10 07:45:34.487700,1,80.72,Completed,80.72
5113,691,50,2024-10-10 07:45:34.487700,1,243.34,Completed,243.34
5114,521,37,2024-11-04 07:43:27.099023,1,198.15,Completed,198.15
5115,148,29,2024-04-03 00:58:34.824430,3,141.6,Completed,424.79999999999995
5116,698,22,2025-05-23 18:11:26.902936,1,59.28,Completed,59.28
5117,7,17,2024-06-25 05:56:22.470541,1,16.4,Returned,16.4
5117,7,42,2024-06-25 05:56:22.470541,1,142.0,Completed,142.0
5118,602,47,2024-08-02 04:13:33.393976,1,84.87,Completed,84.87
5119,629,5,2024-09-02 20:52:52.674615,1,15.66,Completed,15.66
5120,166,5,2025-08-25 01:01:01.298861,1,18.8,Completed,18.8
5121,255,36,2024-09-02 17:56:28.454676,1,33.56,Completed,33.56
5122,793,26,2025-03-20 09:25:49.310536,1,152.0,Completed,152.0
5122,793,1,2025-03-20 09:25:49.310536,1,121.97,Completed,121.97
5123,186,60,2024-03-19 16:09:42.431850,1,184.23,Completed,184.23
5124,747,43,2025-06-11 04:35:10.756246,2,80.79,Cancelled,161.58
5124,747,19,2025-06-11 04:35:10.756246,1,245.83,Completed,245.83
5125,588,25,2024-02-23 20:08:40.384138,1,207.06,Completed,207.06
5125,588,4,2024-02-23 20:08:40.384138,4,100.31,Completed,401.24
5125,588,21,2024-02-23 20:08:40.384138,4,237.67,Completed,950.68
5126,391,32,2025-11-03 03:04:45.782151,1,150.19,Completed,150.19
5127,142,57,2025-11-24 10:34:54.685310,2,98.49,Completed,196.98
5127,142,41,2025-11-24 10:34:54.685310,1,49.67,Completed,49.67
5127,142,49,2025-11-24 10:34:54.685310,3,215.69,Completed,647.0699999999999
5128,182,18,2025-10-26 19:00:44.710372,1,133.07,Completed,133.07
5129,259,19,2025-04-05 12:10:35.744253,1,245.83,Returned,245.83
5130,189,37,2025-06-24 17:01:11.427488,1,198.15,Completed,198.15
5131,206,22,2024-11-14 01:17:28.785685,4,59.28,Completed,237.12
5132,663,57,2025-07-07 02:12:15.599226,1,98.49,Completed,98.49
5133,348,52,2025-05-26 01:59:30.806577,1,195.32,Completed,195.32
5134,97,29,2025-06-19 09:55:25.404401,1,141.6,Completed,141.6
5135,21,11,2025-06-12 07:21:17.268672,1,63.06,Cancelled,63.06
5136,63,50,2025-03-06 09:03:30.461738,1,243.34,Completed,243.34
5137,61,27,2025-08-21 16:15:29.813118,1,183.96,Completed,183.96
5137,61,44,2025-08-21 16:15:29.813118,1,165.61,Completed,165.61
5138,542,21,2025-01-06 20:13:56.035859,4,193.79,Completed,775.16
5139,314,49,2024-04-21 03:31:55.573460,1,200.81,Completed,200.81
5139,314,8,2024-04-21 03:31:55.573460,2,176.55,Completed,353.1
5140,72,4,2024-01-06 16:22:16.376070,1,100.31,Completed,100.31
5141,194,57,2025-03-08 22:12:20.944152,4,98.49,Completed,393.96
5142,511,37,2025-05-06 22:51:08.049330,1,198.15,Cancelled,198.15
5143,224,57,2024-11-27 01:47:44.743172,1,98.49,Completed,98.49
5144,100,21,2024-08-21 22:03:14.631065,1,237.67,Completed,237.67
5144,100,28,2024-08-21 22:03:14.631065,4,29.06,Cancelled,116.24
5145,615,38,2024-05-09 00:10:26.516386,2,220.99,Returned,441.98
5145,615,14,2024-05-09 00:10:26.516386,1,234.6,Completed,234.6
5146,452,49,2025-06-11 10:46:53.087918,1,215.69,Completed,215.69
5147,791,54,2024-07-22 21:19:43.526024,1,29.61,Completed,29.61
5148,153,15,2025-07-18 07:04:14.660556,2,65.03,Completed,130.06
5149,456,1,2024-06-18 13:15:26.305645,1,92.42,Completed,92.42
5150,551,22,2024-12-26 02:30:05.533300,1,59.28,Completed,59.28
5151,124,59,2024-02-05 06:00:17.406345,3,179.72,Completed,539.16
5152,320,17,2025-01-12 21:42:44.213510,1,16.4,Completed,16.4
5152,320,54,2025-01-12 21:42:44.213510,2,26.25,Completed,52.5
5153,605,7,2025-01-18 09:23:33.477764,3,144.55,Completed,433.65000000000003
5154,103,33,2025-01-06 00:09:09.544824,2,35.23,Completed,70.46
5155,618,8,2025-11-08 11:19:24.035894,2,176.55,Completed,353.1
5156,628,44,2024-07-27 05:42:22.138681,1,220.71,Completed,220.71
5156,628,25,2024-07-27 05:42:22.138681,1,207.06,Completed,207.06
5156,628,57,2024-07-27 05:42:22.138681,1,98.49,Completed,98.49
5157,562,17,2024-10-07 08:52:00.900325,1,16.4,Completed,16.4
5158,459,26,2025-07-06 19:53:59.116873,1,152.0,Returned,152.0
5159,685,37,2025-11-27 01:33:34.071522,1,198.15,Completed,198.15
5159,685,40,2025-11-27 01:33:34.071522,1,146.43,Completed,146.43
5160,375,36,2024-01-31 14:41:28.319342,1,31.62,Completed,31.62
5161,503,49,2025-11-20 21:19:21.309993,1,215.69,Cancelled,215.69
5162,414,36,2025-10-06 03:22:14.120542,1,25.56,Completed,25.56
5162,414,31,2025-10-06 03:22:14.120542,2,10.99,Completed,21.98
5162,414,36,2025-10-06 03:22:14.120542,1,33.56,Completed,33.56
5163,676,19,2025-06-17 14:51:18.546250,1,245.83,Completed,245.83
5163,676,1,2025-06-17 14:51:18.546250,1,121.97,Returned,121.97
5164,102,32,2024-11-10 07:01:10.810083,1,150.19,Returned,150.19
5164,102,56,2024-11-10 07:01:10.810083,3,110.33,Completed,330.99
5165,540,56,2024-07-22 03:02:56.742458,2,125.24,Completed,250.48
5166,720,29,2025-10-04 02:18:25.859305,1,141.6,Completed,141.6
5167,404,4,2024-08-17 11:43:00.142557,3,100.31,Completed,300.93
5168,659,8,2024-09-10 13:29:42.633382,1,176.55,Completed,176.55
5168,659,5,2024-09-10 13:29:42.633382,1,18.8,Completed,18.8
5169,459,52,2024-04-30 21:10:52.507130,1,195.32,Returned,195.32
5170,300,39,2024-07-29 03:00:43.937100,1,71.92,Completed,71.92
5170,300,17,2024-07-29 03:00:43.937100,1,16.4,Completed,16.4
5171,446,35,2024-12-21 05:51:28.478113,1,241.49,Completed,241.49
5172,503,25,2024-06-12 06:03:23.470426,1,159.62,Completed,159.62
5173,575,42,2024-05-03 14:29:59.716280,1,157.62,Completed,157.62
5174,399,22,2025-11-16 14:52:10.096238,4,59.28,Completed,237.12
5175,790,49,2024-07-08 09:11:46.842646,1,215.69,Completed,215.69
5175,790,35,2024-07-08 09:11:46.842646,2,241.49,Completed,482.98
5176,57,43,2025-03-18 12:06:05.786812,4,105.22,Completed,420.88
5177,43,43,2024-03-18 11:12:46.161351,4,105.22,Returned,420.88
5178,92,29,2024-06-18 02:56:19.534326,3,141.6,Cancelled,424.79999999999995
5179,602,2,2024-07-22 09:34:29.869880,1,72.13,Completed,72.13
5180,585,5,2024-03-11 01:29:58.997709,1,18.8,Completed,18.8
5181,657,38,2025-02-07 01:54:12.693189,1,220.99,Completed,220.99
5182,50,47,2025-01-06 08:23:31.043891,1,89.76,Completed,89.76
5183,49,2,2024-05-03 06:17:39.762646,1,72.13,Returned,72.13
5184,395,44,2025-03-12 19:49:11.187064,1,220.71,Completed,220.71
5185,551,16,2024-01-30 00:19:59.159021,1,94.75,Completed,94.75
5185,551,38,2024-01-30 00:19:59.159021,2,220.99,Cancelled,441.98
5186,757,43,2025-10-12 04:05:25.812913,1,105.22,Completed,105.22
5187,183,28,2025-01-27 16:17:12.982162,1,29.06,Completed,29.06
5188,698,5,2024-05-22 10:43:27.471213,1,18.8,Completed,18.8
5189,220,1,2024-12-22 12:10:13.716713,1,114.65,Completed,114.65
5189,220,11,2024-12-22 12:10:13.716713,1,63.06,Completed,63.06
5190,730,56,2025-08-23 08:24:59.792244,3,125.24,Completed,375.71999999999997
5191,732,13,2024-09-26 18:21:02.123296,1,241.68,Completed,241.68
5191,732,10,2024-09-26 18:21:02.123296,1,108.18,Completed,108.18
5192,656,46,2024-07-24 17:47:36.222272,2,73.0,Completed,146.0
5193,47,22,2025-11-22 22:51:13.052971,1,59.28,Completed,59.28
5193,47,59,2025-11-22 22:51:13.052971,1,179.72,Completed,179.72
5193,47,51,2025-11-22 22:51:13.052971,1,80.72,Completed,80.72
5194,298,15,2024-11-07 08:19:29.531381,1,51.9,Completed,51.9
5195,339,28,2024-11-20 17:19:42.035084,1,29.06,Completed,29.06
5196,400,45,2024-04-02 02:39:03.152040,1,19.93,Completed,19.93
5196,400,55,2024-04-02 02:39:03.152040,1,229.05,Completed,229.05
5196,400,35,2024-04-02 02:39:03.152040,1,241.49,Cancelled,241.49
5197,46,52,2024-11-27 07:26:27.934239,2,195.32,Completed,390.64
5198,614,33,2025-11-01 03:16:32.808306,1,35.23,Completed,35.23
5198,614,38,2025-11-01 03:16:32.808306,2,220.99,Completed,441.98
5199,433,45,2025-06-06 20:42:57.342978,1,19.93,Completed,19.93
5200,728,23,2025-11-02 00:05:52.454279,1,18.33,Completed,18.33
5201,642,56,2024-03-28 13:21:32.873507,3,125.24,Completed,375.71999999999997
5202,670,1,2025-10-10 21:10:24.025296,3,121.97,Completed,365.90999999999997
5203,280,15,2024-12-26 01:50:14.058372,1,65.03,Completed,65.03
5203,280,58,2024-12-26 01:50:14.058372,3,182.52,Completed,547.5600000000001
5204,387,46,2024-03-04 09:51:15.465330,1,73.0,Completed,73.0
5205,195,45,2024-04-09 21:03:07.190903,1,19.93,Completed,19.93
5206,500,18,2024-07-22 06:30:00.170863,1,133.07,Completed,133.07
5206,500,24,2024-07-22 06:30:00.170863,2,154.0,Completed,308.0
5207,43,59,2025-05-03 03:53:48.728425,3,179.72,Completed,539.16
5208,460,36,2025-12-07 23:03:40.823618,2,29.8,Completed,59.6
5209,73,29,2025-08-09 15:47:30.288925,1,141.6,Completed,141.6
5210,119,7,2025-06-27 07:44:32.708281,1,144.55,Completed,144.55
5211,501,18,2024-06-11 09:10:47.667844,3,114.09,Completed,342.27
5211,501,60,2024-06-11 09:10:47.667844,1,196.88,Completed,196.88
5212,758,49,2024-02-24 06:37:03.994242,1,215.69,Completed,215.69
5213,698,11,2024-04-24 09:51:37.397903,1,63.06,Returned,63.06
5214,712,33,2024-09-01 19:06:25.612538,3,35.23,Completed,105.69
5215,550,54,2024-11-27 00:41:25.083189,4,29.61,Completed,118.44
5216,584,41,2025-06-20 22:20:27.502684,1,49.67,Completed,49.67
5217,780,2,2025-05-05 14:52:02.871866,1,65.97,Completed,65.97
5218,207,19,2024-02-24 02:01:50.137921,2,245.83,Completed,491.66
5219,569,5,2025-05-17 04:39:58.726866,1,18.8,Completed,18.8
5220,206,5,2025-10-13 08:36:51.692296,3,17.84,Cancelled,53.519999999999996
5221,481,17,2024-01-29 00:00:42.854640,1,16.4,Completed,16.4
5222,115,17,2024-03-14 07:41:16.178431,1,16.4,Completed,16.4
5222,115,50,2024-03-14 07:41:16.178431,1,243.34,Completed,243.34
5223,189,33,2025-05-29 17:24:59.709168,1,31.31,Completed,31.31
5224,70,23,2025-01-15 13:07:11.867277,1,18.33,Cancelled,18.33
5224,70,50,2025-01-15 13:07:11.867277,1,243.34,Completed,243.34
5224,70,56,2025-01-15 13:07:11.867277,1,125.24,Completed,125.24
5225,147,9,2024-05-18 23:47:05.355878,1,169.69,Completed,169.69
5225,147,51,2024-05-18 23:47:05.355878,3,80.72,Completed,242.16
5226,679,60,2025-02-11 11:08:36.296026,3,196.88,Cancelled,590.64
5226,679,49,2025-02-11 11:08:36.296026,1,215.69,Completed,215.69
5227,194,18,2025-09-03 11:21:57.203211,1,133.07,Completed,133.07
5228,743,55,2025-04-02 00:56:07.989788,1,229.05,Completed,229.05
5229,583,23,2025-11-23 21:40:41.472291,1,14.31,Completed,14.31
5230,257,58,2025-04-02 22:02:02.574260,1,199.54,Completed,199.54
5231,359,26,2024-06-28 12:24:30.784326,1,152.0,Completed,152.0
5231,359,45,2024-06-28 12:24:30.784326,1,19.93,Completed,19.93
5232,58,57,2025-03-04 00:44:09.233272,1,98.49,Returned,98.49
5233,157,50,2025-09-28 15:27:06.043409,1,243.34,Completed,243.34
5233,157,46,2025-09-28 15:27:06.043409,1,73.0,Completed,73.0
5234,231,47,2024-06-09 18:04:16.826155,2,89.76,Cancelled,179.52
5235,200,39,2024-05-22 20:17:01.935148,3,71.92,Completed,215.76
5236,739,33,2024-12-09 04:25:19.103545,3,35.23,Completed,105.69
5237,452,34,2024-12-19 16:33:56.346897,1,115.97,Completed,115.97
5238,542,18,2024-05-16 14:04:37.507460,1,133.07,Completed,133.07
5239,165,31,2024-12-28 14:38:47.706147,2,10.36,Completed,20.72
5239,165,37,2024-12-28 14:38:47.706147,1,175.75,Completed,175.75
5239,165,55,2024-12-28 14:38:47.706147,1,229.05,Returned,229.05
5240,548,43,2024-04-06 04:59:40.508038,1,94.08,Completed,94.08
5241,742,40,2025-04-08 09:13:05.278303,2,146.43,Completed,292.86
5241,742,3,2025-04-08 09:13:05.278303,1,101.78,Completed,101.78
5241,742,28,2025-04-08 09:13:05.278303,1,22.4,Completed,22.4
5242,240,17,2024-03-05 18:13:44.873326,1,12.31,Completed,12.31
5243,60,20,2025-01-11 21:41:06.404308,1,237.72,Completed,237.72
5244,788,52,2025-06-11 23:55:43.340339,1,195.32,Completed,195.32
5245,230,11,2024-06-05 08:35:33.335710,1,63.06,Completed,63.06
5245,230,55,2024-06-05 08:35:33.335710,1,196.78,Completed,196.78
5246,21,30,2024-11-13 01:15:54.180472,3,133.76,Completed,401.28
5247,488,36,2024-12-24 04:54:32.332644,1,33.56,Completed,33.56
5247,488,52,2024-12-24 04:54:32.332644,3,195.32,Completed,585.96
5248,290,52,2025-03-22 04:31:30.444242,1,195.32,Completed,195.32
5249,397,6,2025-06-02 07:02:01.458164,1,71.74,Completed,71.74
5250,767,11,2024-01-29 07:59:56.497200,1,63.06,Returned,63.06
5251,503,40,2025-05-17 05:26:19.237060,1,146.43,Completed,146.43
5251,503,43,2025-05-17 05:26:19.237060,1,105.22,Completed,105.22
5252,652,3,2025-03-23 18:23:11.226805,1,101.78,Completed,101.78
5253,157,5,2025-04-05 15:34:56.098868,1,18.8,Completed,18.8
5254,369,32,2024-06-20 08:13:14.108662,1,150.19,Completed,150.19
5255,294,7,2024-09-11 13:17:24.524389,3,144.55,Completed,433.65000000000003
5256,179,39,2025-01-22 05:40:44.859417,1,71.92,Completed,71.92
5257,398,50,2025-11-27 15:57:11.090428,1,243.34,Completed,243.34
5257,398,38,2025-11-27 15:57:11.090428,1,220.99,Completed,220.99
5258,377,39,2025-10-02 20:37:36.024718,3,71.92,Completed,215.76
5259,443,14,2025-09-05 16:55:16.446271,1,234.6,Completed,234.6
5260,148,47,2025-09-30 18:41:04.413586,1,74.69,Completed,74.69
5260,148,15,2025-09-30 18:41:04.413586,1,65.03,Completed,65.03
5261,233,37,2025-05-02 14:56:09.775117,1,198.15,Completed,198.15
5262,129,32,2024-12-23 20:41:20.452582,1,150.19,Completed,150.19
5262,129,9,2024-12-23 20:41:20.452582,1,169.69,Completed,169.69
5263,416,40,2025-04-04 22:04:54.369422,1,146.43,Completed,146.43
5263,416,60,2025-04-04 22:04:54.369422,1,196.88,Completed,196.88
5264,752,27,2025-03-12 10:11:37.397542,2,183.96,Completed,367.92
5265,398,16,2025-01-31 16:36:04.592736,1,103.54,Completed,103.54
5266,346,21,2024-08-03 15:42:34.907386,1,237.67,Cancelled,237.67
5266,346,7,2024-08-03 15:42:34.907386,1,144.55,Completed,144.55
5266,346,7,2024-08-03 15:42:34.907386,4,144.55,Completed,578.2
5267,211,27,2024-06-08 19:39:46.287564,1,183.96,Completed,183.96
5267,211,55,2024-06-08 19:39:46.287564,1,229.05,Completed,229.05
5268,583,25,2025-12-03 22:20:24.091350,1,207.06,Completed,207.06
5269,747,30,2025-10-16 16:15:29.973657,1,133.76,Completed,133.76
5270,634,21,2025-07-11 16:10:10.409644,1,237.67,Completed,237.67
5271,475,3,2024-11-02 07:17:14.462980,1,101.78,Completed,101.78
5272,783,5,2024-11-22 10:28:09.930858,1,18.8,Completed,18.8
5273,384,2,2024-06-29 14:22:56.783616,1,72.13,Completed,72.13
5274,219,38,2024-11-06 03:38:23.188343,2,220.99,Completed,441.98
5274,219,31,2024-11-06 03:38:23.188343,1,10.99,Completed,10.99
5275,556,11,2024-05-08 14:55:35.739278,1,63.06,Completed,63.06
5276,308,16,2025-11-29 02:38:52.934848,1,103.54,Completed,103.54
5277,794,23,2025-04-27 05:56:14.285598,1,18.33,Completed,18.33
5277,794,15,2025-04-27 05:56:14.285598,1,65.03,Completed,65.03
5278,205,43,2024-09-10 17:34:35.910121,1,105.22,Completed,105.22
5279,565,28,2024-10-17 14:31:28.948822,1,29.06,Cancelled,29.06
5280,676,59,2024-04-03 11:34:25.699274,1,179.72,Completed,179.72
5280,676,57,2024-04-03 11:34:25.699274,1,98.49,Completed,98.49
5281,185,45,2025-10-05 23:38:37.580807,1,19.93,Completed,19.93
5282,25,17,2025-09-05 06:55:00.875403,1,16.4,Completed,16.4
5282,25,3,2025-09-05 06:55:00.875403,1,101.78,Completed,101.78
5283,684,51,2025-09-22 17:26:29.998332,3,80.72,Completed,242.16
5284,764,35,2025-03-14 18:33:00.108037,1,241.49,Completed,241.49
5285,788,19,2025-05-16 16:07:41.643436,1,245.83,Completed,245.83
5286,412,54,2024-01-22 03:25:25.781065,1,29.61,Completed,29.61
5287,203,21,2024-07-14 14:01:34.046273,1,237.67,Completed,237.67
5288,325,8,2024-06-06 00:39:36.576809,1,176.55,Returned,176.55
5289,757,4,2025-09-13 05:18:57.160147,1,93.92,Completed,93.92
5290,324,24,2024-10-25 13:46:55.154992,1,173.32,Completed,173.32
5291,782,10,2025-02-14 10:44:53.090252,1,108.18,Completed,108.18
5292,753,6,2024-08-23 22:19:26.911322,1,71.74,Completed,71.74
5293,37,53,2025-05-07 17:48:29.174448,1,184.37,Completed,184.37
5294,67,22,2024-10-27 04:44:00.809252,1,44.56,Completed,44.56
5295,55,41,2025-08-13 14:12:54.444696,1,49.67,Returned,49.67
5295,55,54,2025-08-13 14:12:54.444696,1,27.72,Completed,27.72
5296,366,50,2024-11-06 09:29:29.030380,1,243.34,Completed,243.34
5297,155,1,2024-07-09 07:27:11.501074,3,121.97,Completed,365.90999999999997
5297,155,8,2024-07-09 07:27:11.501074,1,176.55,Returned,176.55
5297,155,42,2024-07-09 07:27:11.501074,1,137.86,Completed,137.86
5298,324,15,2024-02-09 21:10:35.665429,2,65.03,Completed,130.06
5299,458,29,2024-12-20 10:03:16.122850,1,141.6,Completed,141.6
5299,458,41,2024-12-20 10:03:16.122850,1,49.67,Returned,49.67
5299,458,40,2024-12-20 10:03:16.122850,1,146.43,Completed,146.43
5300,104,6,2024-06-08 19:58:20.581939,1,71.74,Completed,71.74
5301,164,38,2025-04-09 11:23:01.320599,1,220.99,Completed,220.99
5302,156,36,2024-02-03 07:24:42.963675,1,33.56,Completed,33.56
5303,122,10,2024-11-22 18:35:19.652257,3,108.18,Completed,324.54
5304,634,30,2024-06-10 13:21:07.228272,2,133.76,Completed,267.52
5304,634,37,2024-06-10 13:21:07.228272,1,198.15,Completed,198.15
5305,644,25,2025-10-01 04:53:49.251919,2,207.06,Completed,414.12
5306,288,8,2025-01-26 06:56:58.123823,4,176.55,Completed,706.2
5307,256,59,2025-07-23 01:45:03.897867,3,179.72,Completed,539.16
5307,256,53,2025-07-23 01:45:03.897867,2,184.37,Completed,368.74
5308,151,48,2024-03-21 12:43:46.816861,2,83.25,Completed,166.5
5309,100,59,2025-12-07 19:50:26.065021,2,179.72,Completed,359.44
5310,139,56,2025-03-21 20:21:52.323763,3,125.24,Returned,375.71999999999997
5310,139,37,2025-03-21 20:21:52.323763,1,198.15,Completed,198.15
5311,489,31,2024-04-04 07:51:09.570822,1,10.99,Completed,10.99
5312,21,2,2025-01-29 00:43:23.787151,3,72.13,Completed,216.39
5313,372,34,2025-11-24 16:52:49.539288,3,145.12,Returned,435.36
5313,372,21,2025-11-24 16:52:49.539288,1,237.67,Completed,237.67
5314,187,28,2024-01-16 09:58:55.145749,1,29.06,Completed,29.06
5315,21,34,2024-10-03 19:22:33.640005,1,145.12,Completed,145.12
5316,688,27,2025-07-23 17:11:43.347164,1,183.96,Completed,183.96
5317,348,41,2024-08-31 07:12:25.802975,1,49.67,Completed,49.67
5318,379,35,2024-09-14 11:18:54.391033,1,187.63,Completed,187.63
5319,308,43,2025-07-13 04:32:48.211592,1,105.22,Completed,105.22
5319,308,9,2025-07-13 04:32:48.211592,1,169.69,Returned,169.69
5320,114,1,2024-02-16 07:54:10.639551,1,121.97,Completed,121.97
5321,685,55,2024-02-05 22:15:01.654352,2,229.05,Returned,458.1
5321,685,53,2024-02-05 22:15:01.654352,1,184.37,Completed,184.37
5322,300,48,2024-06-02 15:19:07.088741,2,83.25,Completed,166.5
5323,86,24,2025-01-25 21:28:51.784040,1,173.32,Completed,173.32
5324,507,49,2025-12-20 05:00:25.341042,1,200.21,Completed,200.21
5325,428,30,2025-09-03 20:22:17.031665,1,133.76,Completed,133.76
5326,374,16,2024-10-15 17:37:14.093169,1,103.54,Completed,103.54
5327,197,52,2025-06-08 00:12:54.861483,1,195.32,Cancelled,195.32
5328,533,22,2024-07-30 20:05:04.993089,1,59.28,Completed,59.28
5328,533,31,2024-07-30 20:05:04.993089,1,8.94,Completed,8.94
5328,533,25,2024-07-30 20:05:04.993089,2,207.06,Completed,414.12
5329,665,2,2024-04-27 19:48:04.244227,1,72.13,Completed,72.13
5329,665,40,2024-04-27 19:48:04.244227,1,146.43,Completed,146.43
5330,460,24,2024-09-29 22:22:36.158350,1,173.32,Returned,173.32
5330,460,15,2024-09-29 22:22:36.158350,2,65.03,Completed,130.06
5331,280,10,2024-10-28 18:41:07.085165,1,108.18,Completed,108.18
5332,778,6,2025-02-07 15:42:16.194706,1,71.74,Completed,71.74
5333,676,1,2024-06-30 13:17:22.764894,4,104.93,Cancelled,419.72
5334,134,42,2024-01-10 22:59:18.107115,1,157.62,Completed,157.62
5334,134,7,2024-01-10 22:59:18.107115,1,144.55,Completed,144.55
5335,11,30,2025-09-09 04:50:38.314504,4,133.76,Completed,535.04
5336,20,50,2025-07-05 05:44:02.912588,2,243.34,Completed,486.68
5337,205,41,2025-01-19 09:15:01.083724,1,49.67,Returned,49.67
5338,390,50,2025-01-01 02:16:05.145811,1,243.34,Completed,243.34
5338,390,31,2025-01-01 02:16:05.145811,1,10.99,Completed,10.99
5339,277,59,2025-07-31 16:20:14.810643,1,179.72,Completed,179.72
5340,344,31,2024-01-31 20:50:10.106645,1,10.99,Completed,10.99
5341,525,17,2024-07-25 15:43:54.943388,1,16.4,Completed,16.4
5341,525,41,2024-07-25 15:43:54.943388,1,49.67,Completed,49.67
5342,417,29,2024-01-18 16:45:40.421472,1,141.6,Returned,141.6
5342,417,35,2024-01-18 16:45:40.421472,2,197.84,Completed,395.68
5343,268,57,2025-04-06 00:51:08.710523,2,98.49,Completed,196.98
5343,268,41,2025-04-06 00:51:08.710523,1,49.67,Completed,49.67
5344,274,19,2025-05-17 06:59:12.986585,1,206.49,Completed,206.49
5345,688,26,2024-01-25 15:47:26.888212,1,134.25,Completed,134.25
5345,688,38,2024-01-25 15:47:26.888212,1,220.99,Completed,220.99
5346,522,28,2025-07-01 10:31:03.612294,1,29.06,Completed,29.06
5347,24,27,2025-08-16 11:41:13.745387,1,183.96,Completed,183.96
5348,781,33,2024-10-02 20:03:00.071723,1,26.95,Completed,26.95
5349,383,11,2024-10-19 13:09:23.038869,2,54.51,Cancelled,109.02
5350,243,36,2025-08-20 08:32:38.164019,1,33.56,Completed,33.56
5350,243,27,2025-08-20 08:32:38.164019,1,183.96,Completed,183.96
5351,10,18,2025-10-01 22:24:40.281822,1,133.07,Completed,133.07
5352,755,5,2025-09-21 05:57:15.596459,1,18.8,Completed,18.8
5352,755,55,2025-09-21 05:57:15.596459,1,229.05,Completed,229.05
5353,633,56,2024-02-25 20:45:16.114673,1,108.53,Completed,108.53
5354,472,56,2025-01-03 07:00:33.464833,3,125.24,Completed,375.71999999999997
5355,339,56,2025-05-28 13:07:53.484913,1,125.24,Completed,125.24
5356,109,37,2025-06-18 19:49:56.383599,3,198.15,Cancelled,594.45
5356,109,26,2025-06-18 19:49:56.383599,1,118.22,Completed,118.22
5357,764,17,2024-01-15 17:06:04.330734,1,16.4,Completed,16.4
5358,191,45,2025-06-26 03:15:45.861107,2,18.74,Completed,37.48
5359,4,50,2025-01-30 10:32:53.334361,1,243.34,Completed,243.34
5360,703,9,2025-11-01 20:26:03.739131,3,169.69,Completed,509.07
5361,52,38,2024-03-10 18:09:10.569011,1,220.99,Completed,220.99
5361,52,33,2024-03-10 18:09:10.569011,2,35.23,Completed,70.46
5362,641,15,2025-03-05 09:11:24.979499,3,65.03,Completed,195.09
5363,488,53,2024-10-12 12:29:26.606601,2,184.37,Completed,368.74
5364,726,10,2025-08-29 23:23:04.065871,1,108.18,Completed,108.18
5365,620,6,2025-09-19 06:59:22.570030,1,71.74,Completed,71.74
5366,481,49,2025-07-26 21:12:04.304787,1,215.69,Completed,215.69
5367,693,12,2024-11-06 08:40:31.595004,1,101.68,Completed,101.68
5368,63,5,2025-06-26 17:49:42.312008,1,18.8,Completed,18.8
5368,63,57,2025-06-26 17:49:42.312008,1,98.49,Completed,98.49
5369,82,41,2024-08-08 13:44:15.625570,1,49.67,Completed,49.67
5369,82,19,2024-08-08 13:44:15.625570,1,245.83,Completed,245.83
5370,148,26,2024-12-01 00:01:36.448769,3,152.0,Completed,456.0
5370,148,16,2024-12-01 00:01:36.448769,1,103.54,Completed,103.54
5371,194,21,2024-03-13 18:22:47.682570,1,237.67,Completed,237.67
5372,720,25,2025-12-08 13:28:37.384261,1,207.06,Completed,207.06
5373,193,58,2025-02-24 15:02:40.928757,2,199.54,Returned,399.08
5373,193,60,2025-02-24 15:02:40.928757,1,196.88,Completed,196.88
5373,193,33,2025-02-24 15:02:40.928757,1,35.23,Completed,35.23
5374,167,39,2024-10-01 21:41:39.474581,2,71.92,Completed,143.84
5375,607,33,2024-11-09 13:26:44.403836,1,35.23,Completed,35.23
5376,423,16,2024-06-11 05:52:18.521322,1,103.54,Cancelled,103.54
5377,293,27,2024-10-23 14:54:50.939694,1,183.96,Completed,183.96
5378,257,23,2024-07-22 08:20:03.882380,1,18.33,Completed,18.33
5379,754,37,2024-07-26 15:05:26.542809,1,198.15,Completed,198.15
5380,8,58,2025-05-28 02:26:53.467537,1,199.54,Returned,199.54
5380,8,19,2025-05-28 02:26:53.467537,1,245.83,Completed,245.83
5381,258,23,2025-01-04 19:31:05.539821,1,18.33,Completed,18.33
5382,166,30,2024-10-06 03:47:38.563978,1,102.0,Completed,102.0
5382,166,60,2024-10-06 03:47:38.563978,1,196.88,Completed,196.88
5383,751,12,2025-12-26 00:03:26.298031,3,91.63,Completed,274.89
5384,441,60,2025-06-15 02:48:23.704995,1,177.76,Completed,177.76
5384,441,57,2025-06-15 02:48:23.704995,1,98.49,Completed,98.49
5385,13,46,2025-11-25 13:32:00.125262,1,73.0,Completed,73.0
5385,13,22,2025-11-25 13:32:00.125262,3,59.28,Completed,177.84
5386,327,8,2025-07-10 18:30:38.554504,1,176.55,Completed,176.55
5387,371,47,2025-06-05 15:25:09.889094,1,89.76,Completed,89.76
5388,621,60,2024-11-26 03:46:35.705658,3,196.88,Completed,590.64
5388,621,24,2024-11-26 03:46:35.705658,2,139.09,Completed,278.18
5389,327,11,2025-02-25 20:26:55.085006,1,63.06,Completed,63.06
5389,327,7,2025-02-25 20:26:55.085006,1,144.55,Completed,144.55
5390,492,29,2024-01-19 04:06:20.099958,1,141.6,Completed,141.6
5391,308,57,2025-07-16 23:31:31.717458,3,98.49,Completed,295.46999999999997
5392,321,32,2024-11-22 08:56:03.187103,3,150.19,Completed,450.57
5393,763,55,2024-12-14 01:38:48.025526,1,229.05,Cancelled,229.05
5394,602,44,2024-03-20 12:46:36.739291,2,220.71,Completed,441.42
5395,708,11,2024-08-14 17:53:02.565887,1,63.06,Completed,63.06
5396,477,7,2024-04-14 22:52:20.882893,2,144.55,Completed,289.1
5397,333,30,2025-04-04 20:05:25.028166,1,133.76,Completed,133.76
5398,413,26,2024-03-02 01:16:37.779372,3,152.0,Completed,456.0
5399,476,60,2025-02-13 10:42:45.411616,1,196.88,Returned,196.88
5399,476,59,2025-02-13 10:42:45.411616,1,161.77,Completed,161.77
5400,430,12,2024-05-31 14:35:07.674688,2,101.68,Completed,203.36
5400,430,53,2024-05-31 14:35:07.674688,3,184.37,Completed,553.11
5401,325,24,2025-11-18 17:28:27.301716,3,173.32,Completed,519.96
5402,648,38,2025-03-09 04:32:06.045248,2,181.91,Completed,363.82
5402,648,6,2025-03-09 04:32:06.045248,2,71.74,Completed,143.48
5403,678,41,2024-03-02 05:43:52.984153,1,49.67,Completed,49.67
5403,678,26,2024-03-02 05:43:52.984153,1,152.0,Completed,152.0
5403,678,15,2024-03-02 05:43:52.984153,1,65.03,Cancelled,65.03
5404,223,14,2024-10-21 07:58:39.633746,1,194.31,Completed,194.31
5405,154,39,2025-09-03 18:59:36.025128,2,71.92,Cancelled,143.84
5405,154,20,2025-09-03 18:59:36.025128,1,237.72,Completed,237.72
5406,510,47,2025-01-17 02:04:02.358708,1,89.76,Completed,89.76
5406,510,19,2025-01-17 02:04:02.358708,1,245.83,Completed,245.83
5407,563,26,2025-09-04 22:40:05.388080,1,152.0,Completed,152.0
5408,195,32,2025-07-09 05:23:22.638464,1,150.19,Completed,150.19
5409,742,58,2024-02-13 00:30:19.545928,3,199.54,Cancelled,598.62
5410,446,30,2024-12-26 04:40:43.807397,1,133.76,Completed,133.76
5411,164,22,2024-10-27 15:45:44.567604,1,59.28,Completed,59.28
5412,682,30,2025-06-24 13:45:17.949328,1,126.04,Completed,126.04
5413,69,47,2025-09-01 01:20:46.887697,1,89.76,Completed,89.76
5413,69,51,2025-09-01 01:20:46.887697,1,80.72,Returned,80.72
5414,623,49,2024-01-27 15:39:00.426913,1,215.69,Completed,215.69
5415,241,14,2025-05-17 23:14:16.672247,1,234.6,Completed,234.6
5416,507,60,2025-03-13 01:45:04.255981,2,196.88,Cancelled,393.76
5417,427,39,2025-09-28 03:25:01.519962,3,71.92,Completed,215.76
5418,316,45,2024-07-14 17:53:54.868520,1,19.93,Completed,19.93
5419,347,35,2024-06-01 17:36:27.327189,1,241.49,Completed,241.49
5419,347,47,2024-06-01 17:36:27.327189,1,89.76,Completed,89.76
5419,347,11,2024-06-01 17:36:27.327189,1,63.06,Completed,63.06
5420,125,52,2025-02-14 13:24:51.748606,1,195.32,Completed,195.32
5420,125,10,2025-02-14 13:24:51.748606,1,108.18,Completed,108.18
5421,350,59,2024-12-22 18:29:42.292022,1,179.72,Completed,179.72
5422,706,24,2024-12-30 20:46:01.093749,2,173.32,Completed,346.64
5422,706,43,2024-12-30 20:46:01.093749,1,105.22,Completed,105.22
5423,485,29,2025-12-01 10:00:25.094297,1,118.86,Completed,118.86
5424,428,32,2024-06-21 02:09:11.514707,3,150.19,Completed,450.57
5425,335,25,2024-12-02 19:14:16.713528,3,207.06,Completed,621.1800000000001
5426,321,24,2024-12-18 14:05:44.746386,3,173.32,Completed,519.96
5427,488,21,2025-02-09 00:13:22.536346,1,237.67,Returned,237.67
5428,569,56,2025-06-23 23:16:51.782913,1,125.24,Completed,125.24
5429,340,23,2025-06-19 03:22:27.908808,1,18.33,Completed,18.33
5430,131,53,2025-11-03 11:57:23.249569,1,184.37,Completed,184.37
5431,648,5,2024-11-06 18:17:58.167208,1,18.8,Completed,18.8
5432,235,3,2024-02-26 13:52:40.288257,1,101.78,Completed,101.78
5433,625,45,2024-04-02 21:59:20.802752,1,19.93,Completed,19.93
5434,256,49,2024-01-10 22:42:05.745460,3,215.69,Completed,647.0699999999999
5434,256,47,2024-01-10 22:42:05.745460,1,89.76,Completed,89.76
5434,256,44,2024-01-10 22:42:05.745460,2,188.09,Completed,376.18
5435,98,58,2025-01-14 13:19:53.768502,4,199.54,Completed,798.16
5436,152,40,2024-03-29 16:17:20.681213,1,146.43,Completed,146.43
5437,84,14,2024-05-24 01:52:50.011929,1,234.6,Completed,234.6
5437,84,42,2024-05-24 01:52:50.011929,2,157.62,Completed,315.24
5437,84,22,2024-05-24 01:52:50.011929,1,59.28,Completed,59.28
5438,746,8,2025-09-26 22:00:19.859182,1,176.55,Completed,176.55
5439,461,35,2024-03-23 23:24:13.027628,1,241.49,Completed,241.49
5439,461,43,2024-03-23 23:24:13.027628,1,105.22,Completed,105.22
5439,461,29,2024-03-23 23:24:13.027628,1,141.6,Completed,141.6
5440,729,29,2025-10-08 10:00:34.702411,3,130.21,Returned,390.63
5440,729,54,2025-10-08 10:00:34.702411,1,23.67,Completed,23.67
5441,649,20,2024-12-27 11:37:58.494476,3,195.22,Completed,585.66
5442,636,48,2025-04-02 02:24:33.311428,1,83.25,Completed,83.25
5443,150,1,2025-01-17 22:48:03.410515,3,121.97,Completed,365.90999999999997
5443,150,38,2025-01-17 22:48:03.410515,1,220.99,Completed,220.99
5444,497,54,2024-04-12 02:26:29.820448,1,29.61,Completed,29.61
5445,620,11,2025-09-30 04:14:51.517378,1,63.06,Completed,63.06
5446,205,34,2024-11-01 05:56:29.242465,3,145.12,Completed,435.36
5446,205,13,2024-11-01 05:56:29.242465,3,241.68,Completed,725.04
5447,612,13,2024-01-07 18:12:33.738903,1,241.68,Completed,241.68
5448,303,52,2024-03-26 20:03:32.515433,1,195.32,Completed,195.32
5449,754,56,2025-12-27 21:26:25.278729,1,125.24,Completed,125.24
5449,754,30,2025-12-27 21:26:25.278729,2,133.76,Completed,267.52
5449,754,16,2025-12-27 21:26:25.278729,2,103.54,Completed,207.08
5450,255,47,2025-06-09 13:24:04.507123,1,89.76,Completed,89.76
5451,434,20,2025-10-04 13:33:46.410184,3,237.72,Returned,713.16
5452,12,19,2024-07-16 21:48:20.618126,1,245.83,Returned,245.83
5453,210,54,2024-08-23 08:12:18.793889,1,22.36,Cancelled,22.36
5454,668,47,2025-10-11 08:49:48.122436,1,89.76,Completed,89.76
5455,432,37,2025-02-15 13:57:28.486515,1,167.04,Completed,167.04
5456,152,22,2024-05-01 03:22:05.459273,3,59.28,Returned,177.84
5457,392,60,2024-07-30 20:14:51.326363,1,196.88,Completed,196.88
5458,609,48,2025-05-15 01:37:05.879811,1,83.25,Completed,83.25
5459,322,5,2025-08-09 01:17:47.468689,2,15.13,Completed,30.26
5460,283,60,2025-11-25 22:57:31.547391,1,196.88,Completed,196.88
5461,622,22,2024-09-28 00:21:28.645529,1,59.28,Completed,59.28
5462,167,31,2025-03-17 07:09:05.553635,1,10.99,Completed,10.99
5462,167,18,2025-03-17 07:09:05.553635,2,133.07,Completed,266.14
5463,18,7,2024-12-10 15:22:04.221119,1,133.5,Completed,133.5
5464,566,49,2024-06-02 18:00:43.750108,1,215.69,Completed,215.69
5464,566,19,2024-06-02 18:00:43.750108,1,225.27,Completed,225.27
5465,385,37,2024-08-29 00:42:14.622353,1,198.15,Completed,198.15
5466,644,38,2025-06-29 03:18:34.180845,1,220.99,Completed,220.99
5467,332,47,2025-12-28 05:11:17.351921,4,89.76,Cancelled,359.04
5468,335,45,2025-11-08 07:47:08.515233,2,19.93,Completed,39.86
5469,779,12,2024-04-29 21:27:12.440984,1,82.01,Completed,82.01
5469,779,14,2024-04-29 21:27:12.440984,1,234.6,Completed,234.6
5469,779,58,2024-04-29 21:27:12.440984,1,199.54,Completed,199.54
5470,524,56,2025-06-06 00:13:35.934077,2,111.9,Completed,223.8
5471,136,45,2024-12-11 22:12:35.069627,1,19.93,Completed,19.93
5471,136,45,2024-12-11 22:12:35.069627,3,19.93,Completed,59.79
5472,144,28,2024-08-19 21:53:39.342120,1,29.06,Completed,29.06
5473,536,8,2024-05-10 20:02:08.471217,1,176.55,Completed,176.55
5474,731,60,2024-12-09 11:02:42.018049,1,196.88,Completed,196.88
5474,731,60,2024-12-09 11:02:42.018049,2,196.88,Returned,393.76
5475,366,6,2025-12-26 02:47:48.328052,2,71.74,Completed,143.48
5475,366,11,2025-12-26 02:47:48.328052,3,63.06,Returned,189.18
5476,769,8,2024-01-05 02:09:16.411371,1,146.56,Completed,146.56
5477,64,2,2025-05-27 01:39:37.273394,1,72.13,Completed,72.13
5478,658,44,2024-05-25 11:10:08.491078,2,220.71,Completed,441.42
5478,658,58,2024-05-25 11:10:08.491078,2,199.54,Completed,399.08
5478,658,42,2024-05-25 11:10:08.491078,1,157.62,Cancelled,157.62
5479,92,18,2024-03-09 12:12:51.281783,3,133.07,Completed,399.21
5480,460,5,2024-11-30 18:33:34.253347,1,18.8,Completed,18.8
5480,460,19,2024-11-30 18:33:34.253347,1,245.83,Completed,245.83
5481,268,21,2024-03-10 03:23:57.202655,1,237.67,Completed,237.67
5482,58,60,2025-04-01 05:31:22.181691,1,196.88,Completed,196.88
5482,58,57,2025-04-01 05:31:22.181691,1,98.49,Completed,98.49
5483,54,52,2025-03-09 22:50:31.764929,1,195.32,Completed,195.32
5484,715,3,2024-02-18 17:50:43.685709,3,101.78,Completed,305.34000000000003
5485,44,29,2025-04-09 12:44:18.999657,1,127.68,Returned,127.68
5486,157,49,2025-10-06 20:10:21.313120,1,215.69,Returned,215.69
5486,157,3,2025-10-06 20:10:21.313120,2,82.84,Completed,165.68
5487,397,58,2024-09-08 19:39:16.020023,1,199.54,Completed,199.54
5487,397,26,2024-09-08 19:39:16.020023,3,152.0,Completed,456.0
5488,20,10,2024-01-11 07:32:55.137961,4,108.18,Completed,432.72
5488,20,4,2024-01-11 07:32:55.137961,1,100.31,Completed,100.31
5488,20,29,2024-01-11 07:32:55.137961,3,126.44,Completed,379.32
5489,425,34,2024-05-20 15:03:51.974887,1,145.12,Completed,145.12
5490,42,8,2024-07-26 10:57:58.814246,1,176.55,Completed,176.55
5491,37,26,2025-10-27 09:40:04.123405,2,152.0,Completed,304.0
5492,597,19,2024-11-07 02:25:20.012995,3,245.83,Completed,737.49
5493,358,47,2025-06-16 09:44:27.430600,1,89.76,Completed,89.76
5494,596,50,2024-09-25 02:39:16.381486,1,243.34,Completed,243.34
5495,522,14,2025-07-13 21:38:40.068131,3,234.6,Completed,703.8
5496,169,42,2025-11-13 01:04:29.120815,1,157.62,Completed,157.62
5497,156,18,2025-02-13 14:41:14.742256,1,133.07,Completed,133.07
5498,643,42,2025-04-13 08:49:14.492715,1,157.62,Completed,157.62
5499,289,22,2024-05-27 21:20:37.383629,2,59.28,Completed,118.56
5500,384,9,2025-03-08 15:02:15.019356,1,169.69,Completed,169.69
5500,384,15,2025-03-08 15:02:15.019356,1,65.03,Completed,65.03
5501,207,40,2024-03-16 04:08:40.115978,1,146.43,Completed,146.43
5502,263,53,2024-06-07 00:03:16.363700,2,184.37,Completed,368.74
5503,335,4,2024-05-10 04:15:30.808461,1,100.31,Returned,100.31
5503,335,41,2024-05-10 04:15:30.808461,1,49.67,Completed,49.67
5504,667,29,2025-02-15 11:19:08.735208,2,141.6,Completed,283.2
5505,30,36,2024-04-02 11:51:20.227628,1,33.56,Completed,33.56
5506,668,43,2025-01-16 07:00:28.364945,1,105.22,Completed,105.22
5506,668,58,2025-01-16 07:00:28.364945,2,199.54,Completed,399.08
5507,210,60,2025-04-15 17:25:25.851987,1,196.88,Completed,196.88
5507,210,26,2025-04-15 17:25:25.851987,1,138.46,Completed,138.46
5508,761,56,2024-10-06 13:13:22.660500,4,125.24,Completed,500.96
5508,761,27,2024-10-06 13:13:22.660500,1,183.96,Completed,183.96
5509,778,12,2025-02-24 05:29:17.065909,1,101.68,Completed,101.68
5510,766,8,2025-09-14 23:34:18.670704,1,176.55,Completed,176.55
5511,707,9,2025-03-17 11:39:41.876096,3,169.69,Completed,509.07
5512,608,46,2025-12-06 15:51:49.435126,1,73.0,Completed,73.0
5513,370,46,2025-06-22 04:53:31.274148,1,73.0,Completed,73.0
5514,664,16,2025-03-25 14:20:36.999180,3,103.54,Returned,310.62
5514,664,60,2025-03-25 14:20:36.999180,1,196.88,Completed,196.88
5515,259,5,2025-10-25 17:42:18.415309,1,18.8,Completed,18.8
5516,25,50,2024-06-01 19:03:12.858582,1,243.34,Completed,243.34
5517,222,13,2024-01-02 22:47:31.793197,1,241.68,Completed,241.68
5517,222,10,2024-01-02 22:47:31.793197,1,108.18,Completed,108.18
5518,212,43,2024-06-18 05:40:47.129510,1,105.22,Completed,105.22
5518,212,3,2024-06-18 05:40:47.129510,2,101.78,Completed,203.56
5519,738,42,2024-06-07 00:05:21.744496,1,157.62,Completed,157.62
5519,738,34,2024-06-07 00:05:21.744496,1,145.12,Cancelled,145.12
5520,617,11,2025-11-09 13:39:55.618060,1,63.06,Completed,63.06
5520,617,31,2025-11-09 13:39:55.618060,1,10.99,Completed,10.99
5521,492,30,2025-03-24 21:27:47.248853,1,133.76,Completed,133.76
5522,293,7,2024-04-14 15:11:59.914545,1,144.55,Completed,144.55
5523,684,30,2024-12-13 02:07:45.430943,2,133.76,Completed,267.52
5524,255,28,2024-01-01 04:19:30.581269,4,22.42,Completed,89.68
5524,255,16,2024-01-01 04:19:30.581269,1,78.3,Completed,78.3
5524,255,54,2024-01-01 04:19:30.581269,1,22.27,Completed,22.27
5525,281,32,2024-02-26 18:50:08.678943,1,150.19,Completed,150.19
5526,311,37,2025-12-08 23:37:58.991095,1,198.15,Returned,198.15
5527,747,45,2024-04-09 23:48:02.603638,1,19.93,Completed,19.93
5528,164,9,2025-08-12 06:44:47.281806,1,139.76,Cancelled,139.76
5529,662,55,2024-11-06 13:06:30.722323,1,229.05,Completed,229.05
5530,434,44,2024-12-10 07:59:33.506711,1,220.71,Completed,220.71
5530,434,47,2024-12-10 07:59:33.506711,1,89.76,Completed,89.76
5531,287,11,2024-08-08 20:49:18.454189,1,63.06,Completed,63.06
5531,287,44,2024-08-08 20:49:18.454189,1,199.54,Completed,199.54
5532,123,19,2025-07-08 19:19:48.436792,2,245.83,Completed,491.66
5533,270,54,2024-06-24 18:20:27.859222,1,29.61,Completed,29.61
5534,210,2,2024-10-14 01:40:53.399915,1,63.28,Completed,63.28
5535,699,15,2025-07-18 23:04:18.429832,1,65.03,Completed,65.03
5536,488,2,2025-05-30 13:24:18.870887,2,72.13,Returned,144.26
5536,488,43,2025-05-30 13:24:18.870887,2,94.17,Completed,188.34
5537,467,57,2024-09-16 03:27:12.216187,3,98.49,Completed,295.46999999999997
5538,594,58,2025-09-04 05:08:16.585282,3,199.54,Completed,598.62
5539,280,48,2024-08-19 09:20:53.214784,1,83.25,Completed,83.25
5540,720,60,2024-02-27 02:03:29.043731,1,196.88,Completed,196.88
5540,720,9,2024-02-27 02:03:29.043731,1,150.75,Cancelled,150.75
5541,221,42,2025-03-17 22:16:30.172519,1,139.59,Cancelled,139.59
5541,221,57,2025-03-17 22:16:30.172519,1,83.67,Completed,83.67
5542,477,14,2024-06-05 03:31:00.826544,1,234.6,Completed,234.6
5543,14,27,2024-05-01 06:21:28.014069,1,183.96,Completed,183.96
5544,46,24,2025-04-07 15:38:54.089955,2,173.32,Completed,346.64
5544,46,54,2025-04-07 15:38:54.089955,1,29.61,Returned,29.61
5545,288,35,2024-07-21 17:56:53.303629,1,241.49,Completed,241.49
5546,737,7,2024-04-14 07:19:39.644393,4,144.55,Completed,578.2
5547,274,33,2024-11-15 04:30:05.776290,1,28.34,Completed,28.34
5548,193,41,2024-11-18 09:39:08.104757,1,49.67,Completed,49.67
5549,459,9,2025-05-22 10:08:51.718934,1,169.69,Completed,169.69
5550,666,32,2024-07-01 21:26:38.312678,1,129.56,Completed,129.56
5551,446,53,2024-03-28 18:36:04.565380,1,184.37,Completed,184.37
5552,720,12,2025-10-18 19:49:57.348309,1,101.68,Completed,101.68
5552,720,37,2025-10-18 19:49:57.348309,1,198.15,Completed,198.15
5553,761,25,2025-04-21 00:39:14.453484,4,170.37,Completed,681.48
5554,613,40,2024-05-09 22:46:38.629202,3,146.43,Completed,439.29
5555,484,55,2025-09-24 06:44:43.600943,2,229.05,Completed,458.1
5555,484,26,2025-09-24 06:44:43.600943,1,152.0,Completed,152.0
5556,381,19,2025-09-16 10:07:22.535457,1,245.83,Completed,245.83
5556,381,36,2025-09-16 10:07:22.535457,1,33.56,Completed,33.56
5557,329,30,2025-07-16 15:26:54.966499,1,133.76,Completed,133.76
5558,356,39,2024-09-09 13:46:19.502262,1,71.92,Completed,71.92
5558,356,35,2024-09-09 13:46:19.502262,1,241.49,Completed,241.49
5559,382,30,2024-11-05 13:50:43.179455,3,133.76,Completed,401.28
5559,382,35,2024-11-05 13:50:43.179455,1,241.49,Completed,241.49
5560,300,38,2025-03-26 09:23:16.367014,1,195.47,Completed,195.47
5561,507,25,2025-10-01 16:41:07.920556,2,207.06,Completed,414.12
5562,418,44,2025-11-03 01:01:13.961013,3,220.71,Completed,662.13
5563,443,8,2024-05-19 10:02:23.702370,2,141.35,Completed,282.7
5563,443,5,2024-05-19 10:02:23.702370,1,17.58,Completed,17.58
5564,661,9,2024-09-30 04:05:11.929326,1,169.69,Returned,169.69
5565,772,16,2025-11-12 05:31:53.887733,1,103.54,Completed,103.54
5566,697,39,2025-12-27 16:04:51.985997,1,71.92,Completed,71.92
5567,44,9,2024-05-22 23:02:53.578010,1,169.69,Cancelled,169.69
5567,44,54,2024-05-22 23:02:53.578010,1,29.61,Completed,29.61
5568,641,51,2024-09-20 12:34:08.166549,3,66.06,Completed,198.18
5569,648,12,2024-05-22 06:26:54.202372,1,101.68,Completed,101.68
5569,648,43,2024-05-22 06:26:54.202372,1,105.22,Completed,105.22
5570,588,16,2025-03-03 22:01:15.273461,1,94.56,Completed,94.56
5571,211,37,2024-08-27 18:28:15.830318,1,198.15,Completed,198.15
5572,406,27,2025-10-27 01:26:02.554512,1,153.38,Cancelled,153.38
5572,406,35,2025-10-27 01:26:02.554512,1,205.33,Returned,205.33
5573,43,34,2025-10-30 12:56:25.413781,1,145.12,Completed,145.12
5573,43,50,2025-10-30 12:56:25.413781,1,243.34,Completed,243.34
5574,261,10,2025-01-02 00:56:22.561732,1,108.18,Completed,108.18
5575,681,20,2024-01-10 11:39:49.263905,1,237.72,Completed,237.72
5575,681,40,2024-01-10 11:39:49.263905,4,146.43,Returned,585.72
5576,701,5,2024-07-18 07:26:51.298533,1,18.8,Completed,18.8
5577,343,51,2025-04-17 11:15:41.118080,1,80.72,Returned,80.72
5578,334,17,2025-04-13 10:07:46.325947,1,16.4,Completed,16.4
5578,334,49,2025-04-13 10:07:46.325947,4,215.69,Completed,862.76
5579,562,4,2024-10-17 18:06:39.303284,1,100.31,Returned,100.31
5580,536,44,2025-12-27 21:19:37.574117,1,220.71,Completed,220.71
5581,403,26,2025-05-29 02:42:49.675574,1,152.0,Completed,152.0
5582,360,56,2024-07-19 03:31:31.845991,2,125.24,Completed,250.48
5582,360,5,2024-07-19 03:31:31.845991,1,18.8,Completed,18.8
5583,109,45,2024-02-11 18:37:01.367912,1,19.93,Completed,19.93
5583,109,13,2024-02-11 18:37:01.367912,2,241.68,Completed,483.36
5584,160,4,2025-02-21 16:36:34.862169,1,100.31,Completed,100.31
5585,772,4,2024-01-23 05:04:19.814295,1,100.31,Completed,100.31
5586,1,48,2025-06-08 03:52:37.470143,1,83.25,Completed,83.25
5587,517,50,2024-12-09 16:34:43.431803,1,243.34,Completed,243.34
5588,508,21,2025-03-19 12:12:38.161913,1,181.68,Returned,181.68
5589,314,36,2024-11-27 18:30:07.892938,2,33.56,Completed,67.12
5590,416,24,2024-05-06 20:28:02.473079,1,173.32,Completed,173.32
5591,215,40,2025-07-01 10:52:43.302493,3,146.43,Completed,439.29
5592,99,42,2025-04-17 17:02:58.668119,3,157.62,Completed,472.86
5592,99,38,2025-04-17 17:02:58.668119,1,220.99,Completed,220.99
5592,99,18,2025-04-17 17:02:58.668119,1,107.67,Completed,107.67
5593,213,52,2025-02-02 06:41:24.523832,1,195.32,Completed,195.32
5594,795,47,2024-03-16 20:06:18.687925,1,89.76,Completed,89.76
5595,69,55,2024-09-26 18:13:59.580593,1,229.05,Completed,229.05
5596,122,43,2025-03-23 10:22:01.277713,3,105.22,Completed,315.65999999999997
5596,122,22,2025-03-23 10:22:01.277713,1,59.28,Completed,59.28
5597,413,11,2025-06-04 17:11:56.794286,2,54.83,Completed,109.66
5598,352,21,2025-05-30 02:48:19.365006,3,237.67,Completed,713.01
5598,352,16,2025-05-30 02:48:19.365006,2,103.54,Completed,207.08
5599,439,19,2024-05-09 03:25:20.720952,4,245.83,Completed,983.32
5600,490,4,2025-09-13 04:31:23.951492,1,100.31,Cancelled,100.31
5600,490,41,2025-09-13 04:31:23.951492,3,49.67,Completed,149.01
5600,490,7,2025-09-13 04:31:23.951492,1,144.55,Completed,144.55
5601,33,34,2024-03-01 11:05:14.479966,1,145.12,Completed,145.12
5601,33,54,2024-03-01 11:05:14.479966,1,29.61,Completed,29.61
5602,262,53,2025-08-31 20:48:31.750383,1,184.37,Completed,184.37
5603,393,14,2024-03-28 04:21:24.919899,1,234.6,Completed,234.6
5603,393,15,2024-03-28 04:21:24.919899,1,65.03,Completed,65.03
5604,433,12,2024-11-19 15:58:57.607114,3,101.68,Completed,305.04
5605,636,4,2025-06-02 17:33:07.330733,1,100.31,Completed,100.31
5606,702,4,2024-08-17 09:25:27.823478,1,100.31,Completed,100.31
5606,702,55,2024-08-17 09:25:27.823478,1,173.56,Completed,173.56
5606,702,59,2024-08-17 09:25:27.823478,1,179.72,Completed,179.72
5607,89,37,2025-09-18 06:14:17.285831,1,198.15,Completed,198.15
5607,89,19,2025-09-18 06:14:17.285831,1,245.83,Completed,245.83
5608,85,30,2024-07-21 13:25:02.873394,1,133.76,Completed,133.76
5608,85,41,2024-07-21 13:25:02.873394,4,49.67,Completed,198.68
5609,647,53,2025-09-14 09:07:45.260967,1,184.37,Completed,184.37
5610,466,26,2025-04-23 05:26:36.616602,1,152.0,Completed,152.0
5611,346,43,2025-06-22 08:11:15.488917,1,105.22,Completed,105.22
5611,346,6,2025-06-22 08:11:15.488917,1,71.74,Completed,71.74
5612,36,34,2024-08-30 20:17:26.105639,1,145.12,Completed,145.12
5613,566,34,2025-05-05 13:16:51.460939,1,145.12,Completed,145.12
5613,566,38,2025-05-05 13:16:51.460939,3,220.99,Completed,662.97
5614,222,48,2025-10-18 18:09:24.420696,1,83.25,Completed,83.25
5615,98,28,2025-10-17 08:20:34.806501,1,22.54,Completed,22.54
5615,98,27,2025-10-17 08:20:34.806501,2,183.96,Completed,367.92
5616,800,60,2024-05-03 12:37:16.874243,1,167.6,Completed,167.6
5617,71,54,2025-12-20 23:27:18.823527,1,29.61,Completed,29.61
5617,71,13,2025-12-20 23:27:18.823527,1,241.68,Completed,241.68
5617,71,43,2025-12-20 23:27:18.823527,2,105.22,Completed,210.44
5618,398,12,2025-06-11 03:48:52.523922,2,101.68,Completed,203.36
5619,549,48,2024-09-24 08:48:54.301211,1,83.25,Completed,83.25
5619,549,24,2024-09-24 08:48:54.301211,1,150.29,Completed,150.29
5620,715,33,2024-01-11 08:16:46.712822,1,35.23,Completed,35.23
5620,715,30,2024-01-11 08:16:46.712822,1,133.76,Completed,133.76
5621,463,33,2025-04-30 01:57:29.897350,1,35.23,Completed,35.23
5622,167,57,2024-10-30 22:57:19.122090,1,85.71,Completed,85.71
5623,437,49,2025-05-02 10:29:51.069427,1,168.45,Completed,168.45
5623,437,33,2025-05-02 10:29:51.069427,1,35.23,Completed,35.23
5624,204,19,2024-02-14 21:11:21.384140,1,245.83,Completed,245.83
5625,256,20,2024-05-20 20:18:27.631485,1,215.17,Completed,215.17
5625,256,53,2024-05-20 20:18:27.631485,1,184.37,Completed,184.37
5626,181,58,2025-07-09 17:51:16.653888,3,199.54,Completed,598.62
5627,45,33,2024-04-17 16:26:39.624914,1,35.23,Completed,35.23
5628,229,16,2024-07-13 15:27:41.074424,1,103.54,Completed,103.54
5628,229,4,2024-07-13 15:27:41.074424,4,100.31,Completed,401.24
5629,506,47,2024-05-05 23:41:35.620188,1,89.76,Completed,89.76
5630,456,21,2024-02-02 11:47:15.661283,1,237.67,Completed,237.67
5631,119,12,2025-03-20 05:25:42.684127,3,79.09,Completed,237.27
5632,759,16,2025-05-17 18:19:00.076369,1,103.54,Completed,103.54
5633,620,48,2024-10-25 18:05:11.389189,3,83.25,Completed,249.75
5634,449,49,2025-04-08 18:27:03.342752,1,215.69,Completed,215.69
5634,449,20,2025-04-08 18:27:03.342752,1,237.72,Completed,237.72
5635,441,53,2025-09-06 18:00:46.743589,1,157.64,Completed,157.64
5636,711,39,2025-11-17 23:53:44.419726,1,71.92,Completed,71.92
5637,557,53,2024-08-15 03:36:08.777034,1,155.74,Completed,155.74
5637,557,23,2024-08-15 03:36:08.777034,1,18.33,Completed,18.33
5637,557,26,2024-08-15 03:36:08.777034,1,152.0,Completed,152.0
5638,433,33,2025-02-13 05:00:01.665545,1,27.04,Completed,27.04
5638,433,12,2025-02-13 05:00:01.665545,1,101.68,Completed,101.68
5638,433,48,2025-02-13 05:00:01.665545,2,83.25,Completed,166.5
5639,487,25,2024-03-26 22:21:33.454695,1,207.06,Completed,207.06
5639,487,33,2024-03-26 22:21:33.454695,1,35.23,Completed,35.23
5640,141,43,2024-12-06 08:44:23.743894,1,82.32,Completed,82.32
5640,141,14,2024-12-06 08:44:23.743894,4,234.6,Completed,938.4
5641,681,60,2025-09-02 08:34:14.140137,1,196.88,Completed,196.88
5642,676,58,2024-03-03 20:23:18.536386,3,199.54,Completed,598.62
5643,383,16,2025-11-10 02:22:49.249674,1,103.54,Completed,103.54
5644,490,36,2024-03-05 08:35:50.741232,2,30.47,Completed,60.94
5645,190,10,2025-11-01 03:33:15.615076,3,108.18,Completed,324.54
5646,119,54,2024-05-13 05:25:01.263653,1,29.61,Completed,29.61
5647,238,39,2024-03-04 02:02:14.276231,2,71.92,Completed,143.84
5648,308,25,2024-08-19 18:37:21.273726,1,184.34,Completed,184.34
5648,308,46,2024-08-19 18:37:21.273726,1,55.63,Completed,55.63
5649,13,17,2025-04-02 10:28:08.314754,1,14.48,Completed,14.48
5650,600,29,2024-01-15 16:16:52.157776,2,141.6,Completed,283.2
5651,311,9,2024-05-03 14:45:50.135708,1,169.69,Completed,169.69
5652,141,38,2024-01-08 14:53:09.977871,1,220.99,Completed,220.99
5653,250,53,2025-04-10 16:48:25.989837,1,184.37,Completed,184.37
5653,250,48,2025-04-10 16:48:25.989837,1,83.25,Completed,83.25
5653,250,57,2025-04-10 16:48:25.989837,1,98.49,Completed,98.49
5654,487,20,2024-12-02 01:18:58.337658,1,237.72,Completed,237.72
5655,220,17,2025-10-02 08:30:56.766307,2,13.57,Completed,27.14
5656,649,1,2025-11-19 13:31:04.806964,2,121.97,Completed,243.94
5657,73,23,2024-08-12 16:20:46.547350,1,14.21,Completed,14.21
5658,523,53,2025-05-12 01:12:11.591322,1,166.32,Completed,166.32
5659,490,16,2025-11-19 03:21:28.656429,2,103.54,Returned,207.08
5660,75,39,2025-09-23 03:32:42.369879,1,71.92,Cancelled,71.92
5661,253,42,2025-06-29 14:35:44.681727,1,157.62,Completed,157.62
5661,253,24,2025-06-29 14:35:44.681727,3,173.32,Completed,519.96
5661,253,49,2025-06-29 14:35:44.681727,1,215.69,Completed,215.69
5662,231,27,2025-06-22 19:41:43.486924,1,183.96,Completed,183.96
5663,417,36,2024-08-14 15:43:59.983064,1,28.07,Completed,28.07
5663,417,10,2024-08-14 15:43:59.983064,1,108.18,Completed,108.18
5664,800,2,2024-10-03 21:31:09.125451,1,72.13,Completed,72.13
5664,800,7,2024-10-03 21:31:09.125451,3,144.55,Completed,433.65000000000003
5665,744,34,2024-07-28 13:34:52.572748,1,145.12,Completed,145.12
5666,401,7,2024-07-22 15:26:19.281564,1,144.55,Cancelled,144.55
5666,401,11,2024-07-22 15:26:19.281564,2,63.06,Completed,126.12
5667,231,47,2025-02-16 11:30:00.195058,1,89.76,Cancelled,89.76
5667,231,8,2025-02-16 11:30:00.195058,3,154.12,Completed,462.36
5668,522,36,2024-10-29 04:58:41.459953,1,33.56,Completed,33.56
5669,662,17,2025-09-01 18:01:21.450804,1,16.4,Completed,16.4
5670,651,12,2024-07-18 03:26:45.267981,1,101.68,Completed,101.68
5671,614,47,2024-05-25 10:24:56.792337,4,89.76,Completed,359.04
5672,510,19,2025-12-15 20:57:15.199478,1,245.83,Completed,245.83
5673,444,19,2024-07-08 07:53:01.159899,3,245.83,Returned,737.49
5673,444,58,2024-07-08 07:53:01.159899,1,199.54,Completed,199.54
5674,576,40,2024-11-16 21:45:45.484118,1,135.94,Completed,135.94
5674,576,9,2024-11-16 21:45:45.484118,1,149.04,Returned,149.04
5675,379,43,2024-03-08 11:03:33.334075,1,105.22,Completed,105.22
5676,288,7,2024-09-16 06:16:56.513302,3,144.55,Completed,433.65000000000003
5676,288,2,2024-09-16 06:16:56.513302,1,72.13,Completed,72.13
5677,350,38,2024-09-22 10:30:11.644221,3,220.99,Completed,662.97
5678,549,10,2025-07-17 19:55:54.975614,2,108.18,Completed,216.36
5678,549,4,2025-07-17 19:55:54.975614,2,100.31,Completed,200.62
5679,482,46,2025-01-16 19:42:31.340128,1,73.0,Completed,73.0
5680,396,6,2025-08-28 12:50:28.819073,2,71.74,Completed,143.48
5681,705,45,2025-05-16 12:56:18.885017,2,19.93,Completed,39.86
5681,705,29,2025-05-16 12:56:18.885017,1,141.6,Cancelled,141.6
5682,699,2,2024-05-04 10:42:56.575994,1,72.13,Cancelled,72.13
5683,677,24,2025-11-24 06:07:58.950272,1,173.32,Cancelled,173.32
5683,677,50,2025-11-24 06:07:58.950272,2,198.91,Completed,397.82
5684,709,35,2025-03-03 05:06:24.093756,2,241.49,Completed,482.98
5685,351,45,2024-04-23 15:56:16.981854,1,19.93,Cancelled,19.93
5686,632,29,2025-02-19 03:49:19.412817,1,141.6,Completed,141.6
5686,632,6,2025-02-19 03:49:19.412817,1,71.74,Completed,71.74
5687,275,19,2025-12-26 10:35:55.497792,1,245.83,Completed,245.83
5688,296,13,2024-11-12 17:06:41.510330,1,241.68,Completed,241.68
5689,234,32,2025-04-16 14:03:35.533280,1,150.19,Completed,150.19
5690,332,13,2025-05-12 20:57:03.967660,1,241.68,Completed,241.68
5690,332,36,2025-05-12 20:57:03.967660,1,33.56,Completed,33.56
5691,357,25,2024-07-29 17:49:52.856521,1,207.06,Cancelled,207.06
5692,197,40,2024-09-06 19:00:50.518279,1,146.43,Completed,146.43
5693,531,28,2025-12-07 23:57:09.998427,1,29.06,Returned,29.06
5694,286,52,2025-02-06 16:13:41.994793,1,195.32,Completed,195.32
5695,435,55,2025-06-26 11:40:07.946815,2,229.05,Returned,458.1
5695,435,44,2025-06-26 11:40:07.946815,1,220.71,Completed,220.71
5696,628,46,2024-07-15 08:00:21.517058,1,73.0,Completed,73.0
5697,143,27,2025-01-09 16:32:00.290372,1,183.96,Completed,183.96
5697,143,44,2025-01-09 16:32:00.290372,1,220.71,Completed,220.71
5698,195,18,2024-06-02 19:50:57.128081,3,133.07,Returned,399.21
5698,195,8,2024-06-02 19:50:57.128081,1,176.55,Completed,176.55
5699,556,11,2024-06-08 07:49:34.305061,3,63.06,Completed,189.18
5699,556,57,2024-06-08 07:49:34.305061,1,98.49,Completed,98.49
5700,474,32,2024-07-09 10:01:13.533054,3,150.19,Completed,450.57
5701,178,59,2025-11-04 00:01:38.915685,1,160.77,Completed,160.77
5702,299,21,2025-01-12 10:21:44.764598,1,237.67,Completed,237.67
5703,211,49,2025-04-05 17:06:41.060258,1,215.69,Completed,215.69
5704,649,41,2024-12-12 21:40:33.661837,1,49.67,Completed,49.67
5704,649,45,2024-12-12 21:40:33.661837,1,19.93,Completed,19.93
5704,649,35,2024-12-12 21:40:33.661837,1,241.49,Completed,241.49
5705,509,15,2024-12-07 02:09:54.716364,1,65.03,Completed,65.03
5706,402,25,2024-08-23 18:48:05.620730,2,207.06,Completed,414.12
5707,278,11,2025-02-15 13:14:25.191713,2,63.06,Completed,126.12
5708,471,4,2025-04-25 13:30:00.815944,1,100.31,Completed,100.31
5709,150,52,2025-10-19 22:20:10.329465,1,195.32,Completed,195.32
5710,74,50,2024-08-23 07:57:29.740038,1,243.34,Completed,243.34
5710,74,14,2024-08-23 07:57:29.740038,1,234.6,Completed,234.6
5711,564,10,2024-03-17 08:49:08.997948,1,108.18,Completed,108.18
5712,4,57,2024-09-18 23:39:00.940153,1,89.86,Completed,89.86
5712,4,49,2024-09-18 23:39:00.940153,1,215.69,Completed,215.69
5713,507,4,2025-10-19 17:56:29.418976,1,100.31,Completed,100.31
5714,564,41,2024-04-25 21:18:31.532496,1,49.67,Completed,49.67
5715,284,12,2024-12-13 02:41:18.797369,2,101.68,Completed,203.36
5716,431,52,2024-09-02 18:29:26.387170,1,195.32,Completed,195.32
5717,53,10,2025-10-21 04:12:26.604564,1,108.18,Completed,108.18
5717,53,47,2025-10-21 04:12:26.604564,1,89.76,Completed,89.76
5718,502,13,2024-05-16 14:11:37.703032,1,241.68,Cancelled,241.68
5719,488,44,2024-09-18 08:14:22.033813,1,220.71,Completed,220.71
5720,321,52,2024-04-28 19:18:13.205391,1,153.56,Completed,153.56
5721,371,43,2025-02-03 03:33:08.738614,4,105.22,Returned,420.88
5722,56,17,2025-07-02 23:49:53.409126,1,12.53,Completed,12.53
5722,56,1,2025-07-02 23:49:53.409126,4,104.53,Completed,418.12
5723,131,1,2024-11-16 11:25:57.442087,1,121.97,Completed,121.97
5724,761,48,2025-03-26 03:02:52.627319,1,83.25,Completed,83.25
5725,210,57,2025-03-09 07:25:46.741397,1,86.87,Completed,86.87
5726,62,32,2025-05-21 23:36:45.475455,3,122.78,Completed,368.34000000000003
5726,62,5,2025-05-21 23:36:45.475455,2,18.8,Completed,37.6
5727,284,10,2025-06-17 14:19:44.845134,1,108.18,Completed,108.18
5727,284,34,2025-06-17 14:19:44.845134,1,145.12,Completed,145.12
5728,226,57,2024-12-11 16:58:57.859584,1,98.49,Completed,98.49
5729,585,57,2024-06-26 19:40:28.071028,1,98.49,Completed,98.49
5730,566,39,2025-06-12 01:29:07.465469,1,71.92,Completed,71.92
5730,566,12,2025-06-12 01:29:07.465469,2,101.68,Completed,203.36
5731,24,13,2025-03-14 16:30:08.860721,2,241.68,Completed,483.36
5731,24,50,2025-03-14 16:30:08.860721,1,243.34,Cancelled,243.34
5732,226,28,2024-12-18 06:24:32.466668,1,29.06,Completed,29.06
5733,393,20,2024-10-19 20:12:08.623019,1,237.72,Completed,237.72
5734,632,56,2024-01-30 07:03:34.297337,2,97.95,Completed,195.9
5735,585,23,2025-11-09 03:53:48.023868,1,18.33,Completed,18.33
5736,277,32,2024-06-20 00:59:21.842111,4,150.19,Completed,600.76
5736,277,39,2024-06-20 00:59:21.842111,1,57.48,Completed,57.48
5737,417,33,2025-11-13 08:53:52.380916,2,35.23,Completed,70.46
5738,471,49,2025-11-07 15:02:59.859548,1,215.69,Completed,215.69
5738,471,60,2025-11-07 15:02:59.859548,4,196.88,Completed,787.52
5739,226,44,2024-03-19 17:37:30.469485,1,220.71,Completed,220.71
5740,4,4,2024-11-06 21:40:00.806498,1,100.31,Completed,100.31
5741,316,21,2024-07-15 15:12:15.827612,1,237.67,Cancelled,237.67
5742,615,1,2025-02-25 13:35:22.710008,4,121.97,Returned,487.88
5743,457,7,2025-03-08 22:41:32.656775,3,144.55,Completed,433.65000000000003
5743,457,13,2025-03-08 22:41:32.656775,1,185.22,Completed,185.22
5744,730,15,2024-04-29 17:44:05.738209,1,65.03,Completed,65.03
5744,730,50,2024-04-29 17:44:05.738209,1,243.34,Completed,243.34
5745,394,39,2024-05-01 11:03:37.919817,1,71.92,Completed,71.92
5745,394,53,2024-05-01 11:03:37.919817,1,184.37,Completed,184.37
5746,24,60,2024-08-07 10:12:36.197471,4,196.88,Completed,787.52
5747,279,23,2025-03-11 16:49:56.042032,1,18.33,Completed,18.33
5748,690,9,2025-05-24 06:30:14.452779,1,169.69,Completed,169.69
5749,537,3,2025-01-17 13:58:37.888491,2,101.78,Completed,203.56
5750,22,43,2025-11-25 14:10:22.090019,2,105.22,Returned,210.44
5751,631,26,2025-02-18 15:09:16.457638,1,152.0,Completed,152.0
5751,631,39,2025-02-18 15:09:16.457638,3,71.92,Completed,215.76
5752,211,9,2024-04-11 20:54:07.406343,1,169.69,Completed,169.69
5753,721,4,2025-04-29 06:52:49.675310,2,92.02,Completed,184.04
5753,721,18,2025-04-29 06:52:49.675310,4,133.07,Completed,532.28
5754,173,42,2025-07-29 15:44:10.475738,1,157.62,Completed,157.62
5755,213,8,2024-02-09 06:34:39.804828,4,176.55,Completed,706.2
5756,362,46,2024-03-06 23:47:03.602051,2,73.0,Completed,146.0
5757,255,31,2025-08-01 18:58:02.997998,3,10.99,Completed,32.97
5757,255,59,2025-08-01 18:58:02.997998,1,179.72,Completed,179.72
5757,255,24,2025-08-01 18:58:02.997998,1,173.32,Completed,173.32
5758,481,39,2024-04-13 06:23:44.799570,3,71.92,Completed,215.76
5758,481,49,2024-04-13 06:23:44.799570,1,215.69,Completed,215.69
5759,577,4,2024-09-09 15:42:53.709708,1,100.31,Completed,100.31
5759,577,9,2024-09-09 15:42:53.709708,1,169.69,Completed,169.69
5760,464,19,2024-10-16 01:48:45.195715,2,245.83,Completed,491.66
5761,23,22,2024-12-02 05:29:48.994327,1,59.28,Completed,59.28
5761,23,4,2024-12-02 05:29:48.994327,1,100.31,Completed,100.31
5762,391,27,2025-04-25 18:49:21.719872,1,154.02,Completed,154.02
5763,457,53,2024-05-26 07:07:21.012598,1,184.37,Completed,184.37
5764,92,44,2024-05-05 14:38:20.283009,1,220.71,Completed,220.71
5765,357,30,2024-08-12 11:52:07.362161,1,133.76,Completed,133.76
5766,376,20,2024-05-14 18:04:51.129808,4,237.72,Completed,950.88
5767,267,23,2025-09-18 03:59:37.269303,1,18.33,Completed,18.33
5767,267,31,2025-09-18 03:59:37.269303,1,10.99,Completed,10.99
5768,600,49,2024-11-14 16:20:11.079483,1,215.69,Completed,215.69
5769,614,37,2025-06-12 14:50:04.082672,1,198.15,Cancelled,198.15
5769,614,51,2025-06-12 14:50:04.082672,1,80.72,Completed,80.72
5770,38,10,2024-04-22 12:29:47.953990,3,108.18,Completed,324.54
5771,374,17,2025-02-09 09:42:03.640683,2,13.05,Completed,26.1
5772,725,17,2025-07-20 04:39:40.574575,2,16.4,Completed,32.8
5773,95,48,2024-01-04 14:37:57.324067,1,83.25,Completed,83.25
5774,567,54,2024-04-26 07:27:29.420983,1,22.68,Completed,22.68
5775,262,52,2024-03-13 22:29:02.629277,1,195.32,Completed,195.32
5776,301,35,2025-02-05 09:00:19.160856,1,202.17,Completed,202.17
5776,301,16,2025-02-05 09:00:19.160856,3,103.54,Completed,310.62
5777,191,22,2024-10-14 15:42:31.008724,2,59.28,Completed,118.56
5778,320,20,2024-06-04 02:51:27.648962,1,237.72,Completed,237.72
5779,69,4,2024-12-10 18:48:00.943510,1,100.31,Completed,100.31
5780,95,46,2024-10-01 16:37:42.485930,1,73.0,Completed,73.0
5780,95,15,2024-10-01 16:37:42.485930,1,65.03,Completed,65.03
5781,759,2,2024-12-04 08:14:22.031214,2,72.13,Completed,144.26
5782,562,10,2024-06-26 04:50:23.909374,1,108.18,Completed,108.18
5783,434,37,2025-10-31 08:57:33.673666,1,198.15,Completed,198.15
5783,434,32,2025-10-31 08:57:33.673666,1,150.19,Completed,150.19
5784,201,50,2024-10-09 22:17:41.884708,1,243.34,Completed,243.34
5784,201,55,2024-10-09 22:17:41.884708,1,207.19,Completed,207.19
5785,276,17,2024-08-20 09:36:33.686285,3,16.4,Completed,49.199999999999996
5786,184,48,2025-11-13 17:47:49.962020,2,83.25,Completed,166.5
5786,184,9,2025-11-13 17:47:49.962020,1,169.69,Completed,169.69
5787,567,34,2024-10-18 21:57:35.842518,3,145.12,Completed,435.36
5788,741,35,2024-08-26 18:59:57.940207,2,241.49,Completed,482.98
5789,547,26,2024-07-25 17:34:09.823381,1,152.0,Completed,152.0
5789,547,45,2024-07-25 17:34:09.823381,3,19.93,Completed,59.79
5789,547,9,2024-07-25 17:34:09.823381,1,156.3,Completed,156.3
5790,785,55,2025-05-07 13:36:47.452336,2,229.05,Completed,458.1
5791,22,40,2025-09-29 01:25:12.410944,1,146.43,Completed,146.43
5791,22,1,2025-09-29 01:25:12.410944,4,121.97,Completed,487.88
5791,22,35,2025-09-29 01:25:12.410944,1,241.49,Completed,241.49
5792,172,40,2025-03-11 18:22:08.647156,2,114.39,Completed,228.78
5793,136,13,2025-01-24 21:41:52.220248,1,241.68,Returned,241.68
5794,624,35,2024-09-10 05:06:47.092251,1,241.49,Completed,241.49
5794,624,41,2024-09-10 05:06:47.092251,1,49.67,Completed,49.67
5795,286,2,2025-05-04 00:14:21.824986,1,72.13,Completed,72.13
5795,286,54,2025-05-04 00:14:21.824986,2,29.61,Completed,59.22
5796,728,14,2025-12-09 06:21:13.228801,1,187.6,Completed,187.6
5797,656,56,2024-01-20 15:13:21.527633,4,125.24,Completed,500.96
5798,44,55,2025-10-08 11:30:14.467763,1,189.08,Completed,189.08
5798,44,19,2025-10-08 11:30:14.467763,1,207.03,Completed,207.03
5799,502,54,2024-05-10 01:21:49.562926,2,29.61,Completed,59.22
5800,405,14,2024-06-20 15:57:39.007730,1,234.6,Completed,234.6
5801,744,22,2024-09-21 11:09:11.810276,3,59.28,Completed,177.84
5801,744,53,2024-09-21 11:09:11.810276,1,184.37,Completed,184.37
5802,663,24,2025-01-01 01:30:28.514004,4,173.32,Returned,693.28
5803,363,43,2024-01-02 03:53:01.482941,1,105.22,Completed,105.22
5803,363,7,2024-01-02 03:53:01.482941,1,144.55,Completed,144.55
5804,768,22,2025-03-13 09:27:42.301009,1,59.28,Completed,59.28
5805,258,58,2024-10-17 16:07:36.882536,1,199.54,Returned,199.54
5806,418,15,2024-02-26 09:45:50.321205,2,65.03,Completed,130.06
5806,418,45,2024-02-26 09:45:50.321205,3,19.93,Completed,59.79
5807,130,59,2024-06-16 22:53:14.238938,2,179.72,Completed,359.44
5807,130,21,2024-06-16 22:53:14.238938,1,237.67,Completed,237.67
5808,615,6,2024-12-30 23:07:06.698182,1,71.74,Completed,71.74
5809,306,20,2024-02-02 07:13:24.772696,1,221.28,Completed,221.28
5810,392,43,2024-08-08 09:57:08.403753,1,105.22,Cancelled,105.22
5811,383,35,2024-03-08 18:44:17.424909,1,204.65,Completed,204.65
5812,769,6,2024-10-07 08:50:44.460517,2,60.05,Completed,120.1
5813,654,4,2024-05-11 07:25:16.696138,1,100.31,Completed,100.31
5814,461,1,2024-04-20 01:05:50.705925,1,121.97,Completed,121.97
5815,777,4,2024-08-15 02:19:59.298719,1,100.31,Completed,100.31
5815,777,8,2024-08-15 02:19:59.298719,1,176.55,Completed,176.55
5816,310,38,2025-05-07 22:46:54.418014,1,220.99,Completed,220.99
5817,146,7,2024-12-16 21:01:26.532412,1,114.98,Completed,114.98
5818,450,18,2024-07-09 13:03:41.765287,1,133.07,Completed,133.07
5818,450,3,2024-07-09 13:03:41.765287,1,101.78,Completed,101.78
5819,730,10,2025-11-28 03:53:56.679040,1,108.18,Completed,108.18
5820,210,48,2024-05-11 01:09:16.508623,1,83.25,Completed,83.25
5821,426,35,2024-10-17 16:44:48.437818,3,241.49,Completed,724.47
5821,426,33,2024-10-17 16:44:48.437818,1,35.23,Completed,35.23
5822,150,45,2025-01-12 15:56:49.093874,1,19.93,Completed,19.93
5822,150,41,2025-01-12 15:56:49.093874,1,49.67,Completed,49.67
5823,303,39,2024-03-18 16:39:48.050977,2,71.92,Completed,143.84
5824,359,24,2025-08-11 13:07:51.472474,1,173.32,Completed,173.32
5825,396,20,2024-09-09 18:56:45.351123,1,237.72,Completed,237.72
5826,444,55,2025-06-18 20:23:23.747194,4,185.25,Completed,741.0
5827,525,41,2025-04-23 18:49:04.576006,1,49.67,Completed,49.67
5827,525,16,2025-04-23 18:49:04.576006,1,97.98,Completed,97.98
5828,491,30,2024-10-22 06:22:35.692243,1,109.19,Completed,109.19
5829,318,44,2025-08-12 01:09:41.894468,1,220.71,Completed,220.71
5830,170,14,2024-04-27 10:41:01.722994,3,180.7,Completed,542.0999999999999
5831,763,23,2024-04-03 23:30:58.392882,2,18.33,Completed,36.66
5832,277,56,2025-01-05 02:07:19.010869,2,106.69,Completed,213.38
5833,646,6,2025-05-15 23:57:08.416252,1,71.74,Completed,71.74
5834,25,50,2024-01-09 11:01:59.902606,3,243.34,Completed,730.02
5835,343,20,2025-04-22 06:52:40.716868,1,237.72,Completed,237.72
5836,472,60,2025-05-04 05:48:54.427585,2,196.88,Completed,393.76
5836,472,56,2025-05-04 05:48:54.427585,1,125.24,Cancelled,125.24
5836,472,51,2025-05-04 05:48:54.427585,1,80.72,Returned,80.72
5837,530,53,2024-11-04 09:26:52.158525,1,184.37,Completed,184.37
5837,530,31,2024-11-04 09:26:52.158525,1,10.99,Cancelled,10.99
5838,777,19,2024-02-09 19:02:15.993033,1,245.83,Completed,245.83
5838,777,18,2024-02-09 19:02:15.993033,1,133.07,Completed,133.07
5839,38,5,2024-11-06 05:40:14.317798,1,18.8,Completed,18.8
5840,562,53,2025-06-25 16:58:44.293624,1,184.37,Completed,184.37
5840,562,49,2025-06-25 16:58:44.293624,1,215.69,Completed,215.69
5841,69,43,2024-03-25 15:35:29.432766,1,105.22,Completed,105.22
5841,69,14,2024-03-25 15:35:29.432766,1,234.6,Completed,234.6
5842,387,53,2025-08-12 04:49:53.681566,1,184.37,Completed,184.37
5843,732,2,2025-10-24 23:51:15.961609,1,72.13,Completed,72.13
5844,740,3,2025-01-01 12:07:08.344593,1,101.78,Completed,101.78
5845,148,46,2025-07-24 03:10:54.699126,1,68.11,Completed,68.11
5846,96,8,2025-06-03 18:39:04.726994,3,176.55,Completed,529.6500000000001
5847,283,28,2025-09-08 05:49:49.718421,1,29.06,Completed,29.06
5848,43,58,2025-12-10 09:24:52.865835,1,150.14,Completed,150.14
5849,137,37,2024-03-22 12:29:45.154774,1,198.15,Returned,198.15
5849,137,12,2024-03-22 12:29:45.154774,1,101.68,Completed,101.68
5850,428,52,2024-05-10 13:16:08.991954,1,195.32,Completed,195.32
5851,156,30,2024-11-05 13:37:15.531188,1,133.76,Completed,133.76
5851,156,38,2024-11-05 13:37:15.531188,2,220.99,Completed,441.98
5852,216,28,2025-07-08 12:22:51.270090,2,22.18,Completed,44.36
5853,39,26,2025-09-27 07:54:23.380544,1,152.0,Completed,152.0
5853,39,40,2025-09-27 07:54:23.380544,1,146.43,Completed,146.43
5854,68,44,2024-02-28 09:45:34.673742,1,220.71,Completed,220.71
5855,170,52,2024-01-06 01:52:54.800409,1,195.32,Completed,195.32
5856,506,45,2025-11-23 04:29:07.112385,1,17.62,Cancelled,17.62
5856,506,7,2025-11-23 04:29:07.112385,1,144.55,Completed,144.55
5857,351,31,2025-05-31 12:32:01.765516,1,10.99,Returned,10.99
5858,382,47,2024-07-07 05:17:47.004369,1,89.76,Completed,89.76
5858,382,54,2024-07-07 05:17:47.004369,1,29.61,Completed,29.61
5859,265,32,2025-01-10 20:58:58.621211,2,150.19,Completed,300.38
5859,265,55,2025-01-10 20:58:58.621211,1,229.05,Completed,229.05
5859,265,13,2025-01-10 20:58:58.621211,2,241.68,Completed,483.36
5860,760,26,2025-03-24 14:23:32.731828,4,152.0,Completed,608.0
5861,681,22,2025-09-28 17:02:05.980230,2,59.28,Completed,118.56
5862,160,39,2024-11-13 11:14:18.639974,1,71.92,Completed,71.92
5863,734,37,2024-12-05 06:39:02.914929,1,198.15,Completed,198.15
5863,734,59,2024-12-05 06:39:02.914929,1,179.72,Completed,179.72
5864,609,53,2024-01-30 02:04:28.947930,1,184.37,Completed,184.37
5865,252,9,2025-09-25 13:33:01.732379,1,169.69,Completed,169.69
5866,23,24,2024-12-01 23:35:33.138505,4,173.32,Completed,693.28
5867,279,10,2024-02-06 13:17:16.490380,1,108.18,Completed,108.18
5868,522,27,2025-03-13 12:13:49.807489,1,183.96,Completed,183.96
5869,742,3,2024-09-26 14:04:23.708910,2,101.78,Completed,203.56
5870,53,47,2024-11-06 18:18:30.421881,1,89.76,Completed,89.76
5871,308,23,2025-05-07 17:56:05.459609,4,18.33,Completed,73.32
5872,264,45,2025-07-13 18:55:38.346000,1,15.54,Completed,15.54
5873,229,36,2024-01-18 04:15:05.965795,1,33.56,Completed,33.56
5873,229,47,2024-01-18 04:15:05.965795,1,89.76,Completed,89.76
5874,255,59,2024-07-14 01:57:58.643864,1,179.72,Completed,179.72
5874,255,43,2024-07-14 01:57:58.643864,1,105.22,Completed,105.22
5875,101,34,2024-08-02 01:33:33.448386,1,145.12,Completed,145.12
5876,518,33,2024-10-31 10:53:43.065169,4,35.23,Completed,140.92
5877,761,40,2024-11-22 03:24:46.831916,1,146.43,Completed,146.43
5878,581,1,2024-08-05 07:24:44.126931,4,121.97,Returned,487.88
5879,84,43,2024-01-26 23:58:34.079351,2,105.22,Cancelled,210.44
5880,639,53,2024-03-22 12:41:27.958367,1,184.37,Completed,184.37
5881,679,34,2025-06-18 06:57:48.844739,1,117.95,Completed,117.95
5882,59,29,2025-01-22 19:49:29.045672,1,141.6,Completed,141.6
5883,443,45,2024-10-16 05:40:45.294533,1,19.93,Completed,19.93
5883,443,30,2024-10-16 05:40:45.294533,1,133.76,Cancelled,133.76
5883,443,43,2024-10-16 05:40:45.294533,1,98.65,Completed,98.65
5884,122,43,2024-05-07 22:05:36.637415,1,105.22,Completed,105.22
5885,499,33,2025-01-25 12:56:26.551762,2,35.23,Completed,70.46
5886,504,15,2024-04-02 00:28:37.475008,1,65.03,Completed,65.03
5886,504,18,2024-04-02 00:28:37.475008,3,133.07,Completed,399.21
5887,220,3,2024-04-15 14:10:06.379243,1,101.78,Completed,101.78
5888,241,15,2024-12-26 05:14:56.985221,1,65.03,Completed,65.03
5889,626,59,2025-10-13 16:23:46.317555,1,179.72,Completed,179.72
5890,345,35,2024-09-09 03:10:03.540450,1,241.49,Completed,241.49
5891,335,51,2024-11-30 08:42:03.485518,2,80.72,Completed,161.44
5891,335,21,2024-11-30 08:42:03.485518,2,237.67,Completed,475.34
5891,335,8,2024-11-30 08:42:03.485518,1,135.32,Completed,135.32
5892,756,54,2025-03-26 14:03:52.620602,1,25.41,Completed,25.41
5892,756,48,2025-03-26 14:03:52.620602,3,83.25,Completed,249.75
5892,756,20,2025-03-26 14:03:52.620602,2,224.41,Cancelled,448.82
5893,715,26,2025-11-01 16:56:25.156346,3,152.0,Completed,456.0
5893,715,43,2025-11-01 16:56:25.156346,1,105.22,Cancelled,105.22
5894,3,18,2025-10-21 14:43:47.914339,1,133.07,Completed,133.07
5894,3,14,2025-10-21 14:43:47.914339,1,189.62,Completed,189.62
5894,3,35,2025-10-21 14:43:47.914339,1,241.49,Completed,241.49
5895,696,41,2025-11-11 13:18:21.039631,1,49.67,Completed,49.67
5895,696,54,2025-11-11 13:18:21.039631,1,29.61,Completed,29.61
5896,366,4,2025-08-21 22:54:30.317157,1,100.31,Cancelled,100.31
5896,366,8,2025-08-21 22:54:30.317157,1,138.25,Cancelled,138.25
5897,318,57,2025-02-19 10:04:34.480950,1,98.49,Completed,98.49
5897,318,49,2025-02-19 10:04:34.480950,2,186.91,Completed,373.82
5898,41,11,2024-01-30 16:01:47.926858,1,63.06,Completed,63.06
5899,197,42,2024-08-26 09:49:48.420815,1,157.62,Completed,157.62
5900,401,11,2024-01-28 22:47:41.627637,1,63.06,Completed,63.06
5901,503,32,2025-03-20 19:52:23.321361,1,130.47,Completed,130.47
5902,631,9,2025-06-12 09:09:16.976970,1,169.69,Completed,169.69
5903,74,25,2025-08-16 02:35:16.397594,1,207.06,Completed,207.06
5904,292,58,2024-03-14 19:40:12.033403,1,168.11,Completed,168.11
5905,267,18,2025-01-09 05:19:03.191983,1,133.07,Returned,133.07
5906,795,3,2025-06-13 12:59:30.147764,1,101.78,Completed,101.78
5906,795,48,2025-06-13 12:59:30.147764,1,72.54,Completed,72.54
5907,706,26,2024-09-03 13:46:42.343889,1,152.0,Completed,152.0
5908,403,29,2025-04-09 19:42:12.771541,4,141.6,Completed,566.4
5909,681,51,2024-08-08 10:47:39.401180,2,80.72,Completed,161.44
5910,485,37,2024-10-19 12:57:27.294979,2,198.15,Completed,396.3
5910,485,15,2024-10-19 12:57:27.294979,1,65.03,Returned,65.03
5911,522,2,2024-05-14 06:27:35.158843,1,72.13,Completed,72.13
5911,522,34,2024-05-14 06:27:35.158843,2,145.12,Completed,290.24
5912,411,51,2025-06-29 03:21:30.184275,1,80.72,Completed,80.72
5912,411,10,2025-06-29 03:21:30.184275,4,108.18,Completed,432.72
5913,317,28,2025-06-10 18:19:34.152626,1,29.06,Completed,29.06
5914,216,47,2025-06-26 03:50:22.945606,2,89.76,Completed,179.52
5914,216,57,2025-06-26 03:50:22.945606,1,76.93,Completed,76.93
5915,82,57,2024-02-27 21:02:35.095777,2,91.11,Completed,182.22
5915,82,21,2024-02-27 21:02:35.095777,1,225.7,Completed,225.7
5916,130,53,2025-10-28 00:18:46.932311,1,140.99,Completed,140.99
5917,789,25,2025-12-05 13:36:14.696654,3,207.06,Returned,621.1800000000001
5918,328,31,2025-08-02 08:39:24.495070,1,10.99,Completed,10.99
5919,736,44,2025-02-20 18:04:57.162910,1,220.71,Returned,220.71
5920,420,22,2025-12-27 06:58:13.846323,2,52.1,Completed,104.2
5921,688,18,2025-03-25 08:59:14.575341,1,133.07,Completed,133.07
5922,602,1,2025-01-28 14:02:29.908617,1,121.97,Completed,121.97
5923,727,43,2025-08-02 10:02:06.436719,4,105.22,Completed,420.88
5924,485,44,2025-05-21 19:23:06.249671,2,220.71,Completed,441.42
5925,373,34,2024-02-05 15:31:22.693915,2,145.12,Completed,290.24
5925,373,9,2024-02-05 15:31:22.693915,1,169.69,Completed,169.69
5926,68,52,2025-02-22 12:50:49.212819,3,179.35,Returned,538.05
5927,259,16,2024-06-06 02:27:58.840966,1,103.54,Completed,103.54
5928,510,16,2025-11-13 21:34:45.184245,3,103.54,Cancelled,310.62
5928,510,25,2025-11-13 21:34:45.184245,4,207.06,Completed,828.24
5929,727,41,2024-07-19 14:15:50.120325,2,49.67,Completed,99.34
5930,461,9,2025-05-17 20:53:05.000145,2,138.36,Completed,276.72
5931,725,19,2024-05-15 13:42:00.108814,1,245.83,Completed,245.83
5932,323,49,2025-01-01 03:23:06.875536,1,215.69,Completed,215.69
5933,770,20,2024-02-03 09:24:10.838640,1,237.72,Completed,237.72
5934,717,41,2024-10-18 00:42:34.318788,1,49.67,Completed,49.67
5935,169,25,2024-05-12 07:40:56.707179,2,207.06,Completed,414.12
5935,169,36,2024-05-12 07:40:56.707179,2,33.56,Completed,67.12
5936,499,13,2024-07-26 23:40:01.596558,1,241.68,Completed,241.68
5936,499,36,2024-07-26 23:40:01.596558,1,33.56,Completed,33.56
5937,44,38,2024-01-04 16:29:39.803123,1,220.99,Completed,220.99
5937,44,7,2024-01-04 16:29:39.803123,1,144.55,Completed,144.55
5938,619,36,2024-05-31 05:01:43.272985,1,33.56,Completed,33.56
5938,619,12,2024-05-31 05:01:43.272985,3,101.68,Completed,305.04
5938,619,48,2024-05-31 05:01:43.272985,1,83.25,Completed,83.25
5939,185,38,2025-07-24 21:31:33.893059,1,220.99,Completed,220.99
5940,790,37,2025-04-24 18:22:04.923318,2,162.91,Completed,325.82
5941,352,43,2024-07-19 13:56:48.921757,1,105.22,Completed,105.22
5942,382,47,2024-12-03 13:58:12.964837,3,89.76,Completed,269.28000000000003
5943,108,27,2025-07-30 21:19:26.524290,1,183.96,Completed,183.96
5943,108,49,2025-07-30 21:19:26.524290,1,215.69,Cancelled,215.69
5944,514,2,2025-04-08 10:41:19.638885,2,72.13,Completed,144.26
5945,152,60,2024-03-11 22:01:39.568469,1,196.88,Completed,196.88
5945,152,27,2024-03-11 22:01:39.568469,1,183.96,Completed,183.96
5946,755,11,2024-06-13 02:55:47.982984,2,63.06,Completed,126.12
5947,281,19,2025-06-01 13:49:44.733201,1,245.83,Completed,245.83
5948,542,3,2024-06-10 08:55:52.106284,1,101.78,Completed,101.78
5948,542,36,2024-06-10 08:55:52.106284,2,33.56,Completed,67.12
5949,627,55,2025-03-22 07:29:15.384425,1,229.05,Completed,229.05
5950,789,13,2025-06-15 13:25:57.938008,2,241.68,Completed,483.36
5951,41,30,2025-03-20 19:13:08.466684,1,133.76,Completed,133.76
5951,41,31,2025-03-20 19:13:08.466684,1,10.99,Completed,10.99
5952,561,39,2024-12-02 06:29:07.997231,1,71.92,Completed,71.92
5953,774,57,2024-11-03 03:47:56.599249,3,98.49,Completed,295.46999999999997
5953,774,35,2024-11-03 03:47:56.599249,1,241.49,Completed,241.49
5954,19,3,2025-03-10 12:26:34.535058,2,101.78,Completed,203.56
5955,643,33,2025-01-30 06:20:34.192943,1,35.23,Returned,35.23
5956,65,25,2024-12-13 04:33:45.291915,1,207.06,Completed,207.06
5957,428,10,2025-02-11 02:09:10.043290,3,108.18,Completed,324.54
5958,624,49,2024-09-07 08:29:47.758378,1,215.69,Completed,215.69
5959,323,35,2024-08-21 08:08:31.132166,1,241.49,Completed,241.49
5960,229,24,2025-08-23 12:27:17.527485,1,173.32,Completed,173.32
5961,308,16,2024-04-20 19:09:41.556058,2,103.54,Completed,207.08
5962,40,46,2025-09-15 16:19:00.936234,1,73.0,Completed,73.0
5963,685,30,2024-12-30 06:02:08.823129,1,133.76,Completed,133.76
5964,261,28,2025-01-23 12:51:04.375309,3,29.06,Completed,87.17999999999999
5965,5,37,2024-05-04 02:38:05.820545,1,198.15,Completed,198.15
5965,5,39,2024-05-04 02:38:05.820545,3,67.63,Completed,202.89
5966,461,24,2024-10-11 17:52:23.394892,1,173.32,Completed,173.32
5967,3,9,2024-10-21 03:28:39.702958,4,169.69,Completed,678.76
5967,3,29,2024-10-21 03:28:39.702958,1,141.6,Completed,141.6
5968,281,8,2025-04-27 07:26:15.458018,3,176.55,Completed,529.6500000000001
5969,560,54,2025-02-21 01:24:31.924492,1,29.61,Completed,29.61
5969,560,38,2025-02-21 01:24:31.924492,1,204.13,Completed,204.13
5970,751,17,2024-02-27 09:13:16.420969,1,16.4,Completed,16.4
5971,656,17,2024-12-21 04:09:17.450002,1,16.4,Completed,16.4
5972,788,55,2025-12-20 00:16:29.780232,1,229.05,Completed,229.05
5972,788,22,2025-12-20 00:16:29.780232,1,56.18,Completed,56.18
5973,219,22,2024-03-01 15:46:18.507729,1,59.28,Completed,59.28
5974,566,4,2025-06-30 01:09:03.234629,1,100.31,Completed,100.31
5975,119,16,2025-01-21 14:26:50.816831,1,103.54,Completed,103.54
5976,399,23,2024-08-09 22:39:12.362343,1,18.33,Completed,18.33
5977,337,43,2025-07-02 03:01:25.468180,1,105.22,Completed,105.22
5978,672,31,2024-11-25 14:15:56.535206,4,10.99,Completed,43.96
5979,702,51,2024-12-07 04:29:58.087852,1,80.72,Completed,80.72
5979,702,39,2024-12-07 04:29:58.087852,1,71.92,Completed,71.92
5980,252,45,2024-04-23 19:22:36.204797,1,19.93,Completed,19.93
5981,22,31,2025-03-03 00:05:39.416846,1,10.29,Completed,10.29
5982,749,26,2025-03-31 17:07:30.717987,2,152.0,Completed,304.0
5982,749,37,2025-03-31 17:07:30.717987,1,198.15,Completed,198.15
5983,688,45,2025-02-16 08:54:55.773780,1,19.93,Completed,19.93
5983,688,30,2025-02-16 08:54:55.773780,1,133.76,Completed,133.76
5984,437,37,2024-10-30 05:41:06.971153,1,198.15,Completed,198.15
5985,168,30,2025-07-12 09:45:05.626902,1,133.76,Completed,133.76
5985,168,50,2025-07-12 09:45:05.626902,2,243.34,Completed,486.68
5986,556,30,2025-07-02 12:19:29.672224,1,133.76,Completed,133.76
5987,655,34,2024-07-26 05:42:43.818584,4,137.37,Completed,549.48
5988,125,15,2025-06-27 03:47:28.936148,1,65.03,Completed,65.03
5988,125,52,2025-06-27 03:47:28.936148,1,155.85,Completed,155.85
5989,798,31,2025-12-23 11:11:52.085731,2,10.99,Completed,21.98
5990,777,15,2024-09-30 22:58:53.635149,1,65.03,Completed,65.03
5991,184,3,2025-01-27 10:37:27.408003,1,85.52,Completed,85.52
5991,184,8,2025-01-27 10:37:27.408003,1,159.46,Completed,159.46
5992,799,57,2024-10-03 06:04:24.027986,1,98.49,Completed,98.49
5992,799,32,2024-10-03 06:04:24.027986,1,150.19,Completed,150.19
5992,799,42,2024-10-03 06:04:24.027986,1,157.62,Completed,157.62
5993,630,43,2025-11-23 15:18:37.788671,1,105.22,Completed,105.22
5994,86,55,2024-03-31 03:36:54.035737,1,229.05,Completed,229.05
5995,95,9,2024-10-15 21:32:04.903412,1,169.69,Completed,169.69
5996,398,42,2024-06-03 06:03:59.757464,1,157.62,Completed,157.62
5997,559,8,2024-03-21 18:17:09.852805,2,176.55,Completed,353.1
5997,559,42,2024-03-21 18:17:09.852805,3,157.62,Completed,472.86
5998,636,22,2024-07-30 05:23:38.624035,1,59.28,Completed,59.28
5999,785,20,2025-09-23 08:55:49.498945,1,181.31,Completed,181.31
5999,785,49,2025-09-23 08:55:49.498945,1,168.68,Completed,168.68
6000,707,10,2025-07-13 19:38:37.263961,1,108.18,Completed,108.18
6001,491,11,2025-12-19 14:23:06.245542,1,63.06,Completed,63.06
6001,491,22,2025-12-19 14:23:06.245542,1,59.28,Completed,59.28
6002,360,23,2025-12-15 14:16:00.153246,1,16.88,Completed,16.88
6003,775,36,2025-02-05 13:13:57.487074,1,33.56,Returned,33.56
6004,525,19,2024-09-13 23:28:16.858400,1,245.83,Completed,245.83
6004,525,37,2024-09-13 23:28:16.858400,3,198.15,Completed,594.45
6005,172,59,2024-06-07 23:01:32.071827,1,179.72,Completed,179.72
6006,653,48,2025-10-19 08:02:24.156151,4,83.25,Cancelled,333.0
6007,601,27,2024-07-22 13:58:21.660238,2,183.96,Completed,367.92
6008,69,24,2025-07-16 11:09:15.294804,2,173.32,Completed,346.64
6009,763,7,2025-04-05 02:25:46.430686,1,144.55,Completed,144.55
6010,673,3,2025-04-29 21:23:23.287901,1,101.78,Completed,101.78
6011,800,21,2025-05-16 09:30:17.150457,1,237.67,Completed,237.67
6011,800,15,2025-05-16 09:30:17.150457,1,65.03,Completed,65.03
6012,397,45,2025-04-07 04:18:27.614187,1,19.93,Completed,19.93
6013,378,54,2025-04-09 10:26:32.000469,1,29.61,Completed,29.61
6014,43,33,2025-01-01 16:22:40.129528,1,27.75,Returned,27.75
6015,585,35,2025-01-23 17:32:49.712347,1,241.49,Completed,241.49
6016,681,37,2024-06-13 07:44:17.522679,1,198.15,Completed,198.15
6016,681,21,2024-06-13 07:44:17.522679,2,237.67,Completed,475.34
6017,426,29,2024-10-21 21:29:01.571549,1,141.6,Completed,141.6
6017,426,54,2024-10-21 21:29:01.571549,1,24.07,Completed,24.07
6018,475,21,2025-07-06 11:37:47.278141,3,218.32,Completed,654.96
6018,475,13,2025-07-06 11:37:47.278141,1,241.68,Completed,241.68
6019,575,39,2024-07-27 23:41:08.162136,1,71.92,Completed,71.92
6019,575,45,2024-07-27 23:41:08.162136,1,19.93,Completed,19.93
6019,575,54,2024-07-27 23:41:08.162136,1,29.61,Completed,29.61
6020,567,4,2025-11-05 22:07:18.289327,1,100.31,Completed,100.31
6020,567,6,2025-11-05 22:07:18.289327,1,71.74,Completed,71.74
6021,349,6,2024-04-24 14:04:33.287780,1,65.44,Completed,65.44
6022,654,39,2025-09-29 12:57:00.125270,2,71.92,Completed,143.84
6023,320,40,2024-10-19 00:57:08.599895,1,146.43,Completed,146.43
6024,436,57,2024-01-03 10:28:15.218011,1,98.49,Completed,98.49
6025,110,55,2025-08-28 19:15:27.275615,2,185.54,Completed,371.08
6026,141,21,2025-07-10 22:37:10.282589,1,237.67,Completed,237.67
6027,389,11,2025-04-24 00:27:34.324566,1,63.06,Completed,63.06
6027,389,49,2025-04-24 00:27:34.324566,2,215.69,Completed,431.38
6028,422,22,2025-05-13 20:19:23.266528,2,59.28,Completed,118.56
6029,544,16,2024-03-12 18:37:13.760307,1,103.54,Completed,103.54
6030,511,51,2025-02-27 12:21:54.573447,1,80.72,Completed,80.72
6030,511,10,2025-02-27 12:21:54.573447,2,108.18,Completed,216.36
6031,24,26,2024-11-01 05:06:37.042809,1,122.67,Completed,122.67
6032,190,60,2024-11-01 08:04:58.804638,1,196.88,Completed,196.88
6032,190,32,2024-11-01 08:04:58.804638,1,150.19,Completed,150.19
6033,538,56,2024-05-17 21:05:21.302838,1,125.24,Completed,125.24
6033,538,35,2024-05-17 21:05:21.302838,1,241.49,Completed,241.49
6033,538,44,2024-05-17 21:05:21.302838,1,220.71,Completed,220.71
6034,98,48,2024-01-22 04:47:53.754646,1,83.25,Completed,83.25
6035,787,20,2024-06-12 15:51:16.481181,4,237.72,Returned,950.88
6036,127,13,2025-03-21 02:03:00.850759,3,241.68,Completed,725.04
6037,218,43,2025-01-02 10:53:21.070464,4,105.22,Completed,420.88
6038,81,33,2024-02-28 18:27:42.772834,1,35.23,Completed,35.23
6039,284,15,2025-02-20 12:38:38.511644,1,65.03,Completed,65.03
6040,779,9,2024-10-25 09:44:33.802891,4,169.69,Completed,678.76
6041,555,58,2024-01-17 16:02:41.952165,1,199.54,Completed,199.54
6041,555,25,2024-01-17 16:02:41.952165,3,184.81,Completed,554.4300000000001
6042,592,30,2025-03-21 03:54:54.467076,1,133.76,Returned,133.76
6042,592,1,2025-03-21 03:54:54.467076,1,121.97,Completed,121.97
6042,592,56,2025-03-21 03:54:54.467076,1,125.24,Returned,125.24
6043,674,4,2024-05-01 12:21:33.957878,1,100.31,Returned,100.31
6044,414,32,2025-04-01 14:40:28.486095,4,150.19,Completed,600.76
6045,42,5,2025-05-14 14:02:26.944116,2,18.8,Completed,37.6
6046,431,20,2025-11-25 20:20:36.008037,1,194.13,Completed,194.13
6046,431,7,2025-11-25 20:20:36.008037,1,144.55,Completed,144.55
6047,141,48,2024-01-17 14:02:45.277525,1,78.24,Completed,78.24
6047,141,9,2024-01-17 14:02:45.277525,1,169.69,Returned,169.69
6048,110,42,2025-03-14 23:31:19.697419,2,157.62,Completed,315.24
6049,44,59,2025-07-30 14:41:42.742306,1,179.72,Completed,179.72
6049,44,3,2025-07-30 14:41:42.742306,1,101.78,Completed,101.78
6050,555,35,2024-10-11 05:13:33.632656,1,188.79,Cancelled,188.79
6050,555,16,2024-10-11 05:13:33.632656,1,103.54,Completed,103.54
6051,254,14,2025-01-08 06:35:49.746093,2,183.85,Completed,367.7
6052,665,2,2024-05-20 21:54:47.696495,3,72.13,Completed,216.39
6053,718,52,2025-10-28 15:22:57.067442,1,195.32,Completed,195.32
6054,646,17,2024-11-30 04:06:39.901968,1,16.4,Completed,16.4
6054,646,56,2024-11-30 04:06:39.901968,1,125.24,Completed,125.24
6055,747,14,2025-06-11 20:00:47.118362,1,234.6,Completed,234.6
6055,747,60,2025-06-11 20:00:47.118362,3,196.88,Completed,590.64
6056,699,44,2024-06-23 16:48:16.168123,1,220.71,Completed,220.71
6057,418,29,2024-12-10 16:23:56.365916,1,121.01,Completed,121.01
6058,280,2,2025-06-04 08:07:29.986661,3,72.13,Completed,216.39
6058,280,3,2025-06-04 08:07:29.986661,1,101.78,Completed,101.78
6059,193,13,2024-05-25 20:14:18.567974,1,241.68,Completed,241.68
6059,193,6,2024-05-25 20:14:18.567974,1,71.74,Completed,71.74
6060,441,36,2024-04-06 20:01:44.406087,1,33.56,Completed,33.56
6061,683,27,2024-02-17 07:31:14.393929,1,183.96,Completed,183.96
6062,541,45,2024-01-23 13:11:18.849366,1,19.93,Completed,19.93
6063,140,36,2025-02-25 15:35:29.007908,1,33.56,Completed,33.56
6064,605,23,2024-12-01 05:03:36.230390,3,18.33,Completed,54.989999999999995
6065,593,55,2025-05-14 01:55:03.084422,1,229.05,Completed,229.05
6066,256,59,2024-11-19 20:48:14.379359,1,179.72,Completed,179.72
6067,128,7,2024-06-25 13:48:05.503912,1,144.55,Completed,144.55
6067,128,4,2024-06-25 13:48:05.503912,1,100.31,Completed,100.31
6068,620,2,2024-05-09 02:54:02.486524,1,72.13,Completed,72.13
6069,118,18,2024-12-02 19:50:13.562137,1,133.07,Completed,133.07
6070,196,33,2025-04-13 04:57:52.709105,1,35.23,Completed,35.23
6071,708,11,2025-08-09 16:35:44.791483,1,49.62,Returned,49.62
6072,657,58,2025-09-03 15:34:40.422476,1,199.54,Completed,199.54
6073,688,34,2025-09-28 14:56:14.065978,3,145.12,Completed,435.36
6074,729,48,2025-10-25 11:33:12.675475,2,79.06,Completed,158.12
6075,763,28,2024-06-27 18:00:27.768855,1,22.21,Completed,22.21
6076,405,52,2025-06-11 02:15:01.914844,2,155.01,Completed,310.02
6077,116,50,2024-02-20 23:38:11.751711,3,243.34,Completed,730.02
6077,116,50,2024-02-20 23:38:11.751711,1,243.34,Completed,243.34
6077,116,52,2024-02-20 23:38:11.751711,1,195.32,Completed,195.32
6078,713,26,2025-06-30 11:37:20.011622,2,117.25,Completed,234.5
6079,212,26,2025-05-12 21:03:12.331198,1,152.0,Completed,152.0
6080,151,40,2024-10-23 15:11:39.538322,1,146.43,Completed,146.43
6080,151,37,2024-10-23 15:11:39.538322,2,198.15,Completed,396.3
6081,378,2,2025-01-14 10:19:36.726770,1,72.13,Completed,72.13
6082,421,21,2024-12-09 06:03:56.238273,1,237.67,Completed,237.67
6083,532,12,2024-10-08 06:43:44.900744,1,101.68,Completed,101.68
6084,455,53,2025-07-25 14:54:31.193238,1,184.37,Completed,184.37
6084,455,48,2025-07-25 14:54:31.193238,1,83.25,Completed,83.25
6085,150,31,2025-11-30 00:42:38.825998,1,10.99,Returned,10.99
6086,362,35,2025-10-06 20:24:55.130250,2,241.49,Completed,482.98
6087,682,55,2025-01-27 06:13:19.719061,1,229.05,Completed,229.05
6088,679,32,2025-06-06 12:43:32.918060,1,150.19,Completed,150.19
6089,501,39,2025-03-19 02:14:08.061517,1,71.92,Completed,71.92
6090,448,5,2025-12-23 02:56:18.317321,1,14.11,Completed,14.11
6090,448,36,2025-12-23 02:56:18.317321,2,33.56,Completed,67.12
6091,63,54,2025-06-05 18:40:08.582914,4,29.61,Completed,118.44
6091,63,26,2025-06-05 18:40:08.582914,1,152.0,Completed,152.0
6092,767,40,2024-11-16 02:53:24.115599,1,146.43,Completed,146.43
6093,297,41,2025-08-27 06:14:49.716198,3,49.67,Completed,149.01
6094,114,20,2024-02-13 15:27:19.606388,2,237.72,Completed,475.44
6095,145,57,2025-08-15 12:19:30.501528,2,98.49,Completed,196.98
6096,182,23,2025-08-27 15:57:05.718399,3,18.33,Cancelled,54.989999999999995
6096,182,46,2025-08-27 15:57:05.718399,1,66.22,Completed,66.22
6097,543,17,2025-06-13 08:38:14.779927,1,13.79,Completed,13.79
6098,311,28,2024-01-30 03:09:40.230858,1,29.06,Completed,29.06
6099,461,34,2024-10-18 14:00:13.537947,1,145.12,Completed,145.12
6100,283,42,2025-11-07 23:52:15.849591,1,157.62,Completed,157.62
6101,400,56,2025-04-04 08:46:43.695636,3,125.24,Completed,375.71999999999997
6102,492,2,2024-11-17 05:36:09.137752,1,72.13,Returned,72.13
6102,492,52,2024-11-17 05:36:09.137752,1,195.32,Completed,195.32
6103,18,14,2025-07-28 19:39:36.862411,1,234.6,Completed,234.6
6104,661,9,2024-03-16 15:28:30.569080,1,169.69,Completed,169.69
6104,661,36,2024-03-16 15:28:30.569080,3,33.56,Completed,100.68
6105,565,44,2025-09-10 08:40:23.196646,2,220.71,Returned,441.42
6106,149,7,2025-07-07 07:06:58.496114,1,129.26,Completed,129.26
6106,149,39,2025-07-07 07:06:58.496114,2,71.92,Completed,143.84
6107,707,53,2025-02-27 06:18:21.264024,1,170.06,Completed,170.06
6108,529,1,2025-07-31 21:09:24.663106,1,121.97,Completed,121.97
6109,765,36,2025-06-11 01:20:19.129659,1,33.56,Completed,33.56
6109,765,11,2025-06-11 01:20:19.129659,1,59.37,Completed,59.37
6110,110,60,2024-09-24 12:27:29.334147,1,196.88,Completed,196.88
6111,290,34,2025-04-24 06:31:41.594404,1,145.12,Completed,145.12
6112,251,3,2024-04-13 14:57:56.707953,1,101.78,Completed,101.78
6113,685,36,2024-06-26 10:33:47.229508,4,33.56,Completed,134.24
6114,629,34,2024-12-18 06:59:39.851264,1,145.12,Completed,145.12
6115,543,35,2024-07-12 02:10:29.919728,1,241.49,Completed,241.49
6116,643,36,2024-08-28 22:03:00.013574,1,33.56,Completed,33.56
6117,542,46,2025-05-21 09:54:19.159515,1,68.75,Completed,68.75
6117,542,9,2025-05-21 09:54:19.159515,1,169.69,Completed,169.69
6118,707,59,2024-11-30 12:24:00.732745,2,179.72,Cancelled,359.44
6119,430,4,2025-06-01 15:07:55.583243,1,100.31,Completed,100.31
6120,2,28,2025-07-03 07:50:35.979071,1,29.06,Completed,29.06
6120,2,10,2025-07-03 07:50:35.979071,2,108.18,Completed,216.36
6121,751,8,2025-07-06 14:17:58.987756,1,176.55,Completed,176.55
6122,783,41,2024-09-06 23:35:58.723932,1,49.67,Completed,49.67
6123,713,19,2025-05-18 02:40:51.305115,3,245.83,Completed,737.49
6124,601,14,2024-08-29 09:11:04.045504,2,234.6,Completed,469.2
6125,412,53,2024-11-24 18:35:25.050267,1,184.37,Completed,184.37
6126,617,30,2024-07-07 06:47:21.218182,2,133.76,Completed,267.52
6126,617,7,2024-07-07 06:47:21.218182,2,144.55,Completed,289.1
6126,617,23,2024-07-07 06:47:21.218182,1,18.33,Completed,18.33
6127,640,24,2024-07-19 23:14:17.256274,1,173.32,Completed,173.32
6128,251,56,2024-01-27 02:14:46.118452,1,125.24,Completed,125.24
6129,345,14,2024-04-12 05:10:03.410376,2,234.6,Completed,469.2
6130,778,1,2025-01-15 21:34:23.598417,1,121.97,Completed,121.97
6131,342,50,2024-01-19 22:28:38.392618,1,243.34,Completed,243.34
6132,442,38,2025-10-04 12:35:19.700896,1,220.99,Completed,220.99
6132,442,24,2025-10-04 12:35:19.700896,1,132.63,Completed,132.63
6133,579,46,2025-02-15 09:12:39.130890,1,73.0,Completed,73.0
6133,579,15,2025-02-15 09:12:39.130890,2,65.03,Completed,130.06
6134,45,44,2025-06-05 01:49:50.988729,1,220.71,Cancelled,220.71
6135,423,39,2024-08-11 20:43:51.735655,2,71.92,Completed,143.84
6135,423,19,2024-08-11 20:43:51.735655,3,245.83,Completed,737.49
6135,423,23,2024-08-11 20:43:51.735655,1,17.38,Completed,17.38
6136,562,47,2025-06-06 13:27:31.245264,4,89.76,Completed,359.04
6137,139,7,2025-02-18 09:03:05.621358,1,144.55,Completed,144.55
6138,220,25,2024-08-10 11:04:07.296854,3,207.06,Completed,621.1800000000001
6139,100,41,2025-06-04 13:08:28.432095,1,37.37,Completed,37.37
6140,602,45,2025-05-06 11:50:35.045197,1,19.93,Completed,19.93
6141,288,60,2024-04-22 17:48:40.897460,1,196.88,Completed,196.88
6141,288,40,2024-04-22 17:48:40.897460,3,146.43,Completed,439.29
6142,215,42,2025-08-10 19:04:49.395382,4,147.33,Completed,589.32
6143,627,13,2024-04-03 20:15:00.247813,1,220.19,Completed,220.19
6144,613,7,2025-03-19 10:30:49.942777,2,144.55,Completed,289.1
6145,645,50,2025-09-19 04:15:59.069851,1,243.34,Completed,243.34
6145,645,12,2025-09-19 04:15:59.069851,2,101.68,Completed,203.36
6146,488,3,2024-07-06 19:59:48.954987,1,101.78,Completed,101.78
6147,555,25,2024-06-15 09:07:25.927619,2,207.06,Completed,414.12
6148,776,14,2025-09-13 04:06:12.716662,2,234.6,Completed,469.2
6149,7,7,2025-03-01 18:11:45.962879,3,144.55,Completed,433.65000000000003
6150,502,5,2024-04-18 07:19:34.070579,1,18.8,Completed,18.8
6150,502,56,2024-04-18 07:19:34.070579,1,125.24,Completed,125.24
6151,422,44,2024-01-09 19:24:31.936683,1,220.71,Completed,220.71
6152,103,48,2024-09-22 20:06:52.721006,1,72.14,Completed,72.14
6153,590,55,2025-01-06 06:31:26.910986,1,229.05,Returned,229.05
6153,590,48,2025-01-06 06:31:26.910986,3,83.25,Completed,249.75
6154,358,56,2025-09-27 06:28:28.006131,1,125.24,Completed,125.24
6155,772,25,2025-01-12 06:39:02.384892,1,207.06,Completed,207.06
6156,713,50,2024-12-14 04:35:25.285527,3,243.34,Cancelled,730.02
6157,757,50,2025-10-19 00:04:12.804679,1,213.03,Completed,213.03
6158,22,8,2025-12-10 20:30:21.745168,1,176.55,Completed,176.55
6159,198,32,2025-04-15 00:16:43.056343,3,150.19,Completed,450.57
6159,198,6,2025-04-15 00:16:43.056343,1,71.74,Completed,71.74
6160,756,31,2025-03-04 14:36:45.563568,1,8.64,Completed,8.64
6161,215,57,2024-12-31 19:11:22.121009,1,98.49,Completed,98.49
6161,215,12,2024-12-31 19:11:22.121009,1,101.68,Completed,101.68
6162,63,48,2025-01-17 00:52:17.700002,1,83.25,Completed,83.25
6163,232,50,2024-10-02 22:11:15.159912,1,243.34,Completed,243.34
6164,33,20,2025-11-07 00:57:42.937550,1,221.66,Completed,221.66
6165,210,8,2025-04-18 07:33:22.819714,1,176.55,Completed,176.55
6166,775,4,2025-09-27 16:06:18.705225,1,100.31,Completed,100.31
6167,307,42,2024-12-17 21:33:34.269039,1,157.62,Completed,157.62
6168,443,28,2024-12-19 07:39:08.632491,4,29.06,Completed,116.24
6168,443,11,2024-12-19 07:39:08.632491,1,58.66,Returned,58.66
6168,443,53,2024-12-19 07:39:08.632491,3,184.37,Returned,553.11
6169,8,1,2024-10-04 07:21:49.924615,1,121.97,Completed,121.97
6169,8,25,2024-10-04 07:21:49.924615,1,162.55,Completed,162.55
6170,431,23,2025-05-03 04:24:33.096617,1,16.55,Completed,16.55
6170,431,4,2025-05-03 04:24:33.096617,1,100.31,Completed,100.31
6170,431,11,2025-05-03 04:24:33.096617,3,63.06,Completed,189.18
6171,112,10,2024-02-17 06:27:55.746728,3,108.18,Completed,324.54
6172,717,5,2024-06-13 02:56:13.495685,1,18.8,Completed,18.8
6173,273,10,2024-05-30 16:38:26.265286,1,108.18,Completed,108.18
6174,731,26,2024-04-19 13:33:03.192196,3,152.0,Returned,456.0
6174,731,45,2024-04-19 13:33:03.192196,1,19.93,Completed,19.93
6175,606,5,2025-03-20 07:23:39.997040,2,18.8,Completed,37.6
6176,600,2,2025-06-15 23:54:25.537229,1,72.13,Completed,72.13
6176,600,31,2025-06-15 23:54:25.537229,1,10.99,Completed,10.99
6176,600,54,2025-06-15 23:54:25.537229,1,29.61,Completed,29.61
6177,609,36,2024-03-28 07:14:30.027815,1,33.56,Completed,33.56
6178,581,36,2024-05-23 18:25:38.779179,1,33.56,Completed,33.56
6179,460,3,2024-12-30 02:48:18.345261,1,101.78,Completed,101.78
6180,626,18,2025-02-19 16:01:40.834498,1,133.07,Completed,133.07
6181,456,13,2025-04-11 04:54:46.430626,2,241.68,Completed,483.36
6181,456,28,2025-04-11 04:54:46.430626,1,29.06,Completed,29.06
6181,456,56,2025-04-11 04:54:46.430626,3,125.24,Completed,375.71999999999997
6182,752,57,2024-01-09 21:45:28.004311,1,98.49,Completed,98.49
6182,752,31,2024-01-09 21:45:28.004311,1,10.99,Completed,10.99
6183,201,16,2025-06-28 18:24:55.095102,1,103.54,Completed,103.54
6184,385,35,2025-08-20 19:03:59.148537,1,241.49,Completed,241.49
6185,477,35,2025-07-29 00:14:54.374618,1,241.49,Completed,241.49
6185,477,37,2025-07-29 00:14:54.374618,3,198.15,Completed,594.45
6185,477,58,2025-07-29 00:14:54.374618,4,177.37,Completed,709.48
6186,56,14,2025-10-17 15:19:10.086193,1,234.6,Completed,234.6
6186,56,50,2025-10-17 15:19:10.086193,1,243.34,Completed,243.34
6187,116,38,2025-06-25 04:56:24.500500,1,220.99,Completed,220.99
6187,116,6,2025-06-25 04:56:24.500500,1,71.74,Completed,71.74
6188,666,33,2024-09-22 09:34:37.218682,1,35.23,Completed,35.23
6188,666,20,2024-09-22 09:34:37.218682,1,237.72,Cancelled,237.72
6189,139,39,2024-01-24 23:21:57.943675,2,56.53,Cancelled,113.06
6190,238,51,2025-04-02 06:33:48.750471,3,80.72,Cancelled,242.16
6191,247,18,2025-11-25 23:32:07.016467,1,133.07,Completed,133.07
6192,521,3,2025-01-05 09:56:13.623096,1,101.78,Completed,101.78
6193,557,45,2024-07-17 04:13:00.431777,1,19.93,Cancelled,19.93
6194,248,51,2025-12-03 00:12:58.555822,1,80.72,Completed,80.72
6195,86,60,2025-09-10 00:31:49.623675,1,196.88,Completed,196.88
6196,551,2,2025-01-27 13:00:49.227124,1,57.86,Completed,57.86
6197,563,23,2024-02-27 23:54:59.573977,1,14.4,Completed,14.4
6197,563,25,2024-02-27 23:54:59.573977,1,207.06,Completed,207.06
6198,211,12,2025-08-05 11:31:11.861869,2,92.33,Completed,184.66
6199,716,43,2024-11-22 01:00:27.204268,1,105.22,Completed,105.22
6199,716,53,2024-11-22 01:00:27.204268,1,184.37,Completed,184.37
6200,640,60,2025-01-16 18:03:46.455916,1,196.88,Completed,196.88
6201,433,37,2024-06-27 15:00:29.310922,1,198.15,Completed,198.15
6201,433,7,2024-06-27 15:00:29.310922,2,144.55,Completed,289.1
6202,756,1,2025-08-05 00:10:04.857738,1,121.97,Completed,121.97
6203,472,31,2024-05-13 08:38:06.727046,1,10.99,Completed,10.99
6203,472,28,2024-05-13 08:38:06.727046,1,29.06,Completed,29.06
6204,346,14,2025-11-14 12:33:42.578988,1,211.87,Completed,211.87
6204,346,48,2025-11-14 12:33:42.578988,1,83.25,Completed,83.25
6204,346,55,2025-11-14 12:33:42.578988,1,229.05,Completed,229.05
6205,708,44,2025-09-17 23:47:45.974395,1,201.27,Completed,201.27
6205,708,56,2025-09-17 23:47:45.974395,1,102.01,Completed,102.01
6206,776,38,2024-06-15 16:30:56.099433,2,220.99,Completed,441.98
6207,653,1,2025-06-07 16:30:11.916043,1,121.97,Completed,121.97
6207,653,18,2025-06-07 16:30:11.916043,3,104.87,Completed,314.61
6208,101,36,2024-05-09 12:35:07.516789,1,33.56,Completed,33.56
6209,552,8,2025-12-15 22:41:37.071364,1,176.55,Completed,176.55
6210,59,4,2024-07-13 00:10:25.320087,1,100.31,Completed,100.31
6211,767,52,2024-07-21 13:23:21.420753,4,195.32,Completed,781.28
6211,767,57,2024-07-21 13:23:21.420753,2,76.82,Completed,153.64
6212,362,5,2025-06-26 11:17:42.273244,1,18.8,Completed,18.8
6213,689,47,2025-06-19 08:04:07.162603,2,83.73,Completed,167.46
6214,662,53,2025-10-31 18:01:08.195794,2,184.37,Completed,368.74
6215,300,1,2025-10-23 11:35:23.101014,1,121.97,Completed,121.97
6216,88,58,2024-04-06 18:15:26.718750,3,199.54,Completed,598.62
6217,152,2,2024-08-09 00:22:12.635013,1,72.13,Completed,72.13
6218,591,8,2024-05-31 15:27:55.596231,1,176.55,Completed,176.55
6219,295,45,2024-06-27 01:50:21.281998,1,19.93,Completed,19.93
6220,787,34,2025-07-10 00:38:32.218448,1,113.94,Returned,113.94
6220,787,35,2025-07-10 00:38:32.218448,1,241.49,Completed,241.49
6220,787,20,2025-07-10 00:38:32.218448,1,237.72,Completed,237.72
6221,44,31,2024-12-14 09:59:09.481077,1,10.99,Completed,10.99
6222,481,26,2024-03-12 17:41:40.198578,1,127.21,Returned,127.21
6222,481,24,2024-03-12 17:41:40.198578,1,150.76,Completed,150.76
6222,481,34,2024-03-12 17:41:40.198578,1,116.42,Completed,116.42
6223,252,60,2025-10-05 14:20:42.754403,1,196.88,Completed,196.88
6224,652,55,2024-02-07 06:58:14.344203,1,229.05,Cancelled,229.05
6224,652,35,2024-02-07 06:58:14.344203,3,241.49,Completed,724.47
6225,529,34,2025-07-30 17:04:57.154910,1,145.12,Completed,145.12
6226,154,36,2024-02-23 07:54:56.331061,1,33.56,Completed,33.56
6227,577,1,2024-12-15 03:47:57.362451,1,101.55,Completed,101.55
6228,276,26,2024-11-18 14:03:15.127619,1,152.0,Completed,152.0
6228,276,12,2024-11-18 14:03:15.127619,1,101.68,Completed,101.68
6228,276,58,2024-11-18 14:03:15.127619,1,199.54,Completed,199.54
6229,51,28,2024-12-13 12:08:50.294673,1,29.06,Completed,29.06
6229,51,46,2024-12-13 12:08:50.294673,1,73.0,Completed,73.0
6230,591,28,2024-03-13 21:49:33.311045,3,29.06,Completed,87.17999999999999
6230,591,9,2024-03-13 21:49:33.311045,2,151.51,Completed,303.02
6231,641,42,2025-03-06 05:51:54.875258,3,157.62,Completed,472.86
6232,417,13,2025-03-12 18:06:24.662040,1,241.68,Completed,241.68
6233,421,19,2024-08-06 23:18:57.682950,1,245.83,Completed,245.83
6233,421,60,2024-08-06 23:18:57.682950,1,196.88,Completed,196.88
6234,472,38,2024-01-08 00:14:07.399081,2,220.99,Completed,441.98
6234,472,16,2024-01-08 00:14:07.399081,1,103.54,Completed,103.54
6234,472,50,2024-01-08 00:14:07.399081,3,212.89,Completed,638.67
6235,652,40,2024-11-09 17:19:08.320605,1,146.43,Returned,146.43
6236,539,43,2025-10-22 15:24:16.182912,3,105.22,Completed,315.65999999999997
6237,67,24,2025-06-09 14:04:30.233089,2,157.79,Cancelled,315.58
6238,126,34,2024-11-19 03:05:04.579317,1,145.12,Completed,145.12
6239,259,25,2025-04-14 02:49:52.372930,2,207.06,Completed,414.12
6239,259,31,2025-04-14 02:49:52.372930,1,9.46,Completed,9.46
6240,542,23,2025-03-05 22:11:08.641797,1,18.33,Completed,18.33
6241,268,44,2025-04-08 12:01:05.944054,1,220.71,Completed,220.71
6242,265,20,2025-07-05 13:06:51.192769,1,237.72,Completed,237.72
6243,660,46,2025-12-25 08:00:15.401691,2,73.0,Completed,146.0
6244,486,11,2024-07-02 18:37:15.836324,1,63.06,Completed,63.06
6245,255,30,2024-10-24 05:35:54.948728,1,133.76,Completed,133.76
6246,388,9,2024-07-16 15:25:15.259439,1,169.69,Completed,169.69
6246,388,41,2024-07-16 15:25:15.259439,1,49.67,Completed,49.67
6247,664,38,2025-04-05 17:21:57.405497,2,177.58,Completed,355.16
6247,664,22,2025-04-05 17:21:57.405497,1,59.28,Completed,59.28
6248,68,41,2024-08-27 21:45:44.193572,1,41.23,Completed,41.23
6249,695,28,2024-12-18 19:03:34.508936,1,29.06,Completed,29.06
6250,175,45,2024-07-26 03:23:59.787836,1,19.93,Returned,19.93
6251,661,5,2025-04-16 01:17:57.498337,2,18.8,Completed,37.6
6252,749,48,2024-07-11 20:46:56.351931,1,83.25,Completed,83.25
6253,305,44,2025-01-23 11:58:09.364534,1,220.71,Completed,220.71
6254,249,22,2024-09-06 00:48:46.132725,1,59.28,Completed,59.28
6255,775,40,2025-05-09 19:48:05.576070,1,146.43,Completed,146.43
6256,378,10,2025-01-02 05:39:04.145168,1,108.18,Completed,108.18
6256,378,31,2025-01-02 05:39:04.145168,1,10.99,Completed,10.99
6257,442,47,2025-04-01 22:08:54.853441,1,89.76,Completed,89.76
6258,318,42,2024-03-22 08:57:19.522819,3,157.62,Returned,472.86
6258,318,48,2024-03-22 08:57:19.522819,3,83.25,Completed,249.75
6259,474,19,2025-07-06 07:50:46.315901,1,245.83,Completed,245.83
6259,474,26,2025-07-06 07:50:46.315901,1,152.0,Completed,152.0
6260,299,42,2024-05-12 23:47:54.723344,1,157.62,Completed,157.62
6261,647,52,2024-01-05 18:10:58.262386,1,195.32,Completed,195.32
6262,364,5,2025-10-14 03:47:36.095088,1,18.8,Completed,18.8
6263,383,59,2025-01-06 23:16:47.040398,1,179.72,Completed,179.72
6264,44,52,2024-12-27 22:12:16.146481,4,195.32,Completed,781.28
6265,235,18,2024-05-10 12:29:28.760542,1,133.07,Cancelled,133.07
6266,378,19,2025-07-09 02:52:13.687902,1,245.83,Completed,245.83
6267,700,10,2025-05-06 06:32:34.295503,2,108.18,Returned,216.36
6268,197,13,2024-03-10 00:49:51.403426,4,241.68,Completed,966.72
6269,747,12,2025-09-21 06:45:49.287544,1,77.98,Completed,77.98
6270,387,60,2024-09-06 23:24:13.530471,1,196.88,Completed,196.88
6271,287,7,2025-05-16 11:31:13.503580,1,144.55,Completed,144.55
6271,287,55,2025-05-16 11:31:13.503580,3,229.05,Completed,687.1500000000001
6272,544,58,2025-08-23 11:12:38.098272,1,199.54,Completed,199.54
6273,24,24,2024-05-21 07:47:35.666303,1,173.32,Completed,173.32
6274,749,54,2024-03-20 08:37:44.521833,1,23.64,Completed,23.64
6275,715,57,2024-06-18 05:11:06.226590,4,98.49,Completed,393.96
6276,183,10,2024-08-12 06:08:59.762785,1,108.18,Completed,108.18
6277,283,37,2024-08-10 22:19:28.215931,3,198.15,Completed,594.45
6277,283,60,2024-08-10 22:19:28.215931,1,196.88,Completed,196.88
6277,283,18,2024-08-10 22:19:28.215931,1,133.07,Returned,133.07
6278,714,51,2025-07-13 11:41:14.869875,1,71.65,Completed,71.65
6279,39,41,2024-12-10 11:15:40.273774,1,49.67,Completed,49.67
6279,39,6,2024-12-10 11:15:40.273774,3,71.74,Completed,215.21999999999997
6280,299,29,2025-05-14 20:45:19.882493,1,141.6,Completed,141.6
6280,299,6,2025-05-14 20:45:19.882493,1,71.74,Completed,71.74
6281,214,60,2025-11-08 02:42:08.055996,1,196.88,Completed,196.88
6281,214,16,2025-11-08 02:42:08.055996,1,103.54,Returned,103.54
6282,199,45,2024-06-02 12:18:52.378544,1,19.93,Completed,19.93
6283,264,47,2025-05-05 11:27:51.686247,1,89.76,Completed,89.76
6284,726,53,2024-08-24 08:22:13.077297,1,165.14,Completed,165.14
6284,726,35,2024-08-24 08:22:13.077297,1,241.49,Completed,241.49
6285,105,14,2024-05-20 02:09:33.266690,2,209.32,Completed,418.64
6285,105,27,2024-05-20 02:09:33.266690,1,183.96,Completed,183.96
6286,478,59,2024-10-16 06:07:28.454388,2,179.72,Completed,359.44
6287,127,33,2024-05-05 09:32:17.360143,1,35.23,Cancelled,35.23
6288,622,36,2024-04-25 07:09:51.232718,1,33.56,Completed,33.56
6288,622,36,2024-04-25 07:09:51.232718,2,33.56,Completed,67.12
6289,94,39,2025-04-28 16:35:23.360278,3,71.92,Completed,215.76
6290,203,60,2024-08-25 17:56:08.518750,3,196.88,Completed,590.64
6291,138,4,2025-01-12 00:29:22.288727,1,100.31,Completed,100.31
6291,138,6,2025-01-12 00:29:22.288727,1,71.74,Returned,71.74
6292,232,7,2024-12-11 20:32:29.285991,1,120.17,Completed,120.17
6292,232,47,2024-12-11 20:32:29.285991,1,68.7,Cancelled,68.7
6293,86,31,2025-03-10 12:25:24.262768,1,10.99,Completed,10.99
6293,86,14,2025-03-10 12:25:24.262768,2,234.6,Completed,469.2
6293,86,43,2025-03-10 12:25:24.262768,2,105.22,Completed,210.44
6294,777,53,2024-10-31 08:14:54.794297,1,184.37,Completed,184.37
6295,399,43,2025-06-14 07:43:27.950009,3,99.13,Completed,297.39
6296,417,14,2024-06-15 23:14:14.899606,1,234.6,Completed,234.6
6297,738,41,2024-07-10 21:13:36.677636,1,49.67,Completed,49.67
6298,9,57,2025-11-13 01:27:40.375606,1,77.51,Completed,77.51
6299,28,24,2025-09-01 03:22:18.755090,1,173.32,Completed,173.32
6300,31,58,2024-09-27 16:15:38.204853,1,199.54,Completed,199.54
6301,343,6,2024-08-11 13:11:29.164821,1,71.74,Completed,71.74
6301,343,12,2024-08-11 13:11:29.164821,2,78.86,Completed,157.72
6302,612,32,2025-06-14 11:57:10.206109,1,150.19,Completed,150.19
6303,14,25,2025-08-28 08:07:55.929884,1,207.06,Completed,207.06
6304,387,15,2024-08-18 04:52:23.699354,1,65.03,Completed,65.03
6305,653,57,2024-08-12 20:27:20.940156,2,98.49,Completed,196.98
6306,271,28,2025-02-15 04:46:40.089710,1,29.06,Completed,29.06
6306,271,7,2025-02-15 04:46:40.089710,1,144.55,Returned,144.55
6307,611,5,2025-07-10 18:25:14.716709,1,16.83,Completed,16.83
6307,611,38,2025-07-10 18:25:14.716709,1,220.99,Completed,220.99
6308,4,30,2024-01-05 03:22:57.658782,1,133.76,Completed,133.76
6308,4,30,2024-01-05 03:22:57.658782,2,133.76,Completed,267.52
6309,402,14,2025-11-17 04:34:39.290687,1,234.6,Completed,234.6
6309,402,49,2025-11-17 04:34:39.290687,1,215.69,Completed,215.69
6310,138,26,2024-02-10 08:59:09.930112,2,152.0,Completed,304.0
6311,79,42,2024-10-25 09:57:42.525503,2,157.62,Completed,315.24
6312,73,10,2025-04-16 10:17:18.044878,1,108.18,Completed,108.18
6313,539,12,2024-04-12 03:34:42.956146,1,101.68,Completed,101.68
6314,589,56,2024-11-29 12:42:28.232854,1,125.24,Completed,125.24
6315,553,17,2024-07-19 04:06:43.865288,1,16.4,Completed,16.4
6316,237,37,2025-08-20 12:41:57.676414,1,198.15,Completed,198.15
6317,489,43,2024-05-27 14:46:24.339993,1,105.22,Completed,105.22
6317,489,6,2024-05-27 14:46:24.339993,1,55.8,Completed,55.8
6318,418,18,2025-04-28 07:11:49.372511,1,133.07,Completed,133.07
6318,418,10,2025-04-28 07:11:49.372511,4,108.18,Completed,432.72
6319,162,35,2024-07-05 19:52:54.745761,1,241.49,Completed,241.49
6320,622,57,2025-08-30 18:18:23.057795,1,98.49,Completed,98.49
6321,152,56,2024-01-18 06:51:21.766071,1,105.23,Completed,105.23
6322,344,56,2024-11-08 01:46:15.710417,1,125.24,Completed,125.24
6322,344,18,2024-11-08 01:46:15.710417,2,106.59,Completed,213.18
6323,38,52,2024-10-06 03:45:32.299644,1,195.32,Completed,195.32
6323,38,41,2024-10-06 03:45:32.299644,1,49.67,Completed,49.67
6324,302,29,2025-02-11 09:21:15.483586,1,121.38,Completed,121.38
6325,766,19,2025-06-23 11:34:37.642279,1,202.41,Completed,202.41
6326,22,25,2025-08-05 03:45:19.035703,1,207.06,Completed,207.06
6327,346,53,2025-03-26 19:34:41.820655,3,184.37,Completed,553.11
6327,346,21,2025-03-26 19:34:41.820655,2,237.67,Completed,475.34
6328,439,60,2024-11-17 06:36:25.866349,1,196.88,Completed,196.88
6329,762,11,2024-07-18 23:49:55.600455,1,56.04,Returned,56.04
6329,762,16,2024-07-18 23:49:55.600455,1,80.32,Completed,80.32
6330,800,52,2024-02-24 07:57:34.293495,1,195.32,Cancelled,195.32
6331,44,12,2024-04-27 02:31:20.729086,1,101.68,Completed,101.68
6332,57,15,2025-06-11 16:19:01.532387,3,65.03,Completed,195.09
6333,209,37,2025-11-18 06:58:39.490721,2,198.15,Completed,396.3
6334,408,41,2025-03-08 20:18:48.517131,1,49.67,Completed,49.67
6335,91,33,2025-11-25 23:50:05.321384,1,35.23,Completed,35.23
6336,782,3,2025-11-22 02:19:34.591843,1,79.47,Completed,79.47
6337,467,25,2025-07-24 07:06:48.867815,2,194.24,Completed,388.48
6338,218,5,2024-10-11 17:54:14.499783,1,14.76,Completed,14.76
6338,218,55,2024-10-11 17:54:14.499783,1,229.05,Completed,229.05
6339,349,15,2025-12-01 14:29:58.085646,2,65.03,Completed,130.06
6339,349,52,2025-12-01 14:29:58.085646,1,195.32,Completed,195.32
6340,522,15,2025-05-30 17:40:52.615060,1,65.03,Completed,65.03
6341,447,45,2024-07-01 09:18:14.811526,2,19.93,Completed,39.86
6341,447,58,2024-07-01 09:18:14.811526,1,199.54,Returned,199.54
6342,497,56,2025-12-21 10:59:58.354772,1,125.24,Completed,125.24
6343,575,25,2025-03-03 20:43:25.208865,1,207.06,Completed,207.06
6344,147,22,2024-02-13 07:13:50.606780,1,59.28,Completed,59.28
6344,147,33,2024-02-13 07:13:50.606780,4,35.23,Cancelled,140.92
6345,271,17,2024-02-10 23:07:37.945945,1,16.4,Returned,16.4
6346,42,2,2024-09-07 03:57:45.421888,2,58.48,Completed,116.96
6347,568,26,2025-01-27 15:55:58.349081,3,130.05,Completed,390.15000000000003
6347,568,26,2025-01-27 15:55:58.349081,3,152.0,Completed,456.0
6348,199,26,2024-11-15 19:56:20.452973,1,152.0,Completed,152.0
6349,244,13,2024-07-26 11:48:10.687285,1,241.68,Completed,241.68
6350,684,37,2024-12-10 10:39:07.157782,3,198.15,Completed,594.45
6350,684,43,2024-12-10 10:39:07.157782,1,105.22,Completed,105.22
6351,542,5,2025-10-05 00:29:14.771973,1,14.27,Completed,14.27
6352,240,30,2024-02-24 00:16:59.098825,1,133.76,Cancelled,133.76
6352,240,59,2024-02-24 00:16:59.098825,1,179.72,Completed,179.72
6353,128,5,2025-12-14 08:10:18.637086,1,16.61,Completed,16.61
6354,463,49,2025-06-18 16:30:24.624003,1,215.69,Completed,215.69
6355,19,1,2025-08-24 17:55:24.391304,3,121.97,Completed,365.90999999999997
6355,19,13,2025-08-24 17:55:24.391304,1,199.06,Completed,199.06
6356,579,40,2025-09-29 23:36:53.293094,1,146.43,Completed,146.43
6357,67,17,2025-03-06 13:26:30.186559,1,16.4,Completed,16.4
6358,293,24,2025-02-23 02:01:25.933683,1,173.32,Completed,173.32
6359,17,37,2025-02-14 03:22:24.467940,1,198.15,Completed,198.15
6360,464,20,2024-11-15 22:20:10.270439,1,237.72,Completed,237.72
6361,597,5,2024-08-27 07:47:37.762017,1,18.8,Completed,18.8
6361,597,6,2024-08-27 07:47:37.762017,1,71.74,Cancelled,71.74
6362,613,12,2025-02-03 00:10:18.473304,1,101.68,Completed,101.68
6362,613,57,2025-02-03 00:10:18.473304,1,98.49,Returned,98.49
6363,641,12,2025-04-27 07:18:09.279622,1,101.68,Completed,101.68
6364,640,26,2025-02-10 08:56:09.790281,1,152.0,Completed,152.0
6364,640,30,2025-02-10 08:56:09.790281,1,133.76,Completed,133.76
6365,800,14,2025-08-19 15:16:15.859353,2,234.6,Returned,469.2
6366,566,12,2025-05-18 09:16:07.181365,1,101.68,Completed,101.68
6367,764,42,2024-04-12 12:59:30.419505,1,157.62,Completed,157.62
6368,695,42,2025-07-16 00:45:03.701219,1,157.62,Completed,157.62
6369,468,34,2025-09-27 15:06:27.676003,2,124.0,Completed,248.0
6370,149,9,2025-05-25 10:52:58.897899,1,169.69,Completed,169.69
6371,375,39,2025-06-23 12:18:01.539540,2,71.92,Completed,143.84
6372,653,42,2025-11-29 18:08:47.146129,1,157.62,Completed,157.62
6373,255,9,2024-09-20 16:44:34.133243,1,146.45,Completed,146.45
6374,302,49,2025-07-18 01:45:22.848642,3,183.36,Completed,550.08
6375,318,47,2025-06-29 12:13:35.169505,1,89.76,Completed,89.76
6376,200,7,2024-06-05 19:31:13.966155,2,144.55,Completed,289.1
6376,200,1,2024-06-05 19:31:13.966155,1,121.97,Completed,121.97
6377,111,29,2024-08-22 12:36:00.516708,1,141.6,Completed,141.6
6378,800,21,2024-06-15 04:59:36.826821,3,237.67,Completed,713.01
6378,800,40,2024-06-15 04:59:36.826821,1,146.43,Completed,146.43
6379,800,16,2024-09-21 09:48:37.708961,1,97.72,Completed,97.72
6380,414,38,2024-05-25 06:13:13.231794,1,220.99,Completed,220.99
6381,57,40,2025-12-10 03:36:19.571176,1,146.43,Completed,146.43
6382,717,37,2024-07-08 02:07:56.613786,3,170.72,Completed,512.16
6383,159,60,2025-03-16 15:22:04.575095,2,196.88,Completed,393.76
6384,121,16,2025-11-11 20:34:31.658994,1,103.54,Completed,103.54
6385,428,54,2024-04-12 09:31:45.404597,3,29.61,Completed,88.83
6386,32,35,2025-04-13 20:02:56.214181,1,241.49,Completed,241.49
6387,179,52,2024-11-07 22:50:16.354733,1,195.32,Completed,195.32
6387,179,52,2024-11-07 22:50:16.354733,1,195.32,Completed,195.32
6388,742,18,2025-08-11 10:15:19.727996,1,133.07,Completed,133.07
6388,742,55,2025-08-11 10:15:19.727996,2,229.05,Completed,458.1
6389,334,12,2025-08-05 14:39:33.976676,1,101.68,Returned,101.68
6389,334,35,2025-08-05 14:39:33.976676,2,241.49,Completed,482.98
6390,371,7,2025-08-30 02:56:10.634907,2,144.55,Completed,289.1
6391,533,10,2024-02-14 00:13:01.130812,1,100.54,Completed,100.54
6391,533,11,2024-02-14 00:13:01.130812,2,63.06,Returned,126.12
6392,292,31,2025-12-23 10:32:48.240134,1,10.99,Completed,10.99
6393,353,10,2024-09-29 15:16:14.810775,4,108.18,Completed,432.72
6394,680,52,2025-02-16 23:19:10.841793,1,152.05,Completed,152.05
6394,680,43,2025-02-16 23:19:10.841793,1,105.22,Completed,105.22
6395,625,13,2025-12-27 19:51:58.353853,1,241.68,Completed,241.68
6396,31,44,2025-12-01 15:29:25.081120,1,220.71,Completed,220.71
6397,151,32,2025-09-29 08:22:37.603790,1,150.19,Returned,150.19
6397,151,12,2025-09-29 08:22:37.603790,1,101.68,Returned,101.68
6398,558,30,2024-08-26 18:15:59.741678,1,133.76,Completed,133.76
6399,445,22,2025-01-28 07:56:26.006391,1,59.28,Completed,59.28
6400,96,2,2024-07-25 07:57:55.122109,1,72.13,Completed,72.13
6400,96,60,2024-07-25 07:57:55.122109,1,196.88,Completed,196.88
6401,388,2,2024-08-31 15:20:42.083204,2,72.13,Completed,144.26
6402,646,8,2024-02-18 23:45:29.029314,1,161.69,Cancelled,161.69
6402,646,32,2024-02-18 23:45:29.029314,1,127.12,Completed,127.12
6403,437,17,2024-02-25 03:40:51.824431,2,15.02,Completed,30.04
6404,150,30,2024-03-08 06:21:16.126290,1,133.76,Completed,133.76
6405,542,25,2025-02-11 13:15:07.488618,4,207.06,Completed,828.24
6405,542,23,2025-02-11 13:15:07.488618,1,18.33,Completed,18.33
6405,542,25,2025-02-11 13:15:07.488618,1,207.06,Cancelled,207.06
6406,124,17,2024-03-23 00:06:28.447500,1,16.4,Cancelled,16.4
6407,197,33,2024-04-25 12:04:58.960500,1,35.23,Completed,35.23
6407,197,59,2024-04-25 12:04:58.960500,1,179.72,Completed,179.72
6408,153,3,2025-01-09 20:31:34.799866,1,101.78,Completed,101.78
6409,792,51,2025-09-13 14:02:01.582202,3,80.72,Returned,242.16
6410,522,60,2025-02-22 23:10:12.816153,4,196.88,Completed,787.52
6410,522,49,2025-02-22 23:10:12.816153,1,215.69,Completed,215.69
6411,31,3,2024-12-07 23:11:16.299470,1,101.78,Completed,101.78
6411,31,52,2024-12-07 23:11:16.299470,1,195.32,Completed,195.32
6411,31,59,2024-12-07 23:11:16.299470,1,179.72,Completed,179.72
6412,2,43,2025-04-19 15:02:54.484898,4,96.85,Completed,387.4
6413,445,46,2024-05-19 08:20:53.673651,1,73.0,Returned,73.0
6413,445,8,2024-05-19 08:20:53.673651,1,176.55,Completed,176.55
6414,399,13,2024-02-23 08:25:26.479479,1,183.93,Completed,183.93
6415,782,11,2025-05-14 06:51:32.879199,4,63.06,Completed,252.24
6416,207,32,2025-08-19 23:04:51.816688,1,132.72,Completed,132.72
6417,627,52,2024-12-05 23:19:46.938498,1,195.32,Completed,195.32
6418,27,57,2025-10-11 05:30:48.087584,1,75.17,Completed,75.17
6418,27,26,2025-10-11 05:30:48.087584,1,152.0,Completed,152.0
6419,627,49,2025-12-26 21:00:22.947322,1,215.69,Completed,215.69
6420,83,57,2024-04-21 02:38:13.666035,1,98.49,Completed,98.49
6421,622,24,2024-08-29 05:07:25.814451,1,155.56,Completed,155.56
6421,622,27,2024-08-29 05:07:25.814451,2,152.97,Completed,305.94
6421,622,26,2024-08-29 05:07:25.814451,1,152.0,Completed,152.0
6422,645,32,2024-05-12 14:55:31.311486,1,150.19,Completed,150.19
6423,597,30,2025-02-23 21:55:13.545696,2,133.76,Completed,267.52
6424,658,32,2024-11-27 10:54:17.450944,2,150.19,Completed,300.38
6425,148,4,2025-07-24 05:05:53.741905,1,82.62,Completed,82.62
6425,148,17,2025-07-24 05:05:53.741905,3,16.4,Completed,49.199999999999996
6426,277,25,2025-06-23 19:18:53.560808,1,175.81,Completed,175.81
6427,454,12,2025-11-23 09:47:04.811329,4,101.68,Completed,406.72
6428,401,11,2025-10-11 06:14:06.358191,1,63.06,Completed,63.06
6429,732,43,2024-10-20 01:41:07.868473,1,105.22,Completed,105.22
6430,144,36,2024-08-02 11:37:03.201924,1,33.56,Completed,33.56
6431,782,49,2025-03-31 07:02:39.727008,1,215.69,Completed,215.69
6431,782,59,2025-03-31 07:02:39.727008,1,179.72,Cancelled,179.72
6432,611,30,2024-10-11 15:52:48.498944,1,100.84,Completed,100.84
6433,95,56,2024-01-07 05:35:02.750856,1,125.24,Completed,125.24
6433,95,34,2024-01-07 05:35:02.750856,2,145.12,Cancelled,290.24
6434,641,44,2024-08-23 08:10:23.104504,1,220.71,Completed,220.71
6435,394,26,2024-04-19 20:40:15.604067,1,152.0,Completed,152.0
6436,165,60,2025-09-16 13:40:03.180770,1,196.88,Completed,196.88
6437,617,5,2025-03-02 14:16:33.455724,2,17.02,Completed,34.04
6438,24,4,2025-07-14 11:29:06.909706,1,100.31,Completed,100.31
6439,537,43,2025-01-23 15:01:19.552277,1,105.22,Completed,105.22
6440,270,11,2025-04-22 03:17:40.251738,1,49.76,Completed,49.76
6441,208,40,2024-05-26 05:48:31.654217,2,146.43,Completed,292.86
6441,208,17,2024-05-26 05:48:31.654217,1,12.74,Completed,12.74
6442,322,22,2025-08-22 17:06:49.094815,1,59.28,Returned,59.28
6443,176,40,2025-11-06 12:14:48.144781,1,146.43,Completed,146.43
6444,411,45,2025-10-14 01:37:36.268619,1,17.12,Completed,17.12
6445,82,23,2025-06-05 21:07:34.340300,1,18.33,Completed,18.33
6446,210,12,2025-02-25 02:31:06.542431,1,101.68,Completed,101.68
6447,169,21,2024-05-17 20:36:21.712000,1,237.67,Completed,237.67
6448,81,5,2024-04-18 05:55:56.054904,3,18.8,Returned,56.400000000000006
6448,81,45,2024-04-18 05:55:56.054904,1,15.4,Completed,15.4
6449,769,14,2024-08-13 04:35:55.563428,1,234.6,Completed,234.6
6450,526,5,2024-03-14 15:42:23.593618,1,18.8,Completed,18.8
6451,326,38,2025-01-24 09:33:15.530936,1,187.65,Completed,187.65
6452,588,54,2025-11-20 11:32:51.646333,1,29.61,Completed,29.61
6453,386,33,2024-01-29 19:12:33.655892,1,27.96,Completed,27.96
6454,77,30,2024-04-02 22:42:30.446627,4,133.76,Completed,535.04
6454,77,31,2024-04-02 22:42:30.446627,1,10.99,Completed,10.99
6454,77,49,2024-04-02 22:42:30.446627,2,215.69,Completed,431.38
6455,607,52,2024-09-11 10:03:48.248414,1,184.04,Returned,184.04
6455,607,42,2024-09-11 10:03:48.248414,4,157.62,Completed,630.48
6456,331,41,2024-02-20 13:33:20.687415,1,45.84,Completed,45.84
6457,302,6,2025-09-27 12:08:31.273796,1,71.74,Completed,71.74
6457,302,56,2025-09-27 12:08:31.273796,1,125.24,Completed,125.24
6458,97,3,2025-11-08 18:42:56.154026,3,101.78,Completed,305.34000000000003
6459,292,54,2025-04-25 11:05:11.760940,3,29.61,Completed,88.83
6460,243,42,2024-05-27 05:48:32.420958,2,157.62,Completed,315.24
6461,699,56,2024-04-29 04:49:18.092275,2,125.24,Completed,250.48
6462,105,19,2025-12-24 10:23:00.769371,1,245.83,Completed,245.83
6463,548,50,2024-06-19 01:47:22.035306,4,189.4,Completed,757.6
6463,548,40,2024-06-19 01:47:22.035306,1,146.43,Completed,146.43
6464,512,50,2025-11-02 12:16:01.672729,1,243.34,Completed,243.34
6464,512,21,2025-11-02 12:16:01.672729,1,237.67,Completed,237.67
6465,192,57,2025-07-17 19:29:25.091416,4,90.29,Completed,361.16
6466,655,4,2024-01-20 22:14:01.053353,4,85.09,Completed,340.36
6467,604,54,2025-10-02 16:12:38.340428,4,29.61,Cancelled,118.44
6468,187,46,2025-11-20 09:39:13.812821,1,57.57,Completed,57.57
6469,532,24,2024-03-30 20:53:20.188809,2,173.32,Completed,346.64
6469,532,20,2024-03-30 20:53:20.188809,1,237.72,Completed,237.72
6470,587,28,2025-11-23 01:11:59.827116,1,29.06,Completed,29.06
6470,587,14,2025-11-23 01:11:59.827116,3,234.6,Completed,703.8
6470,587,51,2025-11-23 01:11:59.827116,1,80.72,Completed,80.72
6471,749,5,2024-01-19 13:25:35.444982,1,18.8,Completed,18.8
6472,449,38,2025-09-25 07:10:27.992084,1,220.99,Returned,220.99
6473,437,21,2025-09-15 13:22:32.629511,3,237.67,Completed,713.01
6473,437,21,2025-09-15 13:22:32.629511,2,237.67,Completed,475.34
6474,553,27,2024-06-01 06:23:52.041931,3,183.96,Cancelled,551.88
6475,118,23,2024-02-05 22:14:03.820063,1,18.33,Completed,18.33
6475,118,56,2024-02-05 22:14:03.820063,1,125.24,Completed,125.24
6476,698,26,2024-11-16 03:20:27.191348,1,152.0,Returned,152.0
6476,698,9,2024-11-16 03:20:27.191348,2,169.69,Returned,339.38
6477,347,17,2024-05-25 00:07:59.089809,4,16.4,Completed,65.6
6477,347,36,2024-05-25 00:07:59.089809,1,33.56,Completed,33.56
6478,757,7,2025-07-16 19:38:06.201519,3,131.12,Completed,393.36
6479,603,5,2025-03-06 20:36:18.864331,1,18.8,Completed,18.8
6480,652,36,2024-03-31 23:51:21.706956,2,33.56,Completed,67.12
6481,698,12,2025-12-08 13:09:03.760470,1,101.68,Completed,101.68
6481,698,13,2025-12-08 13:09:03.760470,1,204.38,Completed,204.38
6482,63,25,2025-01-04 21:26:32.519350,1,207.06,Completed,207.06
6482,63,23,2025-01-04 21:26:32.519350,1,18.33,Completed,18.33
6482,63,52,2025-01-04 21:26:32.519350,1,195.32,Completed,195.32
6483,415,10,2025-02-26 03:52:40.635859,4,108.18,Returned,432.72
6484,151,5,2025-01-12 01:00:47.216005,3,18.8,Completed,56.400000000000006
6484,151,7,2025-01-12 01:00:47.216005,3,130.52,Completed,391.56000000000006
6485,386,19,2024-04-28 21:42:36.372421,1,245.83,Returned,245.83
6486,87,13,2024-06-02 00:51:26.083514,4,241.68,Completed,966.72
6487,176,5,2025-11-17 16:59:23.370713,2,18.8,Completed,37.6
6488,645,29,2025-06-24 16:02:52.272624,3,141.6,Completed,424.79999999999995
6489,691,5,2024-09-18 14:59:56.265894,4,18.8,Completed,75.2
6490,403,46,2025-12-27 14:39:52.055361,1,73.0,Completed,73.0
6490,403,3,2025-12-27 14:39:52.055361,1,101.78,Completed,101.78
6490,403,11,2025-12-27 14:39:52.055361,1,51.52,Completed,51.52
6491,459,32,2024-10-30 01:02:24.852215,2,150.19,Completed,300.38
6492,704,1,2024-06-02 12:56:13.636039,2,121.97,Completed,243.94
6493,584,52,2024-03-07 06:39:28.568990,3,195.32,Completed,585.96
6493,584,60,2024-03-07 06:39:28.568990,1,173.31,Completed,173.31
6493,584,44,2024-03-07 06:39:28.568990,1,220.71,Completed,220.71
6494,75,57,2025-01-05 01:03:59.201994,2,98.49,Completed,196.98
6495,143,26,2024-12-14 22:11:28.594953,1,152.0,Completed,152.0
6495,143,58,2024-12-14 22:11:28.594953,1,199.54,Completed,199.54
6495,143,13,2024-12-14 22:11:28.594953,1,241.68,Returned,241.68
6496,609,11,2025-01-06 09:02:30.018582,1,63.06,Completed,63.06
6497,571,30,2025-11-20 18:35:33.679403,1,133.76,Completed,133.76
6497,571,3,2025-11-20 18:35:33.679403,1,101.78,Completed,101.78
6498,275,33,2024-01-12 18:52:06.475930,1,35.23,Completed,35.23
6499,639,11,2024-10-04 10:06:37.475797,1,63.06,Completed,63.06
6500,296,41,2024-11-02 14:38:39.996788,3,49.67,Completed,149.01
6501,17,47,2025-12-02 22:41:04.630775,1,89.76,Returned,89.76
6501,17,1,2025-12-02 22:41:04.630775,3,113.89,Completed,341.67
6502,339,12,2024-03-14 01:09:24.248532,1,101.68,Completed,101.68
6503,620,56,2024-09-20 02:04:32.192106,1,125.24,Completed,125.24
6504,236,46,2024-08-14 06:52:47.352393,1,73.0,Completed,73.0
6505,556,31,2024-02-17 16:09:14.886128,2,10.99,Completed,21.98
6506,737,14,2025-11-21 12:52:45.378864,1,234.6,Completed,234.6
6506,737,33,2025-11-21 12:52:45.378864,1,35.23,Completed,35.23
6507,520,23,2025-04-20 23:04:19.904020,2,18.33,Completed,36.66
6508,664,30,2024-06-16 10:22:00.567661,1,123.93,Completed,123.93
6509,346,42,2025-05-26 21:16:05.255130,1,157.62,Completed,157.62
6509,346,47,2025-05-26 21:16:05.255130,2,89.76,Completed,179.52
6510,567,23,2025-04-19 19:34:47.698340,1,18.33,Completed,18.33
6511,663,30,2025-08-14 10:10:05.913036,1,109.6,Completed,109.6
6511,663,2,2025-08-14 10:10:05.913036,1,72.13,Completed,72.13
6512,520,29,2025-10-01 10:30:02.250541,4,141.6,Completed,566.4
6513,770,30,2024-01-12 13:41:33.062074,1,133.76,Completed,133.76
6514,712,11,2025-12-04 21:23:16.234337,1,63.06,Completed,63.06
6515,94,31,2025-06-16 15:06:07.329537,2,10.99,Completed,21.98
6515,94,19,2025-06-16 15:06:07.329537,1,245.83,Completed,245.83
6516,558,53,2025-10-17 01:14:33.162452,1,184.37,Completed,184.37
6517,400,47,2024-02-03 02:52:24.601295,2,89.76,Completed,179.52
6518,553,45,2025-09-10 14:42:26.791643,2,19.93,Completed,39.86
6518,553,56,2025-09-10 14:42:26.791643,1,125.24,Completed,125.24
6519,27,29,2024-05-09 11:19:08.100134,1,141.6,Cancelled,141.6
6520,463,44,2024-01-07 18:28:46.400229,1,220.71,Completed,220.71
6521,799,14,2025-01-13 14:15:28.017521,2,204.76,Completed,409.52
6521,799,49,2025-01-13 14:15:28.017521,1,215.69,Completed,215.69
6522,680,13,2024-04-12 08:39:38.807445,2,241.68,Completed,483.36
6522,680,22,2024-04-12 08:39:38.807445,1,59.28,Cancelled,59.28
6523,545,51,2024-12-08 23:07:06.888244,3,80.72,Completed,242.16
6523,545,15,2024-12-08 23:07:06.888244,1,65.03,Completed,65.03
6524,639,7,2024-01-29 11:07:08.429458,1,144.55,Completed,144.55
6524,639,41,2024-01-29 11:07:08.429458,1,49.67,Completed,49.67
6525,510,21,2025-03-11 05:30:09.466956,1,237.67,Completed,237.67
6526,158,20,2024-06-02 04:08:40.035545,4,237.72,Completed,950.88
6527,133,8,2025-06-24 02:09:29.670185,1,176.55,Completed,176.55
6528,591,41,2024-08-01 22:50:30.597932,1,49.67,Completed,49.67
6528,591,37,2024-08-01 22:50:30.597932,1,198.15,Completed,198.15
6529,40,47,2025-03-26 19:33:51.027584,1,89.76,Completed,89.76
6530,545,31,2025-08-23 23:21:08.446016,4,10.99,Completed,43.96
6531,537,35,2024-11-02 01:04:11.655064,1,212.2,Completed,212.2
6531,537,60,2024-11-02 01:04:11.655064,1,196.88,Completed,196.88
6531,537,20,2024-11-02 01:04:11.655064,1,237.72,Completed,237.72
6532,378,22,2024-05-07 11:38:55.207660,1,47.65,Completed,47.65
6533,31,1,2025-01-13 13:51:59.098808,3,121.97,Completed,365.90999999999997
6534,370,54,2024-04-20 12:11:10.881180,1,29.61,Completed,29.61
6535,400,36,2025-08-13 20:59:46.178813,1,33.56,Completed,33.56
6536,635,59,2025-05-03 03:03:36.082564,1,179.72,Completed,179.72
6537,468,4,2024-09-23 11:59:29.532075,1,100.31,Completed,100.31
6538,32,34,2025-11-06 05:12:09.573634,1,145.12,Completed,145.12
6539,172,6,2025-07-28 04:28:29.325800,1,71.74,Completed,71.74
6540,555,44,2024-01-22 21:15:06.554385,4,220.71,Completed,882.84
6541,765,45,2024-05-28 23:25:37.978710,1,19.93,Completed,19.93
6541,765,47,2024-05-28 23:25:37.978710,3,89.76,Completed,269.28000000000003
6542,258,27,2024-10-21 16:01:23.813117,1,183.96,Completed,183.96
6543,537,57,2024-09-29 10:11:08.909168,2,98.49,Completed,196.98
6544,608,49,2025-09-06 05:45:56.887024,1,215.69,Completed,215.69
6545,144,5,2025-03-29 23:55:32.660397,1,18.8,Completed,18.8
6545,144,37,2025-03-29 23:55:32.660397,4,198.15,Completed,792.6
6546,302,11,2024-01-21 18:56:15.847011,1,63.06,Cancelled,63.06
6547,253,51,2024-01-19 20:32:31.835811,1,80.72,Completed,80.72
6548,137,30,2024-01-21 19:15:55.873314,1,133.76,Completed,133.76
6549,758,14,2024-12-09 11:12:02.620786,3,234.6,Completed,703.8
6550,276,51,2025-06-20 12:20:19.350187,3,80.72,Completed,242.16
6551,228,24,2024-04-15 08:51:03.727012,1,173.32,Completed,173.32
6551,228,6,2024-04-15 08:51:03.727012,4,71.74,Completed,286.96
6552,587,11,2024-10-24 14:06:12.522318,1,63.06,Completed,63.06
6553,349,3,2025-01-28 19:36:02.295995,2,101.78,Completed,203.56
6554,267,17,2025-07-10 15:02:24.735589,1,14.53,Completed,14.53
6555,336,45,2025-06-11 10:35:52.816529,1,19.93,Completed,19.93
6555,336,14,2025-06-11 10:35:52.816529,1,234.6,Completed,234.6
6556,740,47,2024-05-03 21:50:55.851116,1,89.76,Completed,89.76
6557,495,15,2024-03-14 02:01:08.870269,2,65.03,Completed,130.06
6557,495,2,2024-03-14 02:01:08.870269,1,72.13,Completed,72.13
6558,399,33,2024-09-11 12:38:07.584581,1,35.23,Completed,35.23
6558,399,4,2024-09-11 12:38:07.584581,4,100.31,Completed,401.24
6559,414,39,2024-06-11 13:41:54.224571,2,71.92,Completed,143.84
6560,227,49,2024-11-02 12:20:52.917367,2,215.69,Completed,431.38
6561,228,10,2024-02-18 10:01:36.124830,1,108.18,Completed,108.18
6562,623,6,2025-12-08 04:09:23.856073,1,71.74,Completed,71.74
6562,623,50,2025-12-08 04:09:23.856073,1,243.34,Returned,243.34
6563,229,45,2024-12-05 00:52:18.342814,1,19.93,Completed,19.93
6563,229,30,2024-12-05 00:52:18.342814,1,133.76,Completed,133.76
6564,109,36,2024-10-30 00:08:46.662029,2,33.56,Completed,67.12
6565,401,16,2025-10-17 15:28:20.510952,3,103.54,Completed,310.62
6566,27,21,2024-11-17 12:05:07.256344,1,237.67,Completed,237.67
6567,502,1,2025-09-17 13:09:45.273706,1,121.97,Returned,121.97
6567,502,38,2025-09-17 13:09:45.273706,3,220.99,Returned,662.97
6568,573,44,2025-08-13 21:07:41.189471,1,220.71,Returned,220.71
6569,625,20,2024-01-01 12:38:34.540393,3,237.72,Completed,713.16
6570,500,12,2024-12-13 15:47:08.116932,1,101.68,Completed,101.68
6571,295,11,2025-10-18 16:05:54.010244,1,63.06,Completed,63.06
6572,230,15,2024-07-06 12:12:56.134891,1,52.76,Completed,52.76
6573,639,9,2024-08-23 16:47:43.977269,2,150.19,Completed,300.38
6574,525,51,2025-01-29 04:33:22.769128,1,80.72,Completed,80.72
6575,77,18,2025-11-29 12:58:54.529167,4,133.07,Completed,532.28
6576,116,13,2025-05-02 22:55:39.980807,1,241.68,Completed,241.68
6577,614,23,2024-03-11 08:53:52.952004,3,18.33,Completed,54.989999999999995
6578,49,50,2024-12-25 17:53:09.395791,1,243.34,Completed,243.34
6579,722,10,2025-08-29 16:41:07.732246,1,108.18,Completed,108.18
6580,242,15,2025-02-21 00:06:59.794007,1,65.03,Returned,65.03
6581,39,56,2024-04-01 20:35:37.496629,2,103.05,Completed,206.1
6582,404,55,2025-01-10 18:08:24.786647,1,229.05,Cancelled,229.05
6582,404,18,2025-01-10 18:08:24.786647,1,133.07,Completed,133.07
6583,465,31,2025-08-10 23:26:23.530629,2,10.06,Completed,20.12
6584,208,59,2024-04-14 02:16:25.346165,1,160.99,Completed,160.99
6585,375,7,2025-04-26 05:21:28.706158,1,144.55,Completed,144.55
6586,220,28,2025-06-26 12:36:19.315765,1,29.06,Completed,29.06
6587,488,13,2025-06-07 14:32:11.561367,1,241.68,Completed,241.68
6587,488,55,2025-06-07 14:32:11.561367,1,229.05,Completed,229.05
6588,100,12,2024-07-25 01:53:31.630372,2,101.68,Completed,203.36
6589,437,9,2025-03-24 23:03:17.940685,1,169.69,Returned,169.69
6590,325,52,2024-07-01 08:07:28.091861,1,183.98,Completed,183.98
6591,273,43,2024-07-01 23:45:02.556967,1,105.22,Completed,105.22
6592,154,10,2025-06-16 22:07:49.400315,1,108.18,Completed,108.18
6593,659,42,2024-08-07 19:24:53.026905,1,157.62,Completed,157.62
6594,291,53,2025-06-02 15:16:02.696521,1,184.37,Completed,184.37
6594,291,36,2025-06-02 15:16:02.696521,1,33.56,Completed,33.56
6595,37,31,2024-12-03 08:51:12.015030,1,10.99,Completed,10.99
6596,182,42,2025-03-07 06:32:49.942750,3,157.62,Completed,472.86
6597,631,48,2025-01-12 08:09:51.692733,1,83.25,Completed,83.25
6597,631,29,2025-01-12 08:09:51.692733,1,141.6,Completed,141.6
6598,713,41,2025-12-21 23:30:14.760528,1,49.67,Completed,49.67
6599,485,2,2024-07-13 17:02:14.302747,1,72.13,Returned,72.13
6599,485,25,2024-07-13 17:02:14.302747,1,207.06,Completed,207.06
6599,485,39,2024-07-13 17:02:14.302747,1,71.92,Completed,71.92
6600,776,27,2025-10-18 15:48:10.681981,2,183.96,Completed,367.92
6601,279,18,2024-08-27 09:34:44.828330,1,133.07,Completed,133.07
6602,527,7,2024-09-30 13:58:57.489946,1,144.55,Completed,144.55
6603,786,29,2024-04-16 00:16:18.865703,2,141.6,Completed,283.2
6603,786,50,2024-04-16 00:16:18.865703,1,243.34,Completed,243.34
6604,141,25,2025-06-21 13:54:32.129952,2,207.06,Completed,414.12
6604,141,47,2025-06-21 13:54:32.129952,1,89.76,Completed,89.76
6605,795,5,2025-09-13 01:06:44.347291,4,18.8,Completed,75.2
6605,795,58,2025-09-13 01:06:44.347291,2,162.6,Completed,325.2
6605,795,46,2025-09-13 01:06:44.347291,1,73.0,Returned,73.0
6606,519,4,2025-06-29 23:50:15.771998,1,100.31,Completed,100.31
6607,773,23,2025-08-06 19:59:40.875038,1,18.33,Completed,18.33
6608,453,45,2025-04-06 06:32:29.494992,3,19.93,Returned,59.79
6609,172,56,2025-08-02 18:17:37.974685,1,111.62,Completed,111.62
6610,523,33,2025-12-16 01:22:35.198541,1,35.23,Cancelled,35.23
6611,759,29,2024-01-11 10:55:00.192776,2,141.6,Completed,283.2
6612,287,47,2025-04-08 06:43:44.390611,1,89.76,Completed,89.76
6613,348,60,2025-09-01 19:50:30.113100,1,196.88,Completed,196.88
6614,433,52,2024-06-22 14:46:11.425408,1,195.32,Completed,195.32
6615,325,44,2024-10-16 15:17:53.486641,1,220.71,Completed,220.71
6616,629,49,2024-01-09 13:12:11.473346,1,215.69,Completed,215.69
6617,515,38,2024-12-16 23:12:07.408995,1,208.08,Completed,208.08
6617,515,29,2024-12-16 23:12:07.408995,1,141.6,Completed,141.6
6618,85,32,2025-09-18 02:33:41.339996,3,150.19,Completed,450.57
6619,439,54,2024-05-17 01:20:58.600376,1,29.61,Completed,29.61
6620,27,23,2025-09-26 18:05:33.843872,1,16.87,Returned,16.87
6621,41,17,2025-12-09 16:03:41.869341,1,14.93,Completed,14.93
6622,382,42,2024-10-23 03:06:29.170956,1,157.62,Completed,157.62
6622,382,5,2024-10-23 03:06:29.170956,3,18.8,Returned,56.400000000000006
6623,238,4,2025-12-25 16:04:57.628317,1,79.98,Completed,79.98
6624,659,41,2024-11-26 19:57:06.403286,3,49.67,Returned,149.01
6625,119,9,2024-07-10 20:20:14.186985,4,169.69,Completed,678.76
6626,325,35,2024-11-17 02:23:58.960510,2,181.39,Completed,362.78
6627,349,4,2025-06-27 19:42:24.200924,2,100.31,Completed,200.62
6628,535,30,2025-04-23 11:40:04.968389,1,133.76,Completed,133.76
6629,649,47,2025-01-10 13:52:50.631833,1,89.76,Completed,89.76
6630,756,44,2024-09-03 06:22:40.720808,1,220.71,Completed,220.71
6631,103,51,2025-12-28 13:56:00.803311,1,80.72,Completed,80.72
6632,292,4,2024-05-16 00:18:57.058155,1,100.31,Returned,100.31
6633,538,48,2024-09-05 22:01:19.428428,2,83.25,Returned,166.5
6634,396,43,2025-09-28 12:56:01.954016,1,105.22,Completed,105.22
6635,734,46,2025-07-17 13:34:35.319978,1,73.0,Completed,73.0
6636,512,43,2024-11-29 02:39:23.171735,1,105.22,Completed,105.22
6637,707,35,2024-03-11 10:44:23.185275,1,241.49,Completed,241.49
6638,228,15,2025-09-17 00:52:33.646903,3,65.03,Completed,195.09
6639,653,34,2025-07-11 04:28:42.803186,1,145.12,Completed,145.12
6640,737,12,2024-07-10 21:21:56.953517,1,101.68,Completed,101.68
6641,659,25,2025-07-24 19:50:19.645130,1,207.06,Completed,207.06
6642,765,51,2024-11-07 08:32:03.715629,1,66.45,Completed,66.45
6643,528,5,2024-01-19 13:15:11.162026,1,18.8,Completed,18.8
6643,528,47,2024-01-19 13:15:11.162026,3,89.76,Completed,269.28000000000003
6644,378,4,2025-01-31 14:56:42.512692,1,100.31,Returned,100.31
6645,72,55,2024-03-10 01:06:11.804682,2,229.05,Completed,458.1
6646,178,34,2025-12-12 19:32:23.050957,1,145.12,Completed,145.12
6647,109,4,2025-08-28 22:57:56.743996,2,100.31,Completed,200.62
6648,195,11,2024-03-28 19:15:57.879821,2,63.06,Completed,126.12
6649,130,39,2025-06-04 06:25:21.426547,1,71.92,Completed,71.92
6649,130,40,2025-06-04 06:25:21.426547,1,134.46,Completed,134.46
6650,8,35,2024-04-02 04:45:46.526358,1,241.49,Cancelled,241.49
6650,8,30,2024-04-02 04:45:46.526358,1,133.76,Completed,133.76
6651,61,46,2024-09-10 18:22:36.354989,1,73.0,Completed,73.0
6651,61,17,2024-09-10 18:22:36.354989,1,12.59,Completed,12.59
6652,251,49,2024-11-26 08:56:08.572826,1,215.69,Completed,215.69
6653,502,50,2025-02-07 21:47:25.533580,1,243.34,Completed,243.34
6654,735,26,2025-11-16 20:53:31.012251,1,152.0,Completed,152.0
6655,354,40,2025-12-06 09:26:43.818224,4,114.66,Completed,458.64
6656,483,17,2025-12-10 07:49:46.186411,1,16.4,Completed,16.4
6657,724,53,2024-05-13 07:22:07.866551,2,155.09,Completed,310.18
6658,186,50,2025-08-21 14:51:59.026137,2,243.34,Completed,486.68
6659,492,24,2025-10-08 12:08:14.247611,1,173.32,Returned,173.32
6660,267,29,2025-01-07 23:02:56.133324,2,141.6,Completed,283.2
6660,267,56,2025-01-07 23:02:56.133324,3,125.24,Completed,375.71999999999997
6661,643,58,2024-04-13 10:43:53.780686,3,199.54,Completed,598.62
6662,139,3,2025-05-11 19:39:46.451025,1,101.78,Cancelled,101.78
6663,585,31,2025-07-20 09:58:01.367529,1,10.99,Completed,10.99
6664,334,54,2024-05-25 00:49:23.350905,1,22.74,Completed,22.74
6664,334,60,2024-05-25 00:49:23.350905,1,196.88,Completed,196.88
6665,686,33,2025-06-27 13:19:06.203425,4,35.23,Completed,140.92
6665,686,51,2025-06-27 13:19:06.203425,1,80.72,Completed,80.72
6666,674,6,2025-01-18 16:04:06.760665,1,71.74,Completed,71.74
6666,674,15,2025-01-18 16:04:06.760665,1,65.03,Completed,65.03
6667,402,38,2025-07-23 08:30:30.180297,1,204.15,Completed,204.15
6668,736,42,2025-02-14 21:42:36.796912,1,157.62,Completed,157.62
6669,124,28,2025-01-22 07:26:17.480045,1,29.06,Completed,29.06
6670,180,5,2024-02-04 07:21:22.583979,1,16.68,Completed,16.68
6670,180,4,2024-02-04 07:21:22.583979,4,100.31,Completed,401.24
6671,735,15,2025-01-24 04:53:51.384705,1,65.03,Completed,65.03
6672,579,35,2025-01-28 19:17:24.750158,2,241.49,Completed,482.98
6673,191,26,2025-05-21 09:31:55.120044,2,152.0,Completed,304.0
6674,30,2,2025-12-28 22:30:12.019430,1,72.13,Returned,72.13
6675,177,24,2024-05-01 17:31:14.622508,1,173.32,Cancelled,173.32
6675,177,12,2024-05-01 17:31:14.622508,1,101.68,Completed,101.68
6676,630,13,2024-04-25 21:17:47.208760,1,241.68,Completed,241.68
6677,422,25,2025-05-11 16:33:13.328206,2,207.06,Completed,414.12
6677,422,8,2025-05-11 16:33:13.328206,1,176.55,Returned,176.55
6678,751,32,2025-04-08 11:34:35.733907,1,150.19,Completed,150.19
6679,335,53,2025-09-19 00:38:35.056620,2,184.37,Completed,368.74
6680,600,28,2024-06-14 04:01:52.687689,1,23.56,Completed,23.56
6681,567,9,2025-11-10 08:58:05.929924,1,169.69,Completed,169.69
6682,243,32,2025-06-06 17:49:33.926709,1,150.19,Cancelled,150.19
6683,333,31,2025-01-29 19:11:37.857871,1,10.99,Completed,10.99
6683,333,29,2025-01-29 19:11:37.857871,1,141.6,Completed,141.6
6684,251,5,2025-11-28 05:53:08.055861,1,18.8,Completed,18.8
6684,251,53,2025-11-28 05:53:08.055861,1,184.37,Completed,184.37
6685,554,5,2024-11-05 12:45:21.034884,1,18.8,Completed,18.8
6686,570,16,2024-05-27 14:28:33.888161,1,103.54,Completed,103.54
6686,570,42,2024-05-27 14:28:33.888161,1,157.62,Completed,157.62
6687,126,29,2024-02-05 16:56:29.152265,2,141.6,Completed,283.2
6688,661,20,2025-12-08 11:26:40.350542,1,237.72,Completed,237.72
6689,762,58,2024-10-19 15:17:31.996993,2,199.54,Completed,399.08
6690,225,19,2024-10-11 12:48:44.782654,1,245.83,Completed,245.83
6691,403,44,2025-01-15 21:02:05.487191,1,220.71,Completed,220.71
6692,21,46,2024-11-03 12:32:51.901553,2,73.0,Completed,146.0
6692,21,57,2024-11-03 12:32:51.901553,1,98.49,Completed,98.49
6692,21,54,2024-11-03 12:32:51.901553,1,29.61,Returned,29.61
6693,794,21,2024-12-13 21:04:58.532208,1,237.67,Completed,237.67
6693,794,5,2024-12-13 21:04:58.532208,2,18.8,Completed,37.6
6694,120,10,2024-08-23 00:03:39.131778,1,108.18,Completed,108.18
6694,120,8,2024-08-23 00:03:39.131778,1,176.55,Completed,176.55
6695,597,16,2025-06-10 17:30:53.245182,2,103.54,Completed,207.08
6696,192,51,2024-08-06 23:52:51.712326,1,80.72,Completed,80.72
6696,192,9,2024-08-06 23:52:51.712326,2,169.69,Completed,339.38
6696,192,20,2024-08-06 23:52:51.712326,4,237.72,Completed,950.88
6697,340,30,2024-02-24 15:43:51.164305,1,133.76,Completed,133.76
6698,611,28,2025-06-01 02:08:07.258052,1,29.06,Completed,29.06
6699,540,45,2025-05-02 17:27:55.391954,1,19.93,Completed,19.93
6700,737,1,2024-06-01 09:23:02.725843,2,103.44,Completed,206.88
6701,335,40,2025-06-19 10:13:40.057024,1,137.68,Returned,137.68
6701,335,19,2025-06-19 10:13:40.057024,1,245.83,Completed,245.83
6702,532,24,2025-03-09 14:36:57.593511,1,173.32,Completed,173.32
6703,153,38,2024-02-18 18:35:43.256599,1,195.59,Completed,195.59
6704,101,49,2025-07-05 06:34:14.870093,2,177.48,Completed,354.96
6705,747,2,2024-04-12 10:06:47.851747,1,72.13,Completed,72.13
6706,56,9,2024-12-17 01:55:50.838907,1,169.69,Returned,169.69
6707,178,32,2024-04-26 23:37:54.490169,3,113.98,Completed,341.94
6708,780,21,2025-12-10 15:06:16.548093,3,237.67,Completed,713.01
6708,780,4,2025-12-10 15:06:16.548093,1,100.31,Completed,100.31
6709,703,27,2025-12-13 19:29:35.566684,1,183.96,Completed,183.96
6710,532,5,2025-12-15 04:37:59.759859,1,18.8,Completed,18.8
6710,532,45,2025-12-15 04:37:59.759859,1,19.93,Completed,19.93
6711,449,52,2024-10-12 14:29:40.203157,1,195.32,Completed,195.32
6712,216,5,2024-04-26 09:26:29.572962,1,18.8,Completed,18.8
6713,740,27,2024-11-01 21:02:33.222861,2,183.96,Completed,367.92
6714,382,57,2025-03-07 17:36:55.501961,1,98.49,Completed,98.49
6714,382,33,2025-03-07 17:36:55.501961,1,35.23,Completed,35.23
6715,243,7,2024-06-30 11:00:15.303007,1,144.55,Completed,144.55
6716,404,35,2024-09-12 19:08:11.288523,1,241.49,Completed,241.49
6717,769,29,2024-06-14 04:51:53.202614,1,141.6,Completed,141.6
6718,788,52,2025-11-23 19:21:27.012488,1,147.17,Completed,147.17
6719,310,35,2024-04-12 12:30:52.907512,1,241.49,Completed,241.49
6719,310,55,2024-04-12 12:30:52.907512,1,229.05,Completed,229.05
6720,84,30,2024-10-20 01:14:17.230225,2,133.76,Completed,267.52
6721,588,30,2025-06-13 23:09:05.036855,1,133.76,Completed,133.76
6721,588,47,2025-06-13 23:09:05.036855,1,89.76,Completed,89.76
6722,356,18,2025-03-03 17:29:19.844135,1,133.07,Completed,133.07
6722,356,49,2025-03-03 17:29:19.844135,1,215.69,Completed,215.69
6723,216,28,2025-05-05 18:59:57.991249,1,29.06,Completed,29.06
6723,216,4,2025-05-05 18:59:57.991249,1,100.31,Completed,100.31
6723,216,30,2025-05-05 18:59:57.991249,3,133.76,Completed,401.28
6724,96,33,2024-05-30 06:09:38.598620,1,27.47,Cancelled,27.47
6725,592,6,2024-04-13 22:59:44.849210,4,71.74,Completed,286.96
6726,748,23,2024-07-20 02:14:22.744263,1,18.33,Cancelled,18.33
6727,768,2,2024-08-27 01:15:52.888352,1,72.13,Completed,72.13
6727,768,10,2024-08-27 01:15:52.888352,1,87.69,Completed,87.69
6727,768,24,2024-08-27 01:15:52.888352,2,173.32,Completed,346.64
6728,670,28,2025-04-09 19:58:32.733980,2,29.06,Completed,58.12
6728,670,25,2025-04-09 19:58:32.733980,1,207.06,Completed,207.06
6729,59,45,2025-01-15 01:16:02.384200,1,19.93,Completed,19.93
6730,202,58,2025-01-17 16:42:05.606787,3,199.54,Completed,598.62
6731,591,22,2025-07-17 07:26:55.291182,1,59.28,Completed,59.28
6732,482,33,2025-03-12 20:46:57.606439,3,31.26,Completed,93.78
6732,482,44,2025-03-12 20:46:57.606439,1,220.71,Completed,220.71
6733,624,37,2024-06-18 11:48:51.007359,1,198.15,Completed,198.15
6733,624,25,2024-06-18 11:48:51.007359,1,157.3,Returned,157.3
6734,155,46,2024-11-15 22:31:30.744157,2,73.0,Completed,146.0
6734,155,6,2024-11-15 22:31:30.744157,1,56.06,Completed,56.06
6735,704,18,2025-08-23 05:39:04.519641,1,133.07,Completed,133.07
6735,704,26,2025-08-23 05:39:04.519641,4,152.0,Completed,608.0
6736,420,44,2025-01-30 02:51:57.959614,2,220.71,Completed,441.42
6736,420,7,2025-01-30 02:51:57.959614,4,144.55,Completed,578.2
6737,55,51,2025-03-21 07:49:31.577110,1,72.99,Completed,72.99
6738,690,40,2024-04-22 04:24:50.971795,2,113.12,Completed,226.24
6739,413,40,2025-10-04 13:34:29.785165,1,136.57,Completed,136.57
6740,43,49,2025-07-04 14:27:52.243597,2,192.9,Completed,385.8
6741,458,2,2025-06-09 14:31:10.064796,1,59.04,Cancelled,59.04
6742,761,35,2025-09-30 22:07:32.044896,2,241.49,Completed,482.98
6743,779,33,2025-11-24 03:01:41.433341,1,35.23,Completed,35.23
6744,255,25,2024-01-30 21:49:22.783847,1,207.06,Completed,207.06
6745,638,17,2025-09-03 17:21:53.461778,1,16.4,Completed,16.4
6745,638,23,2025-09-03 17:21:53.461778,3,18.33,Completed,54.989999999999995
6746,301,10,2024-07-05 11:31:32.068244,1,108.18,Completed,108.18
6747,442,27,2025-04-02 15:15:31.905346,2,183.96,Completed,367.92
6747,442,14,2025-04-02 15:15:31.905346,4,234.6,Completed,938.4
6748,14,59,2024-11-06 21:57:11.728743,1,179.72,Completed,179.72
6748,14,56,2024-11-06 21:57:11.728743,1,125.24,Completed,125.24
6749,682,37,2024-05-02 23:20:57.437390,1,198.15,Completed,198.15
6750,796,37,2025-06-02 03:00:25.044160,1,198.15,Completed,198.15
6750,796,28,2025-06-02 03:00:25.044160,1,26.36,Completed,26.36
6750,796,60,2025-06-02 03:00:25.044160,1,196.88,Completed,196.88
6751,93,8,2025-09-23 19:40:03.315466,1,176.55,Completed,176.55
6752,572,15,2024-12-21 17:34:04.952422,1,65.03,Completed,65.03
6753,641,19,2024-07-31 12:11:36.042240,2,245.83,Returned,491.66
6754,346,13,2025-01-16 16:08:40.869043,1,241.68,Completed,241.68
6755,591,44,2024-03-05 15:47:53.518915,4,220.71,Completed,882.84
6756,138,43,2025-06-18 04:25:22.999319,1,105.22,Completed,105.22
6757,294,40,2025-12-01 14:32:50.401793,3,146.43,Completed,439.29
6758,18,7,2025-09-23 12:17:25.413061,2,144.55,Returned,289.1
6759,606,22,2024-06-25 03:26:46.544903,1,59.28,Completed,59.28
6760,376,29,2025-09-12 11:23:38.553862,2,141.6,Completed,283.2
6761,359,14,2024-12-27 00:11:49.791554,1,234.6,Completed,234.6
6762,68,33,2025-05-27 04:00:55.049123,2,35.23,Completed,70.46
6762,68,54,2025-05-27 04:00:55.049123,2,29.61,Completed,59.22
6763,2,50,2024-11-11 17:00:09.113388,1,243.34,Completed,243.34
6764,220,20,2024-02-11 08:33:07.796978,1,237.72,Completed,237.72
6765,583,28,2024-03-17 18:55:49.815713,1,29.06,Completed,29.06
6765,583,8,2024-03-17 18:55:49.815713,3,156.94,Cancelled,470.82
6766,509,6,2025-07-16 01:26:48.020706,1,71.74,Completed,71.74
6767,795,30,2025-09-06 21:32:02.393634,1,126.24,Returned,126.24
6768,122,57,2025-06-18 16:23:41.835168,2,77.63,Completed,155.26
6769,368,58,2025-10-22 10:53:36.179143,1,199.54,Returned,199.54
6770,553,49,2025-04-12 09:27:00.813875,1,215.69,Completed,215.69
6771,315,35,2024-08-28 01:05:45.046454,1,241.49,Completed,241.49
6772,134,55,2025-05-01 21:27:46.984639,1,229.05,Completed,229.05
6773,28,9,2024-07-02 09:53:01.176487,1,169.69,Completed,169.69
6773,28,49,2024-07-02 09:53:01.176487,1,193.8,Completed,193.8
6774,160,25,2024-09-17 08:42:20.917534,1,196.3,Completed,196.3
6775,56,38,2024-01-10 10:27:55.602896,1,220.99,Completed,220.99
6775,56,28,2024-01-10 10:27:55.602896,1,29.06,Completed,29.06
6776,166,11,2025-06-04 13:26:06.870787,1,63.06,Completed,63.06
6777,571,51,2024-12-20 10:48:51.316626,1,80.72,Completed,80.72
6778,62,7,2025-03-03 14:56:15.927400,2,144.55,Completed,289.1
6779,635,50,2024-06-10 14:43:12.500169,4,217.49,Completed,869.96
6780,88,9,2024-11-12 15:35:54.312457,3,169.69,Completed,509.07
6781,605,18,2024-07-13 00:00:46.634320,2,105.88,Completed,211.76
6782,130,33,2025-12-29 00:44:25.677642,1,35.23,Completed,35.23
6783,544,56,2025-08-26 04:05:22.773960,3,125.24,Completed,375.71999999999997
6784,110,34,2024-12-22 03:20:29.875632,1,145.12,Completed,145.12
6785,268,34,2025-03-18 20:20:37.235627,1,145.12,Completed,145.12
6785,268,54,2025-03-18 20:20:37.235627,1,29.61,Completed,29.61
6786,701,34,2025-02-16 21:39:49.839446,3,145.12,Completed,435.36
6786,701,41,2025-02-16 21:39:49.839446,1,44.22,Completed,44.22
6787,293,48,2025-03-18 20:07:10.698081,1,63.41,Completed,63.41
6788,18,1,2025-09-27 09:17:36.430353,1,121.97,Completed,121.97
6789,416,24,2025-05-02 07:35:57.233734,3,173.32,Completed,519.96
6790,578,18,2024-01-31 17:36:48.856124,2,133.07,Completed,266.14
6791,656,4,2024-03-19 16:36:55.224592,1,100.31,Returned,100.31
6792,434,55,2025-09-03 21:21:46.688115,1,229.05,Returned,229.05
6793,316,14,2025-04-14 03:42:52.698802,1,234.6,Completed,234.6
6794,380,23,2024-03-12 23:03:51.440010,2,18.33,Completed,36.66
6794,380,19,2024-03-12 23:03:51.440010,1,245.83,Returned,245.83
6795,357,10,2024-03-10 06:53:08.403068,2,108.18,Completed,216.36
6796,436,5,2025-12-06 17:06:09.454170,1,18.8,Returned,18.8
6796,436,7,2025-12-06 17:06:09.454170,4,144.55,Completed,578.2
6797,258,8,2024-06-23 04:31:22.138238,1,176.55,Completed,176.55
6798,109,26,2025-02-27 11:44:18.482197,3,138.63,Completed,415.89
6799,473,7,2025-06-01 19:01:43.449003,1,144.55,Completed,144.55
6799,473,54,2025-06-01 19:01:43.449003,1,25.49,Completed,25.49
6800,788,49,2025-03-16 18:40:37.910372,1,195.57,Completed,195.57
6800,788,15,2025-03-16 18:40:37.910372,2,51.47,Completed,102.94
6801,755,22,2025-08-18 03:46:03.425081,2,59.28,Completed,118.56
6802,568,49,2025-06-08 08:25:23.862942,1,215.69,Returned,215.69
6802,568,27,2025-06-08 08:25:23.862942,1,183.96,Completed,183.96
6803,283,17,2024-01-30 02:26:00.402474,1,16.4,Completed,16.4
6804,93,35,2025-04-17 08:59:24.228777,1,241.49,Completed,241.49
6805,434,30,2024-11-17 09:05:37.897909,3,133.76,Completed,401.28
6806,558,25,2024-12-02 08:13:00.579391,1,159.33,Completed,159.33
6807,745,41,2025-09-22 06:57:55.402348,1,49.67,Completed,49.67
6808,459,32,2024-01-28 05:04:46.867840,1,130.45,Completed,130.45
6808,459,26,2024-01-28 05:04:46.867840,1,152.0,Completed,152.0
6809,111,13,2024-10-18 01:05:48.534999,1,241.68,Completed,241.68
6810,722,54,2025-08-10 19:27:53.287206,3,22.71,Completed,68.13
6810,722,47,2025-08-10 19:27:53.287206,1,89.76,Completed,89.76
6811,419,7,2025-06-27 09:38:55.456684,2,144.55,Completed,289.1
6812,253,30,2024-11-11 05:05:22.645124,1,119.38,Completed,119.38
6812,253,43,2024-11-11 05:05:22.645124,1,105.22,Cancelled,105.22
6813,49,45,2025-10-24 21:35:04.270682,1,19.93,Completed,19.93
6814,295,16,2024-06-06 17:00:45.561414,1,103.54,Completed,103.54
6815,544,31,2024-05-11 22:31:27.540624,1,10.99,Cancelled,10.99
6815,544,30,2024-05-11 22:31:27.540624,1,133.76,Completed,133.76
6816,205,2,2025-04-05 06:43:57.837903,1,72.13,Completed,72.13
6816,205,4,2025-04-05 06:43:57.837903,1,100.31,Completed,100.31
6817,721,23,2024-08-28 03:25:06.705890,2,18.33,Completed,36.66
6817,721,29,2024-08-28 03:25:06.705890,2,118.52,Completed,237.04
6817,721,59,2024-08-28 03:25:06.705890,2,179.72,Completed,359.44
6818,541,21,2024-08-01 08:41:25.091600,1,237.67,Completed,237.67
6818,541,12,2024-08-01 08:41:25.091600,1,101.68,Completed,101.68
6819,721,21,2024-10-27 20:45:40.970024,1,237.67,Completed,237.67
6820,260,8,2024-01-21 17:07:21.541951,1,176.55,Completed,176.55
6820,260,5,2024-01-21 17:07:21.541951,1,18.8,Completed,18.8
6821,575,9,2024-11-29 08:02:16.775548,1,134.02,Completed,134.02
6822,688,1,2025-10-12 09:21:00.756511,1,121.97,Completed,121.97
6822,688,59,2025-10-12 09:21:00.756511,1,179.72,Completed,179.72
6823,622,9,2024-09-18 18:28:41.156407,4,169.69,Completed,678.76
6824,451,4,2025-05-13 14:21:53.835555,1,100.31,Completed,100.31
6825,448,34,2024-09-14 05:40:13.607055,1,145.12,Completed,145.12
6826,448,54,2025-12-05 21:06:43.791044,1,29.61,Completed,29.61
6827,81,56,2024-07-20 22:36:03.538618,1,125.24,Completed,125.24
6828,66,27,2025-07-26 02:35:44.637397,3,183.96,Completed,551.88
6829,142,21,2024-08-24 21:27:26.291285,1,237.67,Completed,237.67
6830,487,10,2025-05-25 08:18:34.496949,1,82.38,Completed,82.38
6831,273,12,2025-04-08 09:49:27.782811,1,101.68,Cancelled,101.68
6831,273,31,2025-04-08 09:49:27.782811,1,10.99,Completed,10.99
6832,319,44,2025-07-15 02:04:01.759745,1,220.71,Completed,220.71
6833,642,11,2024-04-27 05:34:25.595028,1,63.06,Completed,63.06
6834,774,4,2025-02-11 16:31:49.600655,1,77.57,Completed,77.57
6834,774,3,2025-02-11 16:31:49.600655,4,101.78,Completed,407.12
6835,498,20,2025-09-22 08:13:13.723699,4,237.72,Completed,950.88
6836,128,35,2025-04-18 05:59:12.067191,2,241.49,Completed,482.98
6837,39,41,2025-06-24 17:08:51.278420,1,43.76,Completed,43.76
6837,39,40,2025-06-24 17:08:51.278420,1,146.43,Completed,146.43
6838,557,26,2025-07-03 22:09:05.699780,1,152.0,Completed,152.0
6838,557,39,2025-07-03 22:09:05.699780,1,71.92,Completed,71.92
6839,733,54,2025-07-24 02:33:47.894614,3,29.61,Completed,88.83
6839,733,20,2025-07-24 02:33:47.894614,1,237.72,Returned,237.72
6840,725,38,2024-05-05 14:27:23.116079,1,220.99,Completed,220.99
6841,277,41,2024-12-30 21:08:01.832898,1,49.67,Completed,49.67
6842,323,52,2024-03-05 20:59:34.263441,2,195.32,Completed,390.64
6843,725,47,2024-09-13 19:37:06.077254,1,81.4,Completed,81.4
6843,725,9,2024-09-13 19:37:06.077254,1,147.99,Completed,147.99
6844,514,25,2025-01-27 21:52:23.309990,1,179.71,Completed,179.71
6845,663,42,2025-08-10 18:19:38.945737,1,157.62,Completed,157.62
6845,663,27,2025-08-10 18:19:38.945737,1,183.96,Completed,183.96
6846,405,56,2025-12-06 02:37:53.536144,1,125.24,Completed,125.24
6846,405,35,2025-12-06 02:37:53.536144,1,241.49,Completed,241.49
6847,505,17,2024-08-19 01:40:41.618045,1,16.4,Completed,16.4
6848,664,17,2024-08-11 06:13:55.579743,3,13.82,Completed,41.46
6848,664,5,2024-08-11 06:13:55.579743,2,18.8,Completed,37.6
6849,124,19,2025-10-29 08:16:53.095032,3,245.83,Completed,737.49
6850,392,54,2024-03-07 00:22:37.677641,1,29.61,Completed,29.61
6850,392,20,2024-03-07 00:22:37.677641,2,237.72,Completed,475.44
6851,105,19,2024-10-23 10:15:48.405784,1,245.83,Completed,245.83
6852,392,2,2025-03-29 21:55:52.319423,1,72.13,Completed,72.13
6852,392,54,2025-03-29 21:55:52.319423,1,25.08,Completed,25.08
6853,51,37,2025-04-11 19:36:07.469450,1,198.15,Completed,198.15
6853,51,38,2025-04-11 19:36:07.469450,1,220.99,Completed,220.99
6853,51,60,2025-04-11 19:36:07.469450,1,196.88,Completed,196.88
6854,179,22,2025-07-06 07:00:34.784626,3,59.28,Completed,177.84
6854,179,28,2025-07-06 07:00:34.784626,3,29.06,Completed,87.17999999999999
6855,216,29,2024-05-27 13:39:09.137374,1,141.6,Completed,141.6
6856,528,23,2025-09-16 20:41:58.161506,1,18.33,Completed,18.33
6856,528,16,2025-09-16 20:41:58.161506,4,103.54,Completed,414.16
6857,597,41,2024-12-20 08:55:11.374526,1,49.67,Completed,49.67
6858,117,44,2024-09-03 00:15:42.697960,1,220.71,Completed,220.71
6859,457,31,2024-11-15 13:42:52.630640,1,10.99,Completed,10.99
6859,457,56,2024-11-15 13:42:52.630640,3,114.53,Returned,343.59000000000003
6860,271,18,2024-09-20 20:50:08.028949,2,133.07,Completed,266.14
6861,442,24,2024-04-26 05:29:18.101510,1,173.32,Completed,173.32
6862,677,55,2024-05-03 00:52:36.216469,2,181.61,Returned,363.22
6863,53,44,2024-01-12 15:02:48.588669,3,220.71,Cancelled,662.13
6863,53,53,2024-01-12 15:02:48.588669,1,184.37,Completed,184.37
6863,53,58,2024-01-12 15:02:48.588669,1,199.54,Completed,199.54
6864,176,59,2024-05-18 13:06:59.365363,1,149.55,Completed,149.55
6864,176,13,2024-05-18 13:06:59.365363,1,241.68,Completed,241.68
6865,677,25,2024-08-14 16:26:35.826460,1,207.06,Completed,207.06
6866,29,17,2025-01-04 11:12:35.153739,4,16.4,Completed,65.6
6866,29,32,2025-01-04 11:12:35.153739,1,150.19,Completed,150.19
6867,266,18,2025-04-13 21:13:53.787087,1,124.58,Completed,124.58
6868,559,11,2024-08-04 05:29:19.351729,2,63.06,Completed,126.12
6869,86,39,2025-02-12 17:49:13.786921,2,71.92,Returned,143.84
6870,701,28,2024-05-09 20:56:59.882059,1,29.06,Completed,29.06
6871,630,53,2025-03-27 11:36:41.615834,1,184.37,Completed,184.37
6871,630,34,2025-03-27 11:36:41.615834,3,145.12,Completed,435.36
6872,799,32,2024-02-25 10:23:14.417162,1,150.19,Completed,150.19
6873,151,7,2024-03-09 03:43:53.594146,1,144.55,Completed,144.55
6873,151,1,2024-03-09 03:43:53.594146,1,102.32,Completed,102.32
6874,23,49,2025-06-03 12:22:50.688533,1,215.69,Completed,215.69
6875,551,55,2025-10-29 17:29:48.323268,1,229.05,Completed,229.05
6876,602,37,2025-04-29 03:05:31.133113,2,198.15,Completed,396.3
6877,678,31,2025-09-14 02:41:54.066005,1,10.99,Completed,10.99
6878,73,2,2024-04-16 09:48:38.084577,1,72.13,Completed,72.13
6879,409,28,2024-09-05 07:40:20.662070,1,29.06,Completed,29.06
6880,312,46,2024-09-15 06:34:11.621868,1,73.0,Completed,73.0
6881,165,55,2024-04-07 02:43:32.222147,1,229.05,Completed,229.05
6882,463,26,2024-10-08 05:24:27.415725,1,152.0,Completed,152.0
6882,463,8,2024-10-08 05:24:27.415725,1,176.55,Completed,176.55
6883,535,50,2025-09-08 20:33:58.586098,2,243.34,Completed,486.68
6884,239,13,2025-06-21 11:40:00.675756,1,241.68,Completed,241.68
6885,451,35,2025-10-01 19:39:26.136114,1,241.49,Completed,241.49
6885,451,14,2025-10-01 19:39:26.136114,1,234.6,Completed,234.6
6886,12,54,2025-08-05 21:29:46.780286,1,29.61,Completed,29.61
6886,12,28,2025-08-05 21:29:46.780286,1,21.94,Completed,21.94
6887,554,6,2025-03-23 19:07:08.054066,2,60.61,Returned,121.22
6887,554,5,2025-03-23 19:07:08.054066,1,18.8,Completed,18.8
6888,96,41,2025-12-09 15:27:25.893154,1,49.67,Completed,49.67
6889,185,33,2024-08-24 09:36:42.911304,1,35.23,Completed,35.23
6889,185,20,2024-08-24 09:36:42.911304,1,237.72,Completed,237.72
6890,88,60,2024-06-13 02:55:53.351602,1,196.88,Completed,196.88
6891,413,36,2025-08-26 01:52:05.780144,1,29.52,Completed,29.52
6892,87,44,2024-06-28 12:13:51.412287,1,220.71,Completed,220.71
6893,524,29,2024-04-23 03:48:25.216857,1,141.6,Completed,141.6
6894,691,53,2025-12-25 15:42:21.458186,1,184.37,Completed,184.37
6895,277,8,2024-01-20 05:48:46.785051,1,176.55,Completed,176.55
6896,615,9,2024-06-12 20:41:23.696111,1,169.69,Completed,169.69
6897,574,4,2025-05-22 09:47:09.183629,1,100.31,Completed,100.31
6898,155,33,2024-06-08 20:26:41.188943,2,35.23,Completed,70.46
6899,771,26,2025-09-30 20:22:54.791459,1,152.0,Completed,152.0
6900,687,57,2024-11-17 11:02:07.436877,1,98.49,Completed,98.49
6901,489,41,2025-08-15 09:55:25.242012,1,49.67,Completed,49.67
6902,52,50,2024-04-16 02:59:59.050540,2,243.34,Completed,486.68
6903,603,59,2024-08-04 15:48:56.600374,1,179.72,Completed,179.72
6904,731,60,2025-12-05 03:37:30.916563,1,183.28,Completed,183.28
6905,91,3,2025-09-17 23:56:56.896698,3,101.78,Completed,305.34000000000003
6906,434,36,2024-12-18 18:56:52.876883,1,28.04,Completed,28.04
6907,507,57,2024-11-16 10:24:07.684295,1,98.49,Completed,98.49
6908,658,21,2025-02-10 02:46:03.117568,1,237.67,Completed,237.67
6909,500,32,2025-12-29 19:29:16.391596,1,150.19,Returned,150.19
6909,500,9,2025-12-29 19:29:16.391596,1,169.69,Completed,169.69
6910,708,19,2024-05-20 08:01:45.068562,1,245.83,Completed,245.83
6910,708,27,2024-05-20 08:01:45.068562,3,183.96,Completed,551.88
6910,708,54,2024-05-20 08:01:45.068562,1,29.61,Completed,29.61
6911,363,9,2024-05-15 19:44:12.907043,1,158.86,Cancelled,158.86
6912,595,23,2025-01-13 13:22:14.620463,1,18.33,Completed,18.33
6913,675,7,2024-10-18 17:17:12.999735,1,144.55,Completed,144.55
6914,408,51,2025-02-24 02:00:15.345249,1,80.72,Completed,80.72
6915,656,20,2025-10-20 17:02:38.261124,4,207.04,Completed,828.16
6915,656,53,2025-10-20 17:02:38.261124,1,184.37,Completed,184.37
6916,656,18,2024-10-09 14:03:30.502655,1,133.07,Completed,133.07
6917,625,18,2024-07-09 21:20:41.082095,1,133.07,Completed,133.07
6918,560,34,2025-08-04 15:53:21.044025,3,145.12,Returned,435.36
6919,272,15,2024-09-22 16:44:07.862471,1,65.03,Completed,65.03
6920,440,4,2025-08-08 06:13:39.539564,3,84.32,Completed,252.95999999999998
6921,320,52,2024-11-10 20:38:00.891495,4,195.32,Completed,781.28
6922,455,49,2024-09-23 02:17:40.370589,3,185.96,Completed,557.88
6923,105,57,2025-11-06 14:51:43.796023,2,98.49,Completed,196.98
6924,164,41,2024-06-20 08:02:44.732510,1,49.67,Completed,49.67
6925,365,23,2025-01-29 11:16:00.567711,3,18.33,Completed,54.989999999999995
6925,365,1,2025-01-29 11:16:00.567711,2,121.97,Returned,243.94
6926,646,15,2024-02-26 05:44:55.166063,1,65.03,Returned,65.03
6927,556,23,2025-05-21 00:50:51.229593,1,18.33,Completed,18.33
6928,1,38,2024-08-22 19:31:40.455225,1,220.99,Completed,220.99
6929,588,4,2025-08-27 00:53:13.389537,1,100.31,Completed,100.31
6929,588,36,2025-08-27 00:53:13.389537,4,33.56,Completed,134.24
6929,588,34,2025-08-27 00:53:13.389537,1,145.12,Returned,145.12
6930,410,17,2025-05-27 18:39:28.797119,2,16.4,Completed,32.8
6931,514,13,2025-08-03 18:09:36.039968,2,241.68,Completed,483.36
6932,43,30,2025-02-26 15:21:08.468999,3,133.76,Completed,401.28
6933,141,20,2024-03-11 12:48:25.503219,4,237.72,Completed,950.88
6934,405,27,2025-10-31 18:14:24.114069,1,183.96,Completed,183.96
6935,771,6,2025-12-20 10:02:02.241209,1,71.74,Completed,71.74
6936,617,3,2025-06-01 02:21:38.307581,4,101.78,Completed,407.12
6937,436,33,2025-01-25 19:30:20.493049,1,32.29,Returned,32.29
6937,436,58,2025-01-25 19:30:20.493049,1,152.6,Returned,152.6
6938,116,11,2024-03-17 12:13:46.290297,1,63.06,Completed,63.06
6939,775,9,2025-08-26 04:39:59.784628,1,169.69,Returned,169.69
6940,255,12,2024-06-15 07:29:02.140038,1,101.68,Completed,101.68
6941,774,25,2024-09-11 06:57:56.393824,1,207.06,Completed,207.06
6942,656,22,2025-05-27 13:34:17.023961,1,59.28,Completed,59.28
6942,656,41,2025-05-27 13:34:17.023961,1,49.67,Completed,49.67
6943,210,20,2025-12-13 20:09:27.288370,1,237.72,Completed,237.72
6943,210,9,2025-12-13 20:09:27.288370,2,134.51,Completed,269.02
6944,737,42,2025-08-22 09:16:42.158543,1,157.62,Completed,157.62
6944,737,47,2025-08-22 09:16:42.158543,1,70.67,Completed,70.67
6944,737,27,2025-08-22 09:16:42.158543,1,183.96,Completed,183.96
6945,261,29,2024-06-12 11:50:44.828863,1,141.6,Completed,141.6
6946,524,54,2024-07-15 11:13:04.200159,1,24.18,Completed,24.18
6947,718,41,2025-09-02 17:28:00.971398,1,38.9,Completed,38.9
6948,286,50,2024-12-01 23:23:06.079184,1,243.34,Completed,243.34
6949,508,3,2024-11-15 15:29:56.760905,1,78.87,Completed,78.87
6949,508,56,2024-11-15 15:29:56.760905,1,101.89,Completed,101.89
6950,33,31,2025-03-07 11:25:21.058254,1,10.99,Completed,10.99
6951,714,33,2024-02-17 04:48:14.383642,1,35.23,Cancelled,35.23
6952,29,11,2025-12-27 22:12:58.443411,1,63.06,Returned,63.06
6953,427,9,2024-01-17 03:27:28.795576,1,169.69,Completed,169.69
6954,65,56,2024-11-23 09:09:50.856786,1,125.24,Completed,125.24
6955,759,59,2025-04-19 16:51:46.915146,1,179.72,Completed,179.72
6955,759,16,2025-04-19 16:51:46.915146,1,103.54,Completed,103.54
6956,766,27,2025-10-15 23:08:43.344308,1,156.95,Completed,156.95
6957,717,3,2024-12-13 22:29:43.287047,1,101.78,Completed,101.78
6958,552,19,2025-05-30 14:32:02.141760,1,245.83,Completed,245.83
6959,560,20,2024-02-16 13:22:12.438096,1,237.72,Returned,237.72
6960,560,20,2024-09-15 17:18:10.886433,1,237.72,Completed,237.72
6961,747,55,2025-11-27 22:56:38.540852,1,190.14,Completed,190.14
6962,565,6,2024-07-20 13:06:12.467800,1,57.7,Completed,57.7
6963,454,29,2024-07-02 23:15:05.506189,1,141.6,Completed,141.6
6963,454,7,2024-07-02 23:15:05.506189,1,144.55,Completed,144.55
6964,232,41,2025-10-16 11:11:13.451571,1,49.67,Completed,49.67
6965,638,50,2024-01-21 03:08:54.865696,3,243.34,Completed,730.02
6966,404,20,2025-03-12 08:22:43.650700,1,237.72,Completed,237.72
6967,272,36,2024-11-10 12:08:31.616185,1,33.56,Completed,33.56
6967,272,11,2024-11-10 12:08:31.616185,3,63.06,Completed,189.18
6968,552,43,2025-07-11 23:40:41.629590,4,105.22,Completed,420.88
6969,255,40,2024-04-07 08:24:39.279855,1,146.43,Completed,146.43
6970,596,22,2024-10-16 06:13:48.823892,1,59.28,Completed,59.28
6971,634,17,2025-04-28 02:45:01.790455,1,16.4,Completed,16.4
6972,320,36,2024-08-14 04:08:19.768729,2,33.56,Completed,67.12
6973,391,4,2025-05-23 23:02:55.143425,1,100.31,Completed,100.31
6974,706,42,2024-08-10 09:39:42.868452,4,157.62,Completed,630.48
6975,93,33,2024-06-18 18:31:38.635766,1,35.23,Completed,35.23
6976,603,17,2025-08-05 20:15:15.736278,1,16.4,Completed,16.4
6976,603,7,2025-08-05 20:15:15.736278,1,144.55,Completed,144.55
6977,676,47,2025-01-05 19:22:13.493112,1,69.55,Cancelled,69.55
6978,139,46,2024-10-24 05:07:40.191508,1,73.0,Completed,73.0
6979,696,19,2025-07-13 09:34:49.376825,1,245.83,Completed,245.83
6979,696,3,2025-07-13 09:34:49.376825,2,101.78,Completed,203.56
6980,800,55,2025-12-16 12:43:41.818563,1,229.05,Completed,229.05
6980,800,57,2025-12-16 12:43:41.818563,1,98.49,Completed,98.49
6981,714,16,2025-03-04 10:00:19.847631,2,103.54,Completed,207.08
6982,712,41,2025-09-21 19:06:03.386715,1,38.38,Returned,38.38
6983,486,57,2025-12-09 17:58:00.880955,1,87.32,Completed,87.32
6984,64,44,2024-02-08 16:03:01.950659,1,220.71,Completed,220.71
6985,611,43,2025-07-04 18:14:59.751689,2,105.22,Returned,210.44
6986,790,44,2025-03-04 20:04:59.692892,1,220.71,Completed,220.71
6987,405,15,2025-07-19 11:21:30.682069,2,65.03,Completed,130.06
6988,322,37,2024-02-21 20:09:16.886744,1,198.15,Completed,198.15
6989,727,16,2024-02-16 10:46:31.706701,1,103.54,Cancelled,103.54
6990,103,24,2024-10-29 00:13:28.040471,3,173.32,Completed,519.96
6991,267,40,2024-04-27 16:21:01.745517,3,146.43,Completed,439.29
6992,614,51,2024-05-22 01:43:27.332655,1,68.38,Completed,68.38
6992,614,6,2024-05-22 01:43:27.332655,3,62.33,Completed,186.99
6993,667,6,2025-12-16 05:46:47.308819,1,71.74,Completed,71.74
6993,667,29,2025-12-16 05:46:47.308819,1,141.6,Completed,141.6
6994,306,14,2025-07-18 19:49:23.631066,1,234.6,Completed,234.6
6995,595,31,2025-12-23 09:37:12.100172,1,10.99,Completed,10.99
6995,595,29,2025-12-23 09:37:12.100172,1,132.27,Completed,132.27
6995,595,12,2025-12-23 09:37:12.100172,1,101.68,Completed,101.68
6996,699,24,2025-09-02 02:09:16.241851,1,173.32,Completed,173.32
6997,759,6,2024-01-22 12:37:19.075084,1,71.74,Completed,71.74
6998,629,36,2025-11-09 01:02:04.781941,1,33.56,Cancelled,33.56
6999,510,34,2025-06-15 22:14:52.500910,1,145.12,Completed,145.12
6999,510,44,2025-06-15 22:14:52.500910,1,220.71,Completed,220.71
6999,510,47,2025-06-15 22:14:52.500910,1,89.76,Cancelled,89.76
